policy,seed,population,original_band,question_id,greedy_correct,c,n
SFT,,HISTORICAL_FINAL256_OBSERVED,add_sub_solvable,PZ1-FINAL-0001,0,6,32
SFT,,HISTORICAL_FINAL256_OBSERVED,requires_mul_or_div,PZ1-FINAL-0002,0,0,32
SFT,,HISTORICAL_FINAL256_OBSERVED,add_sub_solvable,PZ1-FINAL-0003,1,13,32
SFT,,HISTORICAL_FINAL256_OBSERVED,requires_mul_or_div,PZ1-FINAL-0004,0,5,32
SFT,,HISTORICAL_FINAL256_OBSERVED,add_sub_solvable,PZ1-FINAL-0005,1,20,32
SFT,,HISTORICAL_FINAL256_OBSERVED,requires_mul_or_div,PZ1-FINAL-0006,0,0,32
SFT,,HISTORICAL_FINAL256_OBSERVED,add_sub_solvable,PZ1-FINAL-0007,0,3,32
SFT,,HISTORICAL_FINAL256_OBSERVED,requires_mul_or_div,PZ1-FINAL-0008,0,2,32
SFT,,HISTORICAL_FINAL256_OBSERVED,add_sub_solvable,PZ1-FINAL-0009,1,6,32
SFT,,HISTORICAL_FINAL256_OBSERVED,requires_mul_or_div,PZ1-FINAL-0010,0,1,32
SFT,,HISTORICAL_FINAL256_OBSERVED,add_sub_solvable,PZ1-FINAL-0011,1,17,32
SFT,,HISTORICAL_FINAL256_OBSERVED,requires_mul_or_div,PZ1-FINAL-0012,0,0,32
SFT,,HISTORICAL_FINAL256_OBSERVED,add_sub_solvable,PZ1-FINAL-0013,0,4,32
SFT,,HISTORICAL_FINAL256_OBSERVED,requires_mul_or_div,PZ1-FINAL-0014,0,7,32
SFT,,HISTORICAL_FINAL256_OBSERVED,add_sub_solvable,PZ1-FINAL-0015,0,15,32
SFT,,HISTORICAL_FINAL256_OBSERVED,requires_mul_or_div,PZ1-FINAL-0016,0,3,32
SFT,,HISTORICAL_FINAL256_OBSERVED,add_sub_solvable,PZ1-FINAL-0017,1,15,32
SFT,,HISTORICAL_FINAL256_OBSERVED,requires_mul_or_div,PZ1-FINAL-0018,0,4,32
SFT,,HISTORICAL_FINAL256_OBSERVED,add_sub_solvable,PZ1-FINAL-0019,0,6,32
SFT,,HISTORICAL_FINAL256_OBSERVED,requires_mul_or_div,PZ1-FINAL-0020,0,4,32
SFT,,HISTORICAL_FINAL256_OBSERVED,add_sub_solvable,PZ1-FINAL-0021,1,5,32
SFT,,HISTORICAL_FINAL256_OBSERVED,requires_mul_or_div,PZ1-FINAL-0022,1,3,32
SFT,,HISTORICAL_FINAL256_OBSERVED,add_sub_solvable,PZ1-FINAL-0023,0,4,32
SFT,,HISTORICAL_FINAL256_OBSERVED,requires_mul_or_div,PZ1-FINAL-0024,0,8,32
SFT,,HISTORICAL_FINAL256_OBSERVED,add_sub_solvable,PZ1-FINAL-0025,1,15,32
SFT,,HISTORICAL_FINAL256_OBSERVED,requires_mul_or_div,PZ1-FINAL-0026,0,13,32
SFT,,HISTORICAL_FINAL256_OBSERVED,add_sub_solvable,PZ1-FINAL-0027,1,13,32
SFT,,HISTORICAL_FINAL256_OBSERVED,requires_mul_or_div,PZ1-FINAL-0028,0,4,32
SFT,,HISTORICAL_FINAL256_OBSERVED,add_sub_solvable,PZ1-FINAL-0029,1,13,32
SFT,,HISTORICAL_FINAL256_OBSERVED,requires_mul_or_div,PZ1-FINAL-0030,0,0,32
SFT,,HISTORICAL_FINAL256_OBSERVED,add_sub_solvable,PZ1-FINAL-0031,1,11,32
SFT,,HISTORICAL_FINAL256_OBSERVED,requires_mul_or_div,PZ1-FINAL-0032,0,6,32
SFT,,HISTORICAL_FINAL256_OBSERVED,add_sub_solvable,PZ1-FINAL-0033,1,25,32
SFT,,HISTORICAL_FINAL256_OBSERVED,requires_mul_or_div,PZ1-FINAL-0034,0,0,32
SFT,,HISTORICAL_FINAL256_OBSERVED,add_sub_solvable,PZ1-FINAL-0035,1,8,32
SFT,,HISTORICAL_FINAL256_OBSERVED,requires_mul_or_div,PZ1-FINAL-0036,0,1,32
SFT,,HISTORICAL_FINAL256_OBSERVED,add_sub_solvable,PZ1-FINAL-0037,0,11,32
SFT,,HISTORICAL_FINAL256_OBSERVED,requires_mul_or_div,PZ1-FINAL-0038,1,8,32
SFT,,HISTORICAL_FINAL256_OBSERVED,add_sub_solvable,PZ1-FINAL-0039,1,9,32
SFT,,HISTORICAL_FINAL256_OBSERVED,requires_mul_or_div,PZ1-FINAL-0040,0,1,32
SFT,,HISTORICAL_FINAL256_OBSERVED,add_sub_solvable,PZ1-FINAL-0041,0,3,32
SFT,,HISTORICAL_FINAL256_OBSERVED,requires_mul_or_div,PZ1-FINAL-0042,0,1,32
SFT,,HISTORICAL_FINAL256_OBSERVED,add_sub_solvable,PZ1-FINAL-0043,1,13,32
SFT,,HISTORICAL_FINAL256_OBSERVED,requires_mul_or_div,PZ1-FINAL-0044,0,2,32
SFT,,HISTORICAL_FINAL256_OBSERVED,add_sub_solvable,PZ1-FINAL-0045,1,14,32
SFT,,HISTORICAL_FINAL256_OBSERVED,requires_mul_or_div,PZ1-FINAL-0046,0,10,32
SFT,,HISTORICAL_FINAL256_OBSERVED,add_sub_solvable,PZ1-FINAL-0047,0,9,32
SFT,,HISTORICAL_FINAL256_OBSERVED,requires_mul_or_div,PZ1-FINAL-0048,0,0,32
SFT,,HISTORICAL_FINAL256_OBSERVED,add_sub_solvable,PZ1-FINAL-0049,1,8,32
SFT,,HISTORICAL_FINAL256_OBSERVED,requires_mul_or_div,PZ1-FINAL-0050,1,15,32
SFT,,HISTORICAL_FINAL256_OBSERVED,add_sub_solvable,PZ1-FINAL-0051,0,10,32
SFT,,HISTORICAL_FINAL256_OBSERVED,requires_mul_or_div,PZ1-FINAL-0052,1,12,32
SFT,,HISTORICAL_FINAL256_OBSERVED,add_sub_solvable,PZ1-FINAL-0053,1,23,32
SFT,,HISTORICAL_FINAL256_OBSERVED,requires_mul_or_div,PZ1-FINAL-0054,0,0,32
SFT,,HISTORICAL_FINAL256_OBSERVED,add_sub_solvable,PZ1-FINAL-0055,1,15,32
SFT,,HISTORICAL_FINAL256_OBSERVED,requires_mul_or_div,PZ1-FINAL-0056,0,8,32
SFT,,HISTORICAL_FINAL256_OBSERVED,add_sub_solvable,PZ1-FINAL-0057,0,2,32
SFT,,HISTORICAL_FINAL256_OBSERVED,requires_mul_or_div,PZ1-FINAL-0058,0,2,32
SFT,,HISTORICAL_FINAL256_OBSERVED,add_sub_solvable,PZ1-FINAL-0059,0,7,32
SFT,,HISTORICAL_FINAL256_OBSERVED,requires_mul_or_div,PZ1-FINAL-0060,0,7,32
SFT,,HISTORICAL_FINAL256_OBSERVED,add_sub_solvable,PZ1-FINAL-0061,1,16,32
SFT,,HISTORICAL_FINAL256_OBSERVED,requires_mul_or_div,PZ1-FINAL-0062,0,3,32
SFT,,HISTORICAL_FINAL256_OBSERVED,add_sub_solvable,PZ1-FINAL-0063,1,13,32
SFT,,HISTORICAL_FINAL256_OBSERVED,requires_mul_or_div,PZ1-FINAL-0064,0,2,32
SFT,,HISTORICAL_FINAL256_OBSERVED,add_sub_solvable,PZ1-FINAL-0065,0,2,32
SFT,,HISTORICAL_FINAL256_OBSERVED,requires_mul_or_div,PZ1-FINAL-0066,0,0,32
SFT,,HISTORICAL_FINAL256_OBSERVED,add_sub_solvable,PZ1-FINAL-0067,0,4,32
SFT,,HISTORICAL_FINAL256_OBSERVED,requires_mul_or_div,PZ1-FINAL-0068,0,0,32
SFT,,HISTORICAL_FINAL256_OBSERVED,add_sub_solvable,PZ1-FINAL-0069,0,4,32
SFT,,HISTORICAL_FINAL256_OBSERVED,requires_mul_or_div,PZ1-FINAL-0070,0,1,32
SFT,,HISTORICAL_FINAL256_OBSERVED,add_sub_solvable,PZ1-FINAL-0071,1,21,32
SFT,,HISTORICAL_FINAL256_OBSERVED,requires_mul_or_div,PZ1-FINAL-0072,0,4,32
SFT,,HISTORICAL_FINAL256_OBSERVED,add_sub_solvable,PZ1-FINAL-0073,0,7,32
SFT,,HISTORICAL_FINAL256_OBSERVED,requires_mul_or_div,PZ1-FINAL-0074,0,0,32
SFT,,HISTORICAL_FINAL256_OBSERVED,add_sub_solvable,PZ1-FINAL-0075,0,5,32
SFT,,HISTORICAL_FINAL256_OBSERVED,requires_mul_or_div,PZ1-FINAL-0076,0,4,32
SFT,,HISTORICAL_FINAL256_OBSERVED,add_sub_solvable,PZ1-FINAL-0077,1,18,32
SFT,,HISTORICAL_FINAL256_OBSERVED,requires_mul_or_div,PZ1-FINAL-0078,0,6,32
SFT,,HISTORICAL_FINAL256_OBSERVED,add_sub_solvable,PZ1-FINAL-0079,0,4,32
SFT,,HISTORICAL_FINAL256_OBSERVED,requires_mul_or_div,PZ1-FINAL-0080,0,5,32
SFT,,HISTORICAL_FINAL256_OBSERVED,add_sub_solvable,PZ1-FINAL-0081,0,0,32
SFT,,HISTORICAL_FINAL256_OBSERVED,requires_mul_or_div,PZ1-FINAL-0082,0,2,32
SFT,,HISTORICAL_FINAL256_OBSERVED,add_sub_solvable,PZ1-FINAL-0083,1,13,32
SFT,,HISTORICAL_FINAL256_OBSERVED,requires_mul_or_div,PZ1-FINAL-0084,0,1,32
SFT,,HISTORICAL_FINAL256_OBSERVED,add_sub_solvable,PZ1-FINAL-0085,0,0,32
SFT,,HISTORICAL_FINAL256_OBSERVED,requires_mul_or_div,PZ1-FINAL-0086,0,2,32
SFT,,HISTORICAL_FINAL256_OBSERVED,add_sub_solvable,PZ1-FINAL-0087,1,16,32
SFT,,HISTORICAL_FINAL256_OBSERVED,requires_mul_or_div,PZ1-FINAL-0088,0,0,32
SFT,,HISTORICAL_FINAL256_OBSERVED,add_sub_solvable,PZ1-FINAL-0089,0,8,32
SFT,,HISTORICAL_FINAL256_OBSERVED,requires_mul_or_div,PZ1-FINAL-0090,0,0,32
SFT,,HISTORICAL_FINAL256_OBSERVED,add_sub_solvable,PZ1-FINAL-0091,1,17,32
SFT,,HISTORICAL_FINAL256_OBSERVED,requires_mul_or_div,PZ1-FINAL-0092,0,8,32
SFT,,HISTORICAL_FINAL256_OBSERVED,add_sub_solvable,PZ1-FINAL-0093,0,3,32
SFT,,HISTORICAL_FINAL256_OBSERVED,requires_mul_or_div,PZ1-FINAL-0094,0,0,32
SFT,,HISTORICAL_FINAL256_OBSERVED,add_sub_solvable,PZ1-FINAL-0095,1,23,32
SFT,,HISTORICAL_FINAL256_OBSERVED,requires_mul_or_div,PZ1-FINAL-0096,0,7,32
SFT,,HISTORICAL_FINAL256_OBSERVED,add_sub_solvable,PZ1-FINAL-0097,1,18,32
SFT,,HISTORICAL_FINAL256_OBSERVED,requires_mul_or_div,PZ1-FINAL-0098,0,0,32
SFT,,HISTORICAL_FINAL256_OBSERVED,add_sub_solvable,PZ1-FINAL-0099,0,0,32
SFT,,HISTORICAL_FINAL256_OBSERVED,requires_mul_or_div,PZ1-FINAL-0100,0,2,32
SFT,,HISTORICAL_FINAL256_OBSERVED,add_sub_solvable,PZ1-FINAL-0101,0,2,32
SFT,,HISTORICAL_FINAL256_OBSERVED,requires_mul_or_div,PZ1-FINAL-0102,0,3,32
SFT,,HISTORICAL_FINAL256_OBSERVED,add_sub_solvable,PZ1-FINAL-0103,1,5,32
SFT,,HISTORICAL_FINAL256_OBSERVED,requires_mul_or_div,PZ1-FINAL-0104,0,3,32
SFT,,HISTORICAL_FINAL256_OBSERVED,add_sub_solvable,PZ1-FINAL-0105,1,24,32
SFT,,HISTORICAL_FINAL256_OBSERVED,requires_mul_or_div,PZ1-FINAL-0106,0,7,32
SFT,,HISTORICAL_FINAL256_OBSERVED,add_sub_solvable,PZ1-FINAL-0107,0,5,32
SFT,,HISTORICAL_FINAL256_OBSERVED,requires_mul_or_div,PZ1-FINAL-0108,0,4,32
SFT,,HISTORICAL_FINAL256_OBSERVED,add_sub_solvable,PZ1-FINAL-0109,0,5,32
SFT,,HISTORICAL_FINAL256_OBSERVED,requires_mul_or_div,PZ1-FINAL-0110,0,2,32
SFT,,HISTORICAL_FINAL256_OBSERVED,add_sub_solvable,PZ1-FINAL-0111,0,7,32
SFT,,HISTORICAL_FINAL256_OBSERVED,requires_mul_or_div,PZ1-FINAL-0112,0,0,32
SFT,,HISTORICAL_FINAL256_OBSERVED,add_sub_solvable,PZ1-FINAL-0113,0,4,32
SFT,,HISTORICAL_FINAL256_OBSERVED,requires_mul_or_div,PZ1-FINAL-0114,0,0,32
SFT,,HISTORICAL_FINAL256_OBSERVED,add_sub_solvable,PZ1-FINAL-0115,1,14,32
SFT,,HISTORICAL_FINAL256_OBSERVED,requires_mul_or_div,PZ1-FINAL-0116,0,1,32
SFT,,HISTORICAL_FINAL256_OBSERVED,add_sub_solvable,PZ1-FINAL-0117,1,17,32
SFT,,HISTORICAL_FINAL256_OBSERVED,requires_mul_or_div,PZ1-FINAL-0118,0,0,32
SFT,,HISTORICAL_FINAL256_OBSERVED,add_sub_solvable,PZ1-FINAL-0119,1,19,32
SFT,,HISTORICAL_FINAL256_OBSERVED,requires_mul_or_div,PZ1-FINAL-0120,0,8,32
SFT,,HISTORICAL_FINAL256_OBSERVED,add_sub_solvable,PZ1-FINAL-0121,0,2,32
SFT,,HISTORICAL_FINAL256_OBSERVED,requires_mul_or_div,PZ1-FINAL-0122,0,0,32
SFT,,HISTORICAL_FINAL256_OBSERVED,add_sub_solvable,PZ1-FINAL-0123,1,21,32
SFT,,HISTORICAL_FINAL256_OBSERVED,requires_mul_or_div,PZ1-FINAL-0124,1,12,32
SFT,,HISTORICAL_FINAL256_OBSERVED,add_sub_solvable,PZ1-FINAL-0125,0,5,32
SFT,,HISTORICAL_FINAL256_OBSERVED,requires_mul_or_div,PZ1-FINAL-0126,0,1,32
SFT,,HISTORICAL_FINAL256_OBSERVED,add_sub_solvable,PZ1-FINAL-0127,1,12,32
SFT,,HISTORICAL_FINAL256_OBSERVED,requires_mul_or_div,PZ1-FINAL-0128,0,0,32
SFT,,HISTORICAL_FINAL256_OBSERVED,add_sub_solvable,PZ1-FINAL-0129,0,3,32
SFT,,HISTORICAL_FINAL256_OBSERVED,requires_mul_or_div,PZ1-FINAL-0130,0,5,32
SFT,,HISTORICAL_FINAL256_OBSERVED,add_sub_solvable,PZ1-FINAL-0131,0,3,32
SFT,,HISTORICAL_FINAL256_OBSERVED,requires_mul_or_div,PZ1-FINAL-0132,0,0,32
SFT,,HISTORICAL_FINAL256_OBSERVED,add_sub_solvable,PZ1-FINAL-0133,1,6,32
SFT,,HISTORICAL_FINAL256_OBSERVED,requires_mul_or_div,PZ1-FINAL-0134,0,3,32
SFT,,HISTORICAL_FINAL256_OBSERVED,add_sub_solvable,PZ1-FINAL-0135,1,14,32
SFT,,HISTORICAL_FINAL256_OBSERVED,requires_mul_or_div,PZ1-FINAL-0136,0,0,32
SFT,,HISTORICAL_FINAL256_OBSERVED,add_sub_solvable,PZ1-FINAL-0137,0,3,32
SFT,,HISTORICAL_FINAL256_OBSERVED,requires_mul_or_div,PZ1-FINAL-0138,0,6,32
SFT,,HISTORICAL_FINAL256_OBSERVED,add_sub_solvable,PZ1-FINAL-0139,1,8,32
SFT,,HISTORICAL_FINAL256_OBSERVED,requires_mul_or_div,PZ1-FINAL-0140,0,0,32
SFT,,HISTORICAL_FINAL256_OBSERVED,add_sub_solvable,PZ1-FINAL-0141,0,0,32
SFT,,HISTORICAL_FINAL256_OBSERVED,requires_mul_or_div,PZ1-FINAL-0142,0,1,32
SFT,,HISTORICAL_FINAL256_OBSERVED,add_sub_solvable,PZ1-FINAL-0143,1,6,32
SFT,,HISTORICAL_FINAL256_OBSERVED,requires_mul_or_div,PZ1-FINAL-0144,0,1,32
SFT,,HISTORICAL_FINAL256_OBSERVED,add_sub_solvable,PZ1-FINAL-0145,0,9,32
SFT,,HISTORICAL_FINAL256_OBSERVED,requires_mul_or_div,PZ1-FINAL-0146,0,2,32
SFT,,HISTORICAL_FINAL256_OBSERVED,add_sub_solvable,PZ1-FINAL-0147,1,8,32
SFT,,HISTORICAL_FINAL256_OBSERVED,requires_mul_or_div,PZ1-FINAL-0148,0,13,32
SFT,,HISTORICAL_FINAL256_OBSERVED,add_sub_solvable,PZ1-FINAL-0149,1,19,32
SFT,,HISTORICAL_FINAL256_OBSERVED,requires_mul_or_div,PZ1-FINAL-0150,0,0,32
SFT,,HISTORICAL_FINAL256_OBSERVED,add_sub_solvable,PZ1-FINAL-0151,1,7,32
SFT,,HISTORICAL_FINAL256_OBSERVED,requires_mul_or_div,PZ1-FINAL-0152,0,1,32
SFT,,HISTORICAL_FINAL256_OBSERVED,add_sub_solvable,PZ1-FINAL-0153,1,5,32
SFT,,HISTORICAL_FINAL256_OBSERVED,requires_mul_or_div,PZ1-FINAL-0154,0,2,32
SFT,,HISTORICAL_FINAL256_OBSERVED,add_sub_solvable,PZ1-FINAL-0155,1,17,32
SFT,,HISTORICAL_FINAL256_OBSERVED,requires_mul_or_div,PZ1-FINAL-0156,0,0,32
SFT,,HISTORICAL_FINAL256_OBSERVED,add_sub_solvable,PZ1-FINAL-0157,1,24,32
SFT,,HISTORICAL_FINAL256_OBSERVED,requires_mul_or_div,PZ1-FINAL-0158,0,0,32
SFT,,HISTORICAL_FINAL256_OBSERVED,add_sub_solvable,PZ1-FINAL-0159,1,8,32
SFT,,HISTORICAL_FINAL256_OBSERVED,requires_mul_or_div,PZ1-FINAL-0160,0,2,32
SFT,,HISTORICAL_FINAL256_OBSERVED,add_sub_solvable,PZ1-FINAL-0161,0,0,32
SFT,,HISTORICAL_FINAL256_OBSERVED,requires_mul_or_div,PZ1-FINAL-0162,1,13,32
SFT,,HISTORICAL_FINAL256_OBSERVED,add_sub_solvable,PZ1-FINAL-0163,0,12,32
SFT,,HISTORICAL_FINAL256_OBSERVED,requires_mul_or_div,PZ1-FINAL-0164,0,0,32
SFT,,HISTORICAL_FINAL256_OBSERVED,add_sub_solvable,PZ1-FINAL-0165,1,29,32
SFT,,HISTORICAL_FINAL256_OBSERVED,requires_mul_or_div,PZ1-FINAL-0166,1,7,32
SFT,,HISTORICAL_FINAL256_OBSERVED,add_sub_solvable,PZ1-FINAL-0167,1,10,32
SFT,,HISTORICAL_FINAL256_OBSERVED,requires_mul_or_div,PZ1-FINAL-0168,0,0,32
SFT,,HISTORICAL_FINAL256_OBSERVED,add_sub_solvable,PZ1-FINAL-0169,0,7,32
SFT,,HISTORICAL_FINAL256_OBSERVED,requires_mul_or_div,PZ1-FINAL-0170,0,2,32
SFT,,HISTORICAL_FINAL256_OBSERVED,add_sub_solvable,PZ1-FINAL-0171,0,11,32
SFT,,HISTORICAL_FINAL256_OBSERVED,requires_mul_or_div,PZ1-FINAL-0172,0,0,32
SFT,,HISTORICAL_FINAL256_OBSERVED,add_sub_solvable,PZ1-FINAL-0173,1,13,32
SFT,,HISTORICAL_FINAL256_OBSERVED,requires_mul_or_div,PZ1-FINAL-0174,0,4,32
SFT,,HISTORICAL_FINAL256_OBSERVED,add_sub_solvable,PZ1-FINAL-0175,1,17,32
SFT,,HISTORICAL_FINAL256_OBSERVED,requires_mul_or_div,PZ1-FINAL-0176,0,2,32
SFT,,HISTORICAL_FINAL256_OBSERVED,add_sub_solvable,PZ1-FINAL-0177,1,20,32
SFT,,HISTORICAL_FINAL256_OBSERVED,requires_mul_or_div,PZ1-FINAL-0178,0,12,32
SFT,,HISTORICAL_FINAL256_OBSERVED,add_sub_solvable,PZ1-FINAL-0179,0,13,32
SFT,,HISTORICAL_FINAL256_OBSERVED,requires_mul_or_div,PZ1-FINAL-0180,0,0,32
SFT,,HISTORICAL_FINAL256_OBSERVED,add_sub_solvable,PZ1-FINAL-0181,0,2,32
SFT,,HISTORICAL_FINAL256_OBSERVED,requires_mul_or_div,PZ1-FINAL-0182,1,20,32
SFT,,HISTORICAL_FINAL256_OBSERVED,add_sub_solvable,PZ1-FINAL-0183,1,12,32
SFT,,HISTORICAL_FINAL256_OBSERVED,requires_mul_or_div,PZ1-FINAL-0184,0,5,32
SFT,,HISTORICAL_FINAL256_OBSERVED,add_sub_solvable,PZ1-FINAL-0185,1,18,32
SFT,,HISTORICAL_FINAL256_OBSERVED,requires_mul_or_div,PZ1-FINAL-0186,0,0,32
SFT,,HISTORICAL_FINAL256_OBSERVED,add_sub_solvable,PZ1-FINAL-0187,1,20,32
SFT,,HISTORICAL_FINAL256_OBSERVED,requires_mul_or_div,PZ1-FINAL-0188,0,0,32
SFT,,HISTORICAL_FINAL256_OBSERVED,add_sub_solvable,PZ1-FINAL-0189,1,15,32
SFT,,HISTORICAL_FINAL256_OBSERVED,requires_mul_or_div,PZ1-FINAL-0190,0,0,32
SFT,,HISTORICAL_FINAL256_OBSERVED,add_sub_solvable,PZ1-FINAL-0191,0,3,32
SFT,,HISTORICAL_FINAL256_OBSERVED,requires_mul_or_div,PZ1-FINAL-0192,0,1,32
SFT,,HISTORICAL_FINAL256_OBSERVED,add_sub_solvable,PZ1-FINAL-0193,1,12,32
SFT,,HISTORICAL_FINAL256_OBSERVED,requires_mul_or_div,PZ1-FINAL-0194,0,0,32
SFT,,HISTORICAL_FINAL256_OBSERVED,add_sub_solvable,PZ1-FINAL-0195,1,7,32
SFT,,HISTORICAL_FINAL256_OBSERVED,requires_mul_or_div,PZ1-FINAL-0196,0,0,32
SFT,,HISTORICAL_FINAL256_OBSERVED,add_sub_solvable,PZ1-FINAL-0197,1,14,32
SFT,,HISTORICAL_FINAL256_OBSERVED,requires_mul_or_div,PZ1-FINAL-0198,0,0,32
SFT,,HISTORICAL_FINAL256_OBSERVED,add_sub_solvable,PZ1-FINAL-0199,1,13,32
SFT,,HISTORICAL_FINAL256_OBSERVED,requires_mul_or_div,PZ1-FINAL-0200,0,4,32
SFT,,HISTORICAL_FINAL256_OBSERVED,add_sub_solvable,PZ1-FINAL-0201,1,14,32
SFT,,HISTORICAL_FINAL256_OBSERVED,requires_mul_or_div,PZ1-FINAL-0202,1,9,32
SFT,,HISTORICAL_FINAL256_OBSERVED,add_sub_solvable,PZ1-FINAL-0203,1,24,32
SFT,,HISTORICAL_FINAL256_OBSERVED,requires_mul_or_div,PZ1-FINAL-0204,0,3,32
SFT,,HISTORICAL_FINAL256_OBSERVED,add_sub_solvable,PZ1-FINAL-0205,1,18,32
SFT,,HISTORICAL_FINAL256_OBSERVED,requires_mul_or_div,PZ1-FINAL-0206,0,2,32
SFT,,HISTORICAL_FINAL256_OBSERVED,add_sub_solvable,PZ1-FINAL-0207,1,9,32
SFT,,HISTORICAL_FINAL256_OBSERVED,requires_mul_or_div,PZ1-FINAL-0208,0,1,32
SFT,,HISTORICAL_FINAL256_OBSERVED,add_sub_solvable,PZ1-FINAL-0209,1,8,32
SFT,,HISTORICAL_FINAL256_OBSERVED,requires_mul_or_div,PZ1-FINAL-0210,0,0,32
SFT,,HISTORICAL_FINAL256_OBSERVED,add_sub_solvable,PZ1-FINAL-0211,0,3,32
SFT,,HISTORICAL_FINAL256_OBSERVED,requires_mul_or_div,PZ1-FINAL-0212,0,0,32
SFT,,HISTORICAL_FINAL256_OBSERVED,add_sub_solvable,PZ1-FINAL-0213,1,15,32
SFT,,HISTORICAL_FINAL256_OBSERVED,requires_mul_or_div,PZ1-FINAL-0214,0,2,32
SFT,,HISTORICAL_FINAL256_OBSERVED,add_sub_solvable,PZ1-FINAL-0215,1,15,32
SFT,,HISTORICAL_FINAL256_OBSERVED,requires_mul_or_div,PZ1-FINAL-0216,0,10,32
SFT,,HISTORICAL_FINAL256_OBSERVED,add_sub_solvable,PZ1-FINAL-0217,1,16,32
SFT,,HISTORICAL_FINAL256_OBSERVED,requires_mul_or_div,PZ1-FINAL-0218,0,4,32
SFT,,HISTORICAL_FINAL256_OBSERVED,add_sub_solvable,PZ1-FINAL-0219,0,11,32
SFT,,HISTORICAL_FINAL256_OBSERVED,requires_mul_or_div,PZ1-FINAL-0220,0,2,32
SFT,,HISTORICAL_FINAL256_OBSERVED,add_sub_solvable,PZ1-FINAL-0221,1,27,32
SFT,,HISTORICAL_FINAL256_OBSERVED,requires_mul_or_div,PZ1-FINAL-0222,1,5,32
SFT,,HISTORICAL_FINAL256_OBSERVED,add_sub_solvable,PZ1-FINAL-0223,1,19,32
SFT,,HISTORICAL_FINAL256_OBSERVED,requires_mul_or_div,PZ1-FINAL-0224,0,2,32
SFT,,HISTORICAL_FINAL256_OBSERVED,add_sub_solvable,PZ1-FINAL-0225,1,23,32
SFT,,HISTORICAL_FINAL256_OBSERVED,requires_mul_or_div,PZ1-FINAL-0226,0,0,32
SFT,,HISTORICAL_FINAL256_OBSERVED,add_sub_solvable,PZ1-FINAL-0227,1,12,32
SFT,,HISTORICAL_FINAL256_OBSERVED,requires_mul_or_div,PZ1-FINAL-0228,0,0,32
SFT,,HISTORICAL_FINAL256_OBSERVED,add_sub_solvable,PZ1-FINAL-0229,0,8,32
SFT,,HISTORICAL_FINAL256_OBSERVED,requires_mul_or_div,PZ1-FINAL-0230,0,4,32
SFT,,HISTORICAL_FINAL256_OBSERVED,add_sub_solvable,PZ1-FINAL-0231,0,6,32
SFT,,HISTORICAL_FINAL256_OBSERVED,requires_mul_or_div,PZ1-FINAL-0232,1,6,32
SFT,,HISTORICAL_FINAL256_OBSERVED,add_sub_solvable,PZ1-FINAL-0233,1,11,32
SFT,,HISTORICAL_FINAL256_OBSERVED,requires_mul_or_div,PZ1-FINAL-0234,0,5,32
SFT,,HISTORICAL_FINAL256_OBSERVED,add_sub_solvable,PZ1-FINAL-0235,1,20,32
SFT,,HISTORICAL_FINAL256_OBSERVED,requires_mul_or_div,PZ1-FINAL-0236,0,2,32
SFT,,HISTORICAL_FINAL256_OBSERVED,add_sub_solvable,PZ1-FINAL-0237,0,4,32
SFT,,HISTORICAL_FINAL256_OBSERVED,requires_mul_or_div,PZ1-FINAL-0238,0,6,32
SFT,,HISTORICAL_FINAL256_OBSERVED,add_sub_solvable,PZ1-FINAL-0239,0,6,32
SFT,,HISTORICAL_FINAL256_OBSERVED,requires_mul_or_div,PZ1-FINAL-0240,0,2,32
SFT,,HISTORICAL_FINAL256_OBSERVED,add_sub_solvable,PZ1-FINAL-0241,1,13,32
SFT,,HISTORICAL_FINAL256_OBSERVED,requires_mul_or_div,PZ1-FINAL-0242,0,4,32
SFT,,HISTORICAL_FINAL256_OBSERVED,add_sub_solvable,PZ1-FINAL-0243,1,18,32
SFT,,HISTORICAL_FINAL256_OBSERVED,requires_mul_or_div,PZ1-FINAL-0244,0,2,32
SFT,,HISTORICAL_FINAL256_OBSERVED,add_sub_solvable,PZ1-FINAL-0245,0,5,32
SFT,,HISTORICAL_FINAL256_OBSERVED,requires_mul_or_div,PZ1-FINAL-0246,1,16,32
SFT,,HISTORICAL_FINAL256_OBSERVED,add_sub_solvable,PZ1-FINAL-0247,1,17,32
SFT,,HISTORICAL_FINAL256_OBSERVED,requires_mul_or_div,PZ1-FINAL-0248,0,2,32
SFT,,HISTORICAL_FINAL256_OBSERVED,add_sub_solvable,PZ1-FINAL-0249,1,22,32
SFT,,HISTORICAL_FINAL256_OBSERVED,requires_mul_or_div,PZ1-FINAL-0250,0,0,32
SFT,,HISTORICAL_FINAL256_OBSERVED,add_sub_solvable,PZ1-FINAL-0251,0,1,32
SFT,,HISTORICAL_FINAL256_OBSERVED,requires_mul_or_div,PZ1-FINAL-0252,0,0,32
SFT,,HISTORICAL_FINAL256_OBSERVED,add_sub_solvable,PZ1-FINAL-0253,0,7,32
SFT,,HISTORICAL_FINAL256_OBSERVED,requires_mul_or_div,PZ1-FINAL-0254,0,0,32
SFT,,HISTORICAL_FINAL256_OBSERVED,add_sub_solvable,PZ1-FINAL-0255,0,3,32
SFT,,HISTORICAL_FINAL256_OBSERVED,requires_mul_or_div,PZ1-FINAL-0256,0,9,32
SFT,,CONFIRM128_RESERVED,add_sub_solvable,PZ2-CONFIRM-0001,1,13,32
SFT,,CONFIRM128_RESERVED,requires_mul_or_div,PZ2-CONFIRM-0002,0,1,32
SFT,,CONFIRM128_RESERVED,add_sub_solvable,PZ2-CONFIRM-0003,0,10,32
SFT,,CONFIRM128_RESERVED,requires_mul_or_div,PZ2-CONFIRM-0004,0,3,32
SFT,,CONFIRM128_RESERVED,add_sub_solvable,PZ2-CONFIRM-0005,0,2,32
SFT,,CONFIRM128_RESERVED,requires_mul_or_div,PZ2-CONFIRM-0006,1,14,32
SFT,,CONFIRM128_RESERVED,add_sub_solvable,PZ2-CONFIRM-0007,1,2,32
SFT,,CONFIRM128_RESERVED,requires_mul_or_div,PZ2-CONFIRM-0008,0,3,32
SFT,,CONFIRM128_RESERVED,add_sub_solvable,PZ2-CONFIRM-0009,0,17,32
SFT,,CONFIRM128_RESERVED,requires_mul_or_div,PZ2-CONFIRM-0010,0,0,32
SFT,,CONFIRM128_RESERVED,add_sub_solvable,PZ2-CONFIRM-0011,0,5,32
SFT,,CONFIRM128_RESERVED,requires_mul_or_div,PZ2-CONFIRM-0012,0,0,32
SFT,,CONFIRM128_RESERVED,add_sub_solvable,PZ2-CONFIRM-0013,1,12,32
SFT,,CONFIRM128_RESERVED,requires_mul_or_div,PZ2-CONFIRM-0014,0,1,32
SFT,,CONFIRM128_RESERVED,add_sub_solvable,PZ2-CONFIRM-0015,1,26,32
SFT,,CONFIRM128_RESERVED,requires_mul_or_div,PZ2-CONFIRM-0016,0,0,32
SFT,,CONFIRM128_RESERVED,add_sub_solvable,PZ2-CONFIRM-0017,1,22,32
SFT,,CONFIRM128_RESERVED,requires_mul_or_div,PZ2-CONFIRM-0018,0,4,32
SFT,,CONFIRM128_RESERVED,add_sub_solvable,PZ2-CONFIRM-0019,0,0,32
SFT,,CONFIRM128_RESERVED,requires_mul_or_div,PZ2-CONFIRM-0020,0,0,32
SFT,,CONFIRM128_RESERVED,add_sub_solvable,PZ2-CONFIRM-0021,1,10,32
SFT,,CONFIRM128_RESERVED,requires_mul_or_div,PZ2-CONFIRM-0022,0,0,32
SFT,,CONFIRM128_RESERVED,add_sub_solvable,PZ2-CONFIRM-0023,1,13,32
SFT,,CONFIRM128_RESERVED,requires_mul_or_div,PZ2-CONFIRM-0024,0,2,32
SFT,,CONFIRM128_RESERVED,add_sub_solvable,PZ2-CONFIRM-0025,0,1,32
SFT,,CONFIRM128_RESERVED,requires_mul_or_div,PZ2-CONFIRM-0026,0,0,32
SFT,,CONFIRM128_RESERVED,add_sub_solvable,PZ2-CONFIRM-0027,1,9,32
SFT,,CONFIRM128_RESERVED,requires_mul_or_div,PZ2-CONFIRM-0028,0,0,32
SFT,,CONFIRM128_RESERVED,add_sub_solvable,PZ2-CONFIRM-0029,1,20,32
SFT,,CONFIRM128_RESERVED,requires_mul_or_div,PZ2-CONFIRM-0030,0,3,32
SFT,,CONFIRM128_RESERVED,add_sub_solvable,PZ2-CONFIRM-0031,1,18,32
SFT,,CONFIRM128_RESERVED,requires_mul_or_div,PZ2-CONFIRM-0032,0,0,32
SFT,,CONFIRM128_RESERVED,add_sub_solvable,PZ2-CONFIRM-0033,1,22,32
SFT,,CONFIRM128_RESERVED,requires_mul_or_div,PZ2-CONFIRM-0034,0,4,32
SFT,,CONFIRM128_RESERVED,add_sub_solvable,PZ2-CONFIRM-0035,1,5,32
SFT,,CONFIRM128_RESERVED,requires_mul_or_div,PZ2-CONFIRM-0036,0,3,32
SFT,,CONFIRM128_RESERVED,add_sub_solvable,PZ2-CONFIRM-0037,1,19,32
SFT,,CONFIRM128_RESERVED,requires_mul_or_div,PZ2-CONFIRM-0038,0,3,32
SFT,,CONFIRM128_RESERVED,add_sub_solvable,PZ2-CONFIRM-0039,0,9,32
SFT,,CONFIRM128_RESERVED,requires_mul_or_div,PZ2-CONFIRM-0040,1,5,32
SFT,,CONFIRM128_RESERVED,add_sub_solvable,PZ2-CONFIRM-0041,1,15,32
SFT,,CONFIRM128_RESERVED,requires_mul_or_div,PZ2-CONFIRM-0042,0,1,32
SFT,,CONFIRM128_RESERVED,add_sub_solvable,PZ2-CONFIRM-0043,1,17,32
SFT,,CONFIRM128_RESERVED,requires_mul_or_div,PZ2-CONFIRM-0044,0,2,32
SFT,,CONFIRM128_RESERVED,add_sub_solvable,PZ2-CONFIRM-0045,1,22,32
SFT,,CONFIRM128_RESERVED,requires_mul_or_div,PZ2-CONFIRM-0046,0,4,32
SFT,,CONFIRM128_RESERVED,add_sub_solvable,PZ2-CONFIRM-0047,0,7,32
SFT,,CONFIRM128_RESERVED,requires_mul_or_div,PZ2-CONFIRM-0048,0,8,32
SFT,,CONFIRM128_RESERVED,add_sub_solvable,PZ2-CONFIRM-0049,0,8,32
SFT,,CONFIRM128_RESERVED,requires_mul_or_div,PZ2-CONFIRM-0050,0,3,32
SFT,,CONFIRM128_RESERVED,add_sub_solvable,PZ2-CONFIRM-0051,0,6,32
SFT,,CONFIRM128_RESERVED,requires_mul_or_div,PZ2-CONFIRM-0052,0,1,32
SFT,,CONFIRM128_RESERVED,add_sub_solvable,PZ2-CONFIRM-0053,1,18,32
SFT,,CONFIRM128_RESERVED,requires_mul_or_div,PZ2-CONFIRM-0054,0,0,32
SFT,,CONFIRM128_RESERVED,add_sub_solvable,PZ2-CONFIRM-0055,0,7,32
SFT,,CONFIRM128_RESERVED,requires_mul_or_div,PZ2-CONFIRM-0056,1,13,32
SFT,,CONFIRM128_RESERVED,add_sub_solvable,PZ2-CONFIRM-0057,1,10,32
SFT,,CONFIRM128_RESERVED,requires_mul_or_div,PZ2-CONFIRM-0058,1,10,32
SFT,,CONFIRM128_RESERVED,add_sub_solvable,PZ2-CONFIRM-0059,1,20,32
SFT,,CONFIRM128_RESERVED,requires_mul_or_div,PZ2-CONFIRM-0060,0,2,32
SFT,,CONFIRM128_RESERVED,add_sub_solvable,PZ2-CONFIRM-0061,0,5,32
SFT,,CONFIRM128_RESERVED,requires_mul_or_div,PZ2-CONFIRM-0062,0,2,32
SFT,,CONFIRM128_RESERVED,add_sub_solvable,PZ2-CONFIRM-0063,0,9,32
SFT,,CONFIRM128_RESERVED,requires_mul_or_div,PZ2-CONFIRM-0064,0,3,32
SFT,,CONFIRM128_RESERVED,add_sub_solvable,PZ2-CONFIRM-0065,0,3,32
SFT,,CONFIRM128_RESERVED,requires_mul_or_div,PZ2-CONFIRM-0066,0,3,32
SFT,,CONFIRM128_RESERVED,add_sub_solvable,PZ2-CONFIRM-0067,0,9,32
SFT,,CONFIRM128_RESERVED,requires_mul_or_div,PZ2-CONFIRM-0068,0,5,32
SFT,,CONFIRM128_RESERVED,add_sub_solvable,PZ2-CONFIRM-0069,1,24,32
SFT,,CONFIRM128_RESERVED,requires_mul_or_div,PZ2-CONFIRM-0070,0,1,32
SFT,,CONFIRM128_RESERVED,add_sub_solvable,PZ2-CONFIRM-0071,1,24,32
SFT,,CONFIRM128_RESERVED,requires_mul_or_div,PZ2-CONFIRM-0072,0,4,32
SFT,,CONFIRM128_RESERVED,add_sub_solvable,PZ2-CONFIRM-0073,1,14,32
SFT,,CONFIRM128_RESERVED,requires_mul_or_div,PZ2-CONFIRM-0074,0,3,32
SFT,,CONFIRM128_RESERVED,add_sub_solvable,PZ2-CONFIRM-0075,1,6,32
SFT,,CONFIRM128_RESERVED,requires_mul_or_div,PZ2-CONFIRM-0076,0,0,32
SFT,,CONFIRM128_RESERVED,add_sub_solvable,PZ2-CONFIRM-0077,0,12,32
SFT,,CONFIRM128_RESERVED,requires_mul_or_div,PZ2-CONFIRM-0078,0,0,32
SFT,,CONFIRM128_RESERVED,add_sub_solvable,PZ2-CONFIRM-0079,0,0,32
SFT,,CONFIRM128_RESERVED,requires_mul_or_div,PZ2-CONFIRM-0080,0,1,32
SFT,,CONFIRM128_RESERVED,add_sub_solvable,PZ2-CONFIRM-0081,0,4,32
SFT,,CONFIRM128_RESERVED,requires_mul_or_div,PZ2-CONFIRM-0082,0,0,32
SFT,,CONFIRM128_RESERVED,add_sub_solvable,PZ2-CONFIRM-0083,0,7,32
SFT,,CONFIRM128_RESERVED,requires_mul_or_div,PZ2-CONFIRM-0084,0,2,32
SFT,,CONFIRM128_RESERVED,add_sub_solvable,PZ2-CONFIRM-0085,1,25,32
SFT,,CONFIRM128_RESERVED,requires_mul_or_div,PZ2-CONFIRM-0086,0,0,32
SFT,,CONFIRM128_RESERVED,add_sub_solvable,PZ2-CONFIRM-0087,0,6,32
SFT,,CONFIRM128_RESERVED,requires_mul_or_div,PZ2-CONFIRM-0088,0,6,32
SFT,,CONFIRM128_RESERVED,add_sub_solvable,PZ2-CONFIRM-0089,1,15,32
SFT,,CONFIRM128_RESERVED,requires_mul_or_div,PZ2-CONFIRM-0090,0,1,32
SFT,,CONFIRM128_RESERVED,add_sub_solvable,PZ2-CONFIRM-0091,1,3,32
SFT,,CONFIRM128_RESERVED,requires_mul_or_div,PZ2-CONFIRM-0092,1,5,32
SFT,,CONFIRM128_RESERVED,add_sub_solvable,PZ2-CONFIRM-0093,0,2,32
SFT,,CONFIRM128_RESERVED,requires_mul_or_div,PZ2-CONFIRM-0094,0,8,32
SFT,,CONFIRM128_RESERVED,add_sub_solvable,PZ2-CONFIRM-0095,1,25,32
SFT,,CONFIRM128_RESERVED,requires_mul_or_div,PZ2-CONFIRM-0096,0,0,32
SFT,,CONFIRM128_RESERVED,add_sub_solvable,PZ2-CONFIRM-0097,0,0,32
SFT,,CONFIRM128_RESERVED,requires_mul_or_div,PZ2-CONFIRM-0098,0,2,32
SFT,,CONFIRM128_RESERVED,add_sub_solvable,PZ2-CONFIRM-0099,1,15,32
SFT,,CONFIRM128_RESERVED,requires_mul_or_div,PZ2-CONFIRM-0100,0,1,32
SFT,,CONFIRM128_RESERVED,add_sub_solvable,PZ2-CONFIRM-0101,1,11,32
SFT,,CONFIRM128_RESERVED,requires_mul_or_div,PZ2-CONFIRM-0102,0,2,32
SFT,,CONFIRM128_RESERVED,add_sub_solvable,PZ2-CONFIRM-0103,1,8,32
SFT,,CONFIRM128_RESERVED,requires_mul_or_div,PZ2-CONFIRM-0104,0,4,32
SFT,,CONFIRM128_RESERVED,add_sub_solvable,PZ2-CONFIRM-0105,0,2,32
SFT,,CONFIRM128_RESERVED,requires_mul_or_div,PZ2-CONFIRM-0106,0,3,32
SFT,,CONFIRM128_RESERVED,add_sub_solvable,PZ2-CONFIRM-0107,0,2,32
SFT,,CONFIRM128_RESERVED,requires_mul_or_div,PZ2-CONFIRM-0108,0,2,32
SFT,,CONFIRM128_RESERVED,add_sub_solvable,PZ2-CONFIRM-0109,1,10,32
SFT,,CONFIRM128_RESERVED,requires_mul_or_div,PZ2-CONFIRM-0110,1,12,32
SFT,,CONFIRM128_RESERVED,add_sub_solvable,PZ2-CONFIRM-0111,1,21,32
SFT,,CONFIRM128_RESERVED,requires_mul_or_div,PZ2-CONFIRM-0112,0,2,32
SFT,,CONFIRM128_RESERVED,add_sub_solvable,PZ2-CONFIRM-0113,1,8,32
SFT,,CONFIRM128_RESERVED,requires_mul_or_div,PZ2-CONFIRM-0114,0,5,32
SFT,,CONFIRM128_RESERVED,add_sub_solvable,PZ2-CONFIRM-0115,1,10,32
SFT,,CONFIRM128_RESERVED,requires_mul_or_div,PZ2-CONFIRM-0116,0,4,32
SFT,,CONFIRM128_RESERVED,add_sub_solvable,PZ2-CONFIRM-0117,0,5,32
SFT,,CONFIRM128_RESERVED,requires_mul_or_div,PZ2-CONFIRM-0118,0,1,32
SFT,,CONFIRM128_RESERVED,add_sub_solvable,PZ2-CONFIRM-0119,0,4,32
SFT,,CONFIRM128_RESERVED,requires_mul_or_div,PZ2-CONFIRM-0120,0,4,32
SFT,,CONFIRM128_RESERVED,add_sub_solvable,PZ2-CONFIRM-0121,1,18,32
SFT,,CONFIRM128_RESERVED,requires_mul_or_div,PZ2-CONFIRM-0122,0,0,32
SFT,,CONFIRM128_RESERVED,add_sub_solvable,PZ2-CONFIRM-0123,1,10,32
SFT,,CONFIRM128_RESERVED,requires_mul_or_div,PZ2-CONFIRM-0124,0,3,32
SFT,,CONFIRM128_RESERVED,add_sub_solvable,PZ2-CONFIRM-0125,0,0,32
SFT,,CONFIRM128_RESERVED,requires_mul_or_div,PZ2-CONFIRM-0126,1,7,32
SFT,,CONFIRM128_RESERVED,add_sub_solvable,PZ2-CONFIRM-0127,1,18,32
SFT,,CONFIRM128_RESERVED,requires_mul_or_div,PZ2-CONFIRM-0128,0,6,32
GRPO17,17,HISTORICAL_FINAL256_OBSERVED,add_sub_solvable,PZ1-FINAL-0001,0,6,32
GRPO17,17,HISTORICAL_FINAL256_OBSERVED,requires_mul_or_div,PZ1-FINAL-0002,0,0,32
GRPO17,17,HISTORICAL_FINAL256_OBSERVED,add_sub_solvable,PZ1-FINAL-0003,1,22,32
GRPO17,17,HISTORICAL_FINAL256_OBSERVED,requires_mul_or_div,PZ1-FINAL-0004,0,0,32
GRPO17,17,HISTORICAL_FINAL256_OBSERVED,add_sub_solvable,PZ1-FINAL-0005,1,31,32
GRPO17,17,HISTORICAL_FINAL256_OBSERVED,requires_mul_or_div,PZ1-FINAL-0006,0,0,32
GRPO17,17,HISTORICAL_FINAL256_OBSERVED,add_sub_solvable,PZ1-FINAL-0007,0,0,32
GRPO17,17,HISTORICAL_FINAL256_OBSERVED,requires_mul_or_div,PZ1-FINAL-0008,0,0,32
GRPO17,17,HISTORICAL_FINAL256_OBSERVED,add_sub_solvable,PZ1-FINAL-0009,0,4,32
GRPO17,17,HISTORICAL_FINAL256_OBSERVED,requires_mul_or_div,PZ1-FINAL-0010,0,0,32
GRPO17,17,HISTORICAL_FINAL256_OBSERVED,add_sub_solvable,PZ1-FINAL-0011,1,31,32
GRPO17,17,HISTORICAL_FINAL256_OBSERVED,requires_mul_or_div,PZ1-FINAL-0012,0,0,32
GRPO17,17,HISTORICAL_FINAL256_OBSERVED,add_sub_solvable,PZ1-FINAL-0013,1,15,32
GRPO17,17,HISTORICAL_FINAL256_OBSERVED,requires_mul_or_div,PZ1-FINAL-0014,0,10,32
GRPO17,17,HISTORICAL_FINAL256_OBSERVED,add_sub_solvable,PZ1-FINAL-0015,1,25,32
GRPO17,17,HISTORICAL_FINAL256_OBSERVED,requires_mul_or_div,PZ1-FINAL-0016,0,0,32
GRPO17,17,HISTORICAL_FINAL256_OBSERVED,add_sub_solvable,PZ1-FINAL-0017,1,23,32
GRPO17,17,HISTORICAL_FINAL256_OBSERVED,requires_mul_or_div,PZ1-FINAL-0018,0,0,32
GRPO17,17,HISTORICAL_FINAL256_OBSERVED,add_sub_solvable,PZ1-FINAL-0019,1,30,32
GRPO17,17,HISTORICAL_FINAL256_OBSERVED,requires_mul_or_div,PZ1-FINAL-0020,0,3,32
GRPO17,17,HISTORICAL_FINAL256_OBSERVED,add_sub_solvable,PZ1-FINAL-0021,1,17,32
GRPO17,17,HISTORICAL_FINAL256_OBSERVED,requires_mul_or_div,PZ1-FINAL-0022,1,14,32
GRPO17,17,HISTORICAL_FINAL256_OBSERVED,add_sub_solvable,PZ1-FINAL-0023,0,12,32
GRPO17,17,HISTORICAL_FINAL256_OBSERVED,requires_mul_or_div,PZ1-FINAL-0024,0,1,32
GRPO17,17,HISTORICAL_FINAL256_OBSERVED,add_sub_solvable,PZ1-FINAL-0025,1,19,32
GRPO17,17,HISTORICAL_FINAL256_OBSERVED,requires_mul_or_div,PZ1-FINAL-0026,0,3,32
GRPO17,17,HISTORICAL_FINAL256_OBSERVED,add_sub_solvable,PZ1-FINAL-0027,1,21,32
GRPO17,17,HISTORICAL_FINAL256_OBSERVED,requires_mul_or_div,PZ1-FINAL-0028,0,0,32
GRPO17,17,HISTORICAL_FINAL256_OBSERVED,add_sub_solvable,PZ1-FINAL-0029,1,30,32
GRPO17,17,HISTORICAL_FINAL256_OBSERVED,requires_mul_or_div,PZ1-FINAL-0030,0,1,32
GRPO17,17,HISTORICAL_FINAL256_OBSERVED,add_sub_solvable,PZ1-FINAL-0031,0,9,32
GRPO17,17,HISTORICAL_FINAL256_OBSERVED,requires_mul_or_div,PZ1-FINAL-0032,0,10,32
GRPO17,17,HISTORICAL_FINAL256_OBSERVED,add_sub_solvable,PZ1-FINAL-0033,1,32,32
GRPO17,17,HISTORICAL_FINAL256_OBSERVED,requires_mul_or_div,PZ1-FINAL-0034,0,0,32
GRPO17,17,HISTORICAL_FINAL256_OBSERVED,add_sub_solvable,PZ1-FINAL-0035,1,28,32
GRPO17,17,HISTORICAL_FINAL256_OBSERVED,requires_mul_or_div,PZ1-FINAL-0036,0,0,32
GRPO17,17,HISTORICAL_FINAL256_OBSERVED,add_sub_solvable,PZ1-FINAL-0037,0,14,32
GRPO17,17,HISTORICAL_FINAL256_OBSERVED,requires_mul_or_div,PZ1-FINAL-0038,1,10,32
GRPO17,17,HISTORICAL_FINAL256_OBSERVED,add_sub_solvable,PZ1-FINAL-0039,1,17,32
GRPO17,17,HISTORICAL_FINAL256_OBSERVED,requires_mul_or_div,PZ1-FINAL-0040,0,1,32
GRPO17,17,HISTORICAL_FINAL256_OBSERVED,add_sub_solvable,PZ1-FINAL-0041,0,2,32
GRPO17,17,HISTORICAL_FINAL256_OBSERVED,requires_mul_or_div,PZ1-FINAL-0042,0,1,32
GRPO17,17,HISTORICAL_FINAL256_OBSERVED,add_sub_solvable,PZ1-FINAL-0043,1,27,32
GRPO17,17,HISTORICAL_FINAL256_OBSERVED,requires_mul_or_div,PZ1-FINAL-0044,0,0,32
GRPO17,17,HISTORICAL_FINAL256_OBSERVED,add_sub_solvable,PZ1-FINAL-0045,1,29,32
GRPO17,17,HISTORICAL_FINAL256_OBSERVED,requires_mul_or_div,PZ1-FINAL-0046,1,22,32
GRPO17,17,HISTORICAL_FINAL256_OBSERVED,add_sub_solvable,PZ1-FINAL-0047,1,22,32
GRPO17,17,HISTORICAL_FINAL256_OBSERVED,requires_mul_or_div,PZ1-FINAL-0048,0,0,32
GRPO17,17,HISTORICAL_FINAL256_OBSERVED,add_sub_solvable,PZ1-FINAL-0049,1,30,32
GRPO17,17,HISTORICAL_FINAL256_OBSERVED,requires_mul_or_div,PZ1-FINAL-0050,0,14,32
GRPO17,17,HISTORICAL_FINAL256_OBSERVED,add_sub_solvable,PZ1-FINAL-0051,1,14,32
GRPO17,17,HISTORICAL_FINAL256_OBSERVED,requires_mul_or_div,PZ1-FINAL-0052,1,18,32
GRPO17,17,HISTORICAL_FINAL256_OBSERVED,add_sub_solvable,PZ1-FINAL-0053,1,32,32
GRPO17,17,HISTORICAL_FINAL256_OBSERVED,requires_mul_or_div,PZ1-FINAL-0054,0,0,32
GRPO17,17,HISTORICAL_FINAL256_OBSERVED,add_sub_solvable,PZ1-FINAL-0055,0,14,32
GRPO17,17,HISTORICAL_FINAL256_OBSERVED,requires_mul_or_div,PZ1-FINAL-0056,1,16,32
GRPO17,17,HISTORICAL_FINAL256_OBSERVED,add_sub_solvable,PZ1-FINAL-0057,0,7,32
GRPO17,17,HISTORICAL_FINAL256_OBSERVED,requires_mul_or_div,PZ1-FINAL-0058,0,0,32
GRPO17,17,HISTORICAL_FINAL256_OBSERVED,add_sub_solvable,PZ1-FINAL-0059,1,31,32
GRPO17,17,HISTORICAL_FINAL256_OBSERVED,requires_mul_or_div,PZ1-FINAL-0060,1,9,32
GRPO17,17,HISTORICAL_FINAL256_OBSERVED,add_sub_solvable,PZ1-FINAL-0061,1,22,32
GRPO17,17,HISTORICAL_FINAL256_OBSERVED,requires_mul_or_div,PZ1-FINAL-0062,0,4,32
GRPO17,17,HISTORICAL_FINAL256_OBSERVED,add_sub_solvable,PZ1-FINAL-0063,1,20,32
GRPO17,17,HISTORICAL_FINAL256_OBSERVED,requires_mul_or_div,PZ1-FINAL-0064,0,0,32
GRPO17,17,HISTORICAL_FINAL256_OBSERVED,add_sub_solvable,PZ1-FINAL-0065,0,2,32
GRPO17,17,HISTORICAL_FINAL256_OBSERVED,requires_mul_or_div,PZ1-FINAL-0066,0,1,32
GRPO17,17,HISTORICAL_FINAL256_OBSERVED,add_sub_solvable,PZ1-FINAL-0067,0,11,32
GRPO17,17,HISTORICAL_FINAL256_OBSERVED,requires_mul_or_div,PZ1-FINAL-0068,0,0,32
GRPO17,17,HISTORICAL_FINAL256_OBSERVED,add_sub_solvable,PZ1-FINAL-0069,1,6,32
GRPO17,17,HISTORICAL_FINAL256_OBSERVED,requires_mul_or_div,PZ1-FINAL-0070,0,0,32
GRPO17,17,HISTORICAL_FINAL256_OBSERVED,add_sub_solvable,PZ1-FINAL-0071,1,31,32
GRPO17,17,HISTORICAL_FINAL256_OBSERVED,requires_mul_or_div,PZ1-FINAL-0072,0,0,32
GRPO17,17,HISTORICAL_FINAL256_OBSERVED,add_sub_solvable,PZ1-FINAL-0073,1,17,32
GRPO17,17,HISTORICAL_FINAL256_OBSERVED,requires_mul_or_div,PZ1-FINAL-0074,0,1,32
GRPO17,17,HISTORICAL_FINAL256_OBSERVED,add_sub_solvable,PZ1-FINAL-0075,1,13,32
GRPO17,17,HISTORICAL_FINAL256_OBSERVED,requires_mul_or_div,PZ1-FINAL-0076,0,10,32
GRPO17,17,HISTORICAL_FINAL256_OBSERVED,add_sub_solvable,PZ1-FINAL-0077,1,28,32
GRPO17,17,HISTORICAL_FINAL256_OBSERVED,requires_mul_or_div,PZ1-FINAL-0078,1,22,32
GRPO17,17,HISTORICAL_FINAL256_OBSERVED,add_sub_solvable,PZ1-FINAL-0079,0,0,32
GRPO17,17,HISTORICAL_FINAL256_OBSERVED,requires_mul_or_div,PZ1-FINAL-0080,0,0,32
GRPO17,17,HISTORICAL_FINAL256_OBSERVED,add_sub_solvable,PZ1-FINAL-0081,0,0,32
GRPO17,17,HISTORICAL_FINAL256_OBSERVED,requires_mul_or_div,PZ1-FINAL-0082,0,0,32
GRPO17,17,HISTORICAL_FINAL256_OBSERVED,add_sub_solvable,PZ1-FINAL-0083,1,25,32
GRPO17,17,HISTORICAL_FINAL256_OBSERVED,requires_mul_or_div,PZ1-FINAL-0084,0,1,32
GRPO17,17,HISTORICAL_FINAL256_OBSERVED,add_sub_solvable,PZ1-FINAL-0085,0,0,32
GRPO17,17,HISTORICAL_FINAL256_OBSERVED,requires_mul_or_div,PZ1-FINAL-0086,0,0,32
GRPO17,17,HISTORICAL_FINAL256_OBSERVED,add_sub_solvable,PZ1-FINAL-0087,1,32,32
GRPO17,17,HISTORICAL_FINAL256_OBSERVED,requires_mul_or_div,PZ1-FINAL-0088,0,0,32
GRPO17,17,HISTORICAL_FINAL256_OBSERVED,add_sub_solvable,PZ1-FINAL-0089,0,17,32
GRPO17,17,HISTORICAL_FINAL256_OBSERVED,requires_mul_or_div,PZ1-FINAL-0090,0,0,32
GRPO17,17,HISTORICAL_FINAL256_OBSERVED,add_sub_solvable,PZ1-FINAL-0091,1,25,32
GRPO17,17,HISTORICAL_FINAL256_OBSERVED,requires_mul_or_div,PZ1-FINAL-0092,0,5,32
GRPO17,17,HISTORICAL_FINAL256_OBSERVED,add_sub_solvable,PZ1-FINAL-0093,0,9,32
GRPO17,17,HISTORICAL_FINAL256_OBSERVED,requires_mul_or_div,PZ1-FINAL-0094,0,0,32
GRPO17,17,HISTORICAL_FINAL256_OBSERVED,add_sub_solvable,PZ1-FINAL-0095,1,26,32
GRPO17,17,HISTORICAL_FINAL256_OBSERVED,requires_mul_or_div,PZ1-FINAL-0096,0,1,32
GRPO17,17,HISTORICAL_FINAL256_OBSERVED,add_sub_solvable,PZ1-FINAL-0097,1,26,32
GRPO17,17,HISTORICAL_FINAL256_OBSERVED,requires_mul_or_div,PZ1-FINAL-0098,0,0,32
GRPO17,17,HISTORICAL_FINAL256_OBSERVED,add_sub_solvable,PZ1-FINAL-0099,1,11,32
GRPO17,17,HISTORICAL_FINAL256_OBSERVED,requires_mul_or_div,PZ1-FINAL-0100,0,6,32
GRPO17,17,HISTORICAL_FINAL256_OBSERVED,add_sub_solvable,PZ1-FINAL-0101,1,8,32
GRPO17,17,HISTORICAL_FINAL256_OBSERVED,requires_mul_or_div,PZ1-FINAL-0102,0,4,32
GRPO17,17,HISTORICAL_FINAL256_OBSERVED,add_sub_solvable,PZ1-FINAL-0103,0,5,32
GRPO17,17,HISTORICAL_FINAL256_OBSERVED,requires_mul_or_div,PZ1-FINAL-0104,0,1,32
GRPO17,17,HISTORICAL_FINAL256_OBSERVED,add_sub_solvable,PZ1-FINAL-0105,1,30,32
GRPO17,17,HISTORICAL_FINAL256_OBSERVED,requires_mul_or_div,PZ1-FINAL-0106,0,9,32
GRPO17,17,HISTORICAL_FINAL256_OBSERVED,add_sub_solvable,PZ1-FINAL-0107,0,8,32
GRPO17,17,HISTORICAL_FINAL256_OBSERVED,requires_mul_or_div,PZ1-FINAL-0108,0,6,32
GRPO17,17,HISTORICAL_FINAL256_OBSERVED,add_sub_solvable,PZ1-FINAL-0109,0,0,32
GRPO17,17,HISTORICAL_FINAL256_OBSERVED,requires_mul_or_div,PZ1-FINAL-0110,1,27,32
GRPO17,17,HISTORICAL_FINAL256_OBSERVED,add_sub_solvable,PZ1-FINAL-0111,1,15,32
GRPO17,17,HISTORICAL_FINAL256_OBSERVED,requires_mul_or_div,PZ1-FINAL-0112,0,0,32
GRPO17,17,HISTORICAL_FINAL256_OBSERVED,add_sub_solvable,PZ1-FINAL-0113,0,1,32
GRPO17,17,HISTORICAL_FINAL256_OBSERVED,requires_mul_or_div,PZ1-FINAL-0114,0,0,32
GRPO17,17,HISTORICAL_FINAL256_OBSERVED,add_sub_solvable,PZ1-FINAL-0115,1,22,32
GRPO17,17,HISTORICAL_FINAL256_OBSERVED,requires_mul_or_div,PZ1-FINAL-0116,0,0,32
GRPO17,17,HISTORICAL_FINAL256_OBSERVED,add_sub_solvable,PZ1-FINAL-0117,1,32,32
GRPO17,17,HISTORICAL_FINAL256_OBSERVED,requires_mul_or_div,PZ1-FINAL-0118,0,0,32
GRPO17,17,HISTORICAL_FINAL256_OBSERVED,add_sub_solvable,PZ1-FINAL-0119,1,31,32
GRPO17,17,HISTORICAL_FINAL256_OBSERVED,requires_mul_or_div,PZ1-FINAL-0120,0,7,32
GRPO17,17,HISTORICAL_FINAL256_OBSERVED,add_sub_solvable,PZ1-FINAL-0121,0,0,32
GRPO17,17,HISTORICAL_FINAL256_OBSERVED,requires_mul_or_div,PZ1-FINAL-0122,0,0,32
GRPO17,17,HISTORICAL_FINAL256_OBSERVED,add_sub_solvable,PZ1-FINAL-0123,1,29,32
GRPO17,17,HISTORICAL_FINAL256_OBSERVED,requires_mul_or_div,PZ1-FINAL-0124,1,24,32
GRPO17,17,HISTORICAL_FINAL256_OBSERVED,add_sub_solvable,PZ1-FINAL-0125,0,6,32
GRPO17,17,HISTORICAL_FINAL256_OBSERVED,requires_mul_or_div,PZ1-FINAL-0126,0,0,32
GRPO17,17,HISTORICAL_FINAL256_OBSERVED,add_sub_solvable,PZ1-FINAL-0127,1,31,32
GRPO17,17,HISTORICAL_FINAL256_OBSERVED,requires_mul_or_div,PZ1-FINAL-0128,0,0,32
GRPO17,17,HISTORICAL_FINAL256_OBSERVED,add_sub_solvable,PZ1-FINAL-0129,0,1,32
GRPO17,17,HISTORICAL_FINAL256_OBSERVED,requires_mul_or_div,PZ1-FINAL-0130,1,8,32
GRPO17,17,HISTORICAL_FINAL256_OBSERVED,add_sub_solvable,PZ1-FINAL-0131,0,8,32
GRPO17,17,HISTORICAL_FINAL256_OBSERVED,requires_mul_or_div,PZ1-FINAL-0132,0,0,32
GRPO17,17,HISTORICAL_FINAL256_OBSERVED,add_sub_solvable,PZ1-FINAL-0133,0,16,32
GRPO17,17,HISTORICAL_FINAL256_OBSERVED,requires_mul_or_div,PZ1-FINAL-0134,0,0,32
GRPO17,17,HISTORICAL_FINAL256_OBSERVED,add_sub_solvable,PZ1-FINAL-0135,1,27,32
GRPO17,17,HISTORICAL_FINAL256_OBSERVED,requires_mul_or_div,PZ1-FINAL-0136,0,0,32
GRPO17,17,HISTORICAL_FINAL256_OBSERVED,add_sub_solvable,PZ1-FINAL-0137,0,17,32
GRPO17,17,HISTORICAL_FINAL256_OBSERVED,requires_mul_or_div,PZ1-FINAL-0138,1,24,32
GRPO17,17,HISTORICAL_FINAL256_OBSERVED,add_sub_solvable,PZ1-FINAL-0139,1,24,32
GRPO17,17,HISTORICAL_FINAL256_OBSERVED,requires_mul_or_div,PZ1-FINAL-0140,0,4,32
GRPO17,17,HISTORICAL_FINAL256_OBSERVED,add_sub_solvable,PZ1-FINAL-0141,0,5,32
GRPO17,17,HISTORICAL_FINAL256_OBSERVED,requires_mul_or_div,PZ1-FINAL-0142,0,0,32
GRPO17,17,HISTORICAL_FINAL256_OBSERVED,add_sub_solvable,PZ1-FINAL-0143,1,20,32
GRPO17,17,HISTORICAL_FINAL256_OBSERVED,requires_mul_or_div,PZ1-FINAL-0144,0,0,32
GRPO17,17,HISTORICAL_FINAL256_OBSERVED,add_sub_solvable,PZ1-FINAL-0145,1,20,32
GRPO17,17,HISTORICAL_FINAL256_OBSERVED,requires_mul_or_div,PZ1-FINAL-0146,0,0,32
GRPO17,17,HISTORICAL_FINAL256_OBSERVED,add_sub_solvable,PZ1-FINAL-0147,1,28,32
GRPO17,17,HISTORICAL_FINAL256_OBSERVED,requires_mul_or_div,PZ1-FINAL-0148,0,5,32
GRPO17,17,HISTORICAL_FINAL256_OBSERVED,add_sub_solvable,PZ1-FINAL-0149,1,29,32
GRPO17,17,HISTORICAL_FINAL256_OBSERVED,requires_mul_or_div,PZ1-FINAL-0150,0,0,32
GRPO17,17,HISTORICAL_FINAL256_OBSERVED,add_sub_solvable,PZ1-FINAL-0151,0,11,32
GRPO17,17,HISTORICAL_FINAL256_OBSERVED,requires_mul_or_div,PZ1-FINAL-0152,0,0,32
GRPO17,17,HISTORICAL_FINAL256_OBSERVED,add_sub_solvable,PZ1-FINAL-0153,1,19,32
GRPO17,17,HISTORICAL_FINAL256_OBSERVED,requires_mul_or_div,PZ1-FINAL-0154,0,1,32
GRPO17,17,HISTORICAL_FINAL256_OBSERVED,add_sub_solvable,PZ1-FINAL-0155,1,30,32
GRPO17,17,HISTORICAL_FINAL256_OBSERVED,requires_mul_or_div,PZ1-FINAL-0156,0,0,32
GRPO17,17,HISTORICAL_FINAL256_OBSERVED,add_sub_solvable,PZ1-FINAL-0157,1,32,32
GRPO17,17,HISTORICAL_FINAL256_OBSERVED,requires_mul_or_div,PZ1-FINAL-0158,0,0,32
GRPO17,17,HISTORICAL_FINAL256_OBSERVED,add_sub_solvable,PZ1-FINAL-0159,1,14,32
GRPO17,17,HISTORICAL_FINAL256_OBSERVED,requires_mul_or_div,PZ1-FINAL-0160,0,2,32
GRPO17,17,HISTORICAL_FINAL256_OBSERVED,add_sub_solvable,PZ1-FINAL-0161,0,1,32
GRPO17,17,HISTORICAL_FINAL256_OBSERVED,requires_mul_or_div,PZ1-FINAL-0162,1,18,32
GRPO17,17,HISTORICAL_FINAL256_OBSERVED,add_sub_solvable,PZ1-FINAL-0163,0,17,32
GRPO17,17,HISTORICAL_FINAL256_OBSERVED,requires_mul_or_div,PZ1-FINAL-0164,0,0,32
GRPO17,17,HISTORICAL_FINAL256_OBSERVED,add_sub_solvable,PZ1-FINAL-0165,1,32,32
GRPO17,17,HISTORICAL_FINAL256_OBSERVED,requires_mul_or_div,PZ1-FINAL-0166,0,0,32
GRPO17,17,HISTORICAL_FINAL256_OBSERVED,add_sub_solvable,PZ1-FINAL-0167,1,28,32
GRPO17,17,HISTORICAL_FINAL256_OBSERVED,requires_mul_or_div,PZ1-FINAL-0168,0,0,32
GRPO17,17,HISTORICAL_FINAL256_OBSERVED,add_sub_solvable,PZ1-FINAL-0169,1,17,32
GRPO17,17,HISTORICAL_FINAL256_OBSERVED,requires_mul_or_div,PZ1-FINAL-0170,0,0,32
GRPO17,17,HISTORICAL_FINAL256_OBSERVED,add_sub_solvable,PZ1-FINAL-0171,1,26,32
GRPO17,17,HISTORICAL_FINAL256_OBSERVED,requires_mul_or_div,PZ1-FINAL-0172,0,0,32
GRPO17,17,HISTORICAL_FINAL256_OBSERVED,add_sub_solvable,PZ1-FINAL-0173,1,28,32
GRPO17,17,HISTORICAL_FINAL256_OBSERVED,requires_mul_or_div,PZ1-FINAL-0174,0,0,32
GRPO17,17,HISTORICAL_FINAL256_OBSERVED,add_sub_solvable,PZ1-FINAL-0175,1,28,32
GRPO17,17,HISTORICAL_FINAL256_OBSERVED,requires_mul_or_div,PZ1-FINAL-0176,0,0,32
GRPO17,17,HISTORICAL_FINAL256_OBSERVED,add_sub_solvable,PZ1-FINAL-0177,1,29,32
GRPO17,17,HISTORICAL_FINAL256_OBSERVED,requires_mul_or_div,PZ1-FINAL-0178,1,18,32
GRPO17,17,HISTORICAL_FINAL256_OBSERVED,add_sub_solvable,PZ1-FINAL-0179,1,23,32
GRPO17,17,HISTORICAL_FINAL256_OBSERVED,requires_mul_or_div,PZ1-FINAL-0180,0,0,32
GRPO17,17,HISTORICAL_FINAL256_OBSERVED,add_sub_solvable,PZ1-FINAL-0181,1,22,32
GRPO17,17,HISTORICAL_FINAL256_OBSERVED,requires_mul_or_div,PZ1-FINAL-0182,1,32,32
GRPO17,17,HISTORICAL_FINAL256_OBSERVED,add_sub_solvable,PZ1-FINAL-0183,1,27,32
GRPO17,17,HISTORICAL_FINAL256_OBSERVED,requires_mul_or_div,PZ1-FINAL-0184,0,5,32
GRPO17,17,HISTORICAL_FINAL256_OBSERVED,add_sub_solvable,PZ1-FINAL-0185,1,29,32
GRPO17,17,HISTORICAL_FINAL256_OBSERVED,requires_mul_or_div,PZ1-FINAL-0186,0,0,32
GRPO17,17,HISTORICAL_FINAL256_OBSERVED,add_sub_solvable,PZ1-FINAL-0187,1,23,32
GRPO17,17,HISTORICAL_FINAL256_OBSERVED,requires_mul_or_div,PZ1-FINAL-0188,0,0,32
GRPO17,17,HISTORICAL_FINAL256_OBSERVED,add_sub_solvable,PZ1-FINAL-0189,1,21,32
GRPO17,17,HISTORICAL_FINAL256_OBSERVED,requires_mul_or_div,PZ1-FINAL-0190,0,0,32
GRPO17,17,HISTORICAL_FINAL256_OBSERVED,add_sub_solvable,PZ1-FINAL-0191,0,5,32
GRPO17,17,HISTORICAL_FINAL256_OBSERVED,requires_mul_or_div,PZ1-FINAL-0192,0,1,32
GRPO17,17,HISTORICAL_FINAL256_OBSERVED,add_sub_solvable,PZ1-FINAL-0193,1,28,32
GRPO17,17,HISTORICAL_FINAL256_OBSERVED,requires_mul_or_div,PZ1-FINAL-0194,0,0,32
GRPO17,17,HISTORICAL_FINAL256_OBSERVED,add_sub_solvable,PZ1-FINAL-0195,1,25,32
GRPO17,17,HISTORICAL_FINAL256_OBSERVED,requires_mul_or_div,PZ1-FINAL-0196,0,0,32
GRPO17,17,HISTORICAL_FINAL256_OBSERVED,add_sub_solvable,PZ1-FINAL-0197,1,22,32
GRPO17,17,HISTORICAL_FINAL256_OBSERVED,requires_mul_or_div,PZ1-FINAL-0198,0,0,32
GRPO17,17,HISTORICAL_FINAL256_OBSERVED,add_sub_solvable,PZ1-FINAL-0199,1,31,32
GRPO17,17,HISTORICAL_FINAL256_OBSERVED,requires_mul_or_div,PZ1-FINAL-0200,0,0,32
GRPO17,17,HISTORICAL_FINAL256_OBSERVED,add_sub_solvable,PZ1-FINAL-0201,1,22,32
GRPO17,17,HISTORICAL_FINAL256_OBSERVED,requires_mul_or_div,PZ1-FINAL-0202,1,29,32
GRPO17,17,HISTORICAL_FINAL256_OBSERVED,add_sub_solvable,PZ1-FINAL-0203,1,31,32
GRPO17,17,HISTORICAL_FINAL256_OBSERVED,requires_mul_or_div,PZ1-FINAL-0204,0,0,32
GRPO17,17,HISTORICAL_FINAL256_OBSERVED,add_sub_solvable,PZ1-FINAL-0205,1,27,32
GRPO17,17,HISTORICAL_FINAL256_OBSERVED,requires_mul_or_div,PZ1-FINAL-0206,0,1,32
GRPO17,17,HISTORICAL_FINAL256_OBSERVED,add_sub_solvable,PZ1-FINAL-0207,1,20,32
GRPO17,17,HISTORICAL_FINAL256_OBSERVED,requires_mul_or_div,PZ1-FINAL-0208,0,0,32
GRPO17,17,HISTORICAL_FINAL256_OBSERVED,add_sub_solvable,PZ1-FINAL-0209,1,20,32
GRPO17,17,HISTORICAL_FINAL256_OBSERVED,requires_mul_or_div,PZ1-FINAL-0210,0,0,32
GRPO17,17,HISTORICAL_FINAL256_OBSERVED,add_sub_solvable,PZ1-FINAL-0211,0,3,32
GRPO17,17,HISTORICAL_FINAL256_OBSERVED,requires_mul_or_div,PZ1-FINAL-0212,0,0,32
GRPO17,17,HISTORICAL_FINAL256_OBSERVED,add_sub_solvable,PZ1-FINAL-0213,1,31,32
GRPO17,17,HISTORICAL_FINAL256_OBSERVED,requires_mul_or_div,PZ1-FINAL-0214,0,0,32
GRPO17,17,HISTORICAL_FINAL256_OBSERVED,add_sub_solvable,PZ1-FINAL-0215,1,27,32
GRPO17,17,HISTORICAL_FINAL256_OBSERVED,requires_mul_or_div,PZ1-FINAL-0216,0,1,32
GRPO17,17,HISTORICAL_FINAL256_OBSERVED,add_sub_solvable,PZ1-FINAL-0217,1,29,32
GRPO17,17,HISTORICAL_FINAL256_OBSERVED,requires_mul_or_div,PZ1-FINAL-0218,1,12,32
GRPO17,17,HISTORICAL_FINAL256_OBSERVED,add_sub_solvable,PZ1-FINAL-0219,1,22,32
GRPO17,17,HISTORICAL_FINAL256_OBSERVED,requires_mul_or_div,PZ1-FINAL-0220,0,0,32
GRPO17,17,HISTORICAL_FINAL256_OBSERVED,add_sub_solvable,PZ1-FINAL-0221,1,31,32
GRPO17,17,HISTORICAL_FINAL256_OBSERVED,requires_mul_or_div,PZ1-FINAL-0222,1,26,32
GRPO17,17,HISTORICAL_FINAL256_OBSERVED,add_sub_solvable,PZ1-FINAL-0223,1,27,32
GRPO17,17,HISTORICAL_FINAL256_OBSERVED,requires_mul_or_div,PZ1-FINAL-0224,0,0,32
GRPO17,17,HISTORICAL_FINAL256_OBSERVED,add_sub_solvable,PZ1-FINAL-0225,1,32,32
GRPO17,17,HISTORICAL_FINAL256_OBSERVED,requires_mul_or_div,PZ1-FINAL-0226,0,0,32
GRPO17,17,HISTORICAL_FINAL256_OBSERVED,add_sub_solvable,PZ1-FINAL-0227,1,28,32
GRPO17,17,HISTORICAL_FINAL256_OBSERVED,requires_mul_or_div,PZ1-FINAL-0228,0,0,32
GRPO17,17,HISTORICAL_FINAL256_OBSERVED,add_sub_solvable,PZ1-FINAL-0229,1,27,32
GRPO17,17,HISTORICAL_FINAL256_OBSERVED,requires_mul_or_div,PZ1-FINAL-0230,0,8,32
GRPO17,17,HISTORICAL_FINAL256_OBSERVED,add_sub_solvable,PZ1-FINAL-0231,1,20,32
GRPO17,17,HISTORICAL_FINAL256_OBSERVED,requires_mul_or_div,PZ1-FINAL-0232,0,2,32
GRPO17,17,HISTORICAL_FINAL256_OBSERVED,add_sub_solvable,PZ1-FINAL-0233,1,23,32
GRPO17,17,HISTORICAL_FINAL256_OBSERVED,requires_mul_or_div,PZ1-FINAL-0234,0,8,32
GRPO17,17,HISTORICAL_FINAL256_OBSERVED,add_sub_solvable,PZ1-FINAL-0235,1,32,32
GRPO17,17,HISTORICAL_FINAL256_OBSERVED,requires_mul_or_div,PZ1-FINAL-0236,0,13,32
GRPO17,17,HISTORICAL_FINAL256_OBSERVED,add_sub_solvable,PZ1-FINAL-0237,1,20,32
GRPO17,17,HISTORICAL_FINAL256_OBSERVED,requires_mul_or_div,PZ1-FINAL-0238,0,0,32
GRPO17,17,HISTORICAL_FINAL256_OBSERVED,add_sub_solvable,PZ1-FINAL-0239,0,15,32
GRPO17,17,HISTORICAL_FINAL256_OBSERVED,requires_mul_or_div,PZ1-FINAL-0240,0,0,32
GRPO17,17,HISTORICAL_FINAL256_OBSERVED,add_sub_solvable,PZ1-FINAL-0241,1,29,32
GRPO17,17,HISTORICAL_FINAL256_OBSERVED,requires_mul_or_div,PZ1-FINAL-0242,0,1,32
GRPO17,17,HISTORICAL_FINAL256_OBSERVED,add_sub_solvable,PZ1-FINAL-0243,1,25,32
GRPO17,17,HISTORICAL_FINAL256_OBSERVED,requires_mul_or_div,PZ1-FINAL-0244,0,0,32
GRPO17,17,HISTORICAL_FINAL256_OBSERVED,add_sub_solvable,PZ1-FINAL-0245,1,18,32
GRPO17,17,HISTORICAL_FINAL256_OBSERVED,requires_mul_or_div,PZ1-FINAL-0246,0,0,32
GRPO17,17,HISTORICAL_FINAL256_OBSERVED,add_sub_solvable,PZ1-FINAL-0247,0,27,32
GRPO17,17,HISTORICAL_FINAL256_OBSERVED,requires_mul_or_div,PZ1-FINAL-0248,1,13,32
GRPO17,17,HISTORICAL_FINAL256_OBSERVED,add_sub_solvable,PZ1-FINAL-0249,1,28,32
GRPO17,17,HISTORICAL_FINAL256_OBSERVED,requires_mul_or_div,PZ1-FINAL-0250,0,0,32
GRPO17,17,HISTORICAL_FINAL256_OBSERVED,add_sub_solvable,PZ1-FINAL-0251,0,5,32
GRPO17,17,HISTORICAL_FINAL256_OBSERVED,requires_mul_or_div,PZ1-FINAL-0252,0,0,32
GRPO17,17,HISTORICAL_FINAL256_OBSERVED,add_sub_solvable,PZ1-FINAL-0253,1,16,32
GRPO17,17,HISTORICAL_FINAL256_OBSERVED,requires_mul_or_div,PZ1-FINAL-0254,0,0,32
GRPO17,17,HISTORICAL_FINAL256_OBSERVED,add_sub_solvable,PZ1-FINAL-0255,0,11,32
GRPO17,17,HISTORICAL_FINAL256_OBSERVED,requires_mul_or_div,PZ1-FINAL-0256,0,4,32
GRPO17,17,CONFIRM128_RESERVED,add_sub_solvable,PZ2-CONFIRM-0001,1,27,32
GRPO17,17,CONFIRM128_RESERVED,requires_mul_or_div,PZ2-CONFIRM-0002,0,1,32
GRPO17,17,CONFIRM128_RESERVED,add_sub_solvable,PZ2-CONFIRM-0003,1,21,32
GRPO17,17,CONFIRM128_RESERVED,requires_mul_or_div,PZ2-CONFIRM-0004,1,5,32
GRPO17,17,CONFIRM128_RESERVED,add_sub_solvable,PZ2-CONFIRM-0005,0,0,32
GRPO17,17,CONFIRM128_RESERVED,requires_mul_or_div,PZ2-CONFIRM-0006,1,26,32
GRPO17,17,CONFIRM128_RESERVED,add_sub_solvable,PZ2-CONFIRM-0007,0,6,32
GRPO17,17,CONFIRM128_RESERVED,requires_mul_or_div,PZ2-CONFIRM-0008,0,0,32
GRPO17,17,CONFIRM128_RESERVED,add_sub_solvable,PZ2-CONFIRM-0009,1,20,32
GRPO17,17,CONFIRM128_RESERVED,requires_mul_or_div,PZ2-CONFIRM-0010,0,0,32
GRPO17,17,CONFIRM128_RESERVED,add_sub_solvable,PZ2-CONFIRM-0011,0,9,32
GRPO17,17,CONFIRM128_RESERVED,requires_mul_or_div,PZ2-CONFIRM-0012,0,0,32
GRPO17,17,CONFIRM128_RESERVED,add_sub_solvable,PZ2-CONFIRM-0013,1,21,32
GRPO17,17,CONFIRM128_RESERVED,requires_mul_or_div,PZ2-CONFIRM-0014,0,0,32
GRPO17,17,CONFIRM128_RESERVED,add_sub_solvable,PZ2-CONFIRM-0015,1,30,32
GRPO17,17,CONFIRM128_RESERVED,requires_mul_or_div,PZ2-CONFIRM-0016,0,0,32
GRPO17,17,CONFIRM128_RESERVED,add_sub_solvable,PZ2-CONFIRM-0017,1,30,32
GRPO17,17,CONFIRM128_RESERVED,requires_mul_or_div,PZ2-CONFIRM-0018,0,0,32
GRPO17,17,CONFIRM128_RESERVED,add_sub_solvable,PZ2-CONFIRM-0019,0,0,32
GRPO17,17,CONFIRM128_RESERVED,requires_mul_or_div,PZ2-CONFIRM-0020,0,0,32
GRPO17,17,CONFIRM128_RESERVED,add_sub_solvable,PZ2-CONFIRM-0021,0,12,32
GRPO17,17,CONFIRM128_RESERVED,requires_mul_or_div,PZ2-CONFIRM-0022,0,0,32
GRPO17,17,CONFIRM128_RESERVED,add_sub_solvable,PZ2-CONFIRM-0023,1,24,32
GRPO17,17,CONFIRM128_RESERVED,requires_mul_or_div,PZ2-CONFIRM-0024,0,0,32
GRPO17,17,CONFIRM128_RESERVED,add_sub_solvable,PZ2-CONFIRM-0025,0,1,32
GRPO17,17,CONFIRM128_RESERVED,requires_mul_or_div,PZ2-CONFIRM-0026,0,0,32
GRPO17,17,CONFIRM128_RESERVED,add_sub_solvable,PZ2-CONFIRM-0027,1,13,32
GRPO17,17,CONFIRM128_RESERVED,requires_mul_or_div,PZ2-CONFIRM-0028,0,0,32
GRPO17,17,CONFIRM128_RESERVED,add_sub_solvable,PZ2-CONFIRM-0029,1,30,32
GRPO17,17,CONFIRM128_RESERVED,requires_mul_or_div,PZ2-CONFIRM-0030,0,0,32
GRPO17,17,CONFIRM128_RESERVED,add_sub_solvable,PZ2-CONFIRM-0031,1,24,32
GRPO17,17,CONFIRM128_RESERVED,requires_mul_or_div,PZ2-CONFIRM-0032,0,0,32
GRPO17,17,CONFIRM128_RESERVED,add_sub_solvable,PZ2-CONFIRM-0033,1,24,32
GRPO17,17,CONFIRM128_RESERVED,requires_mul_or_div,PZ2-CONFIRM-0034,0,3,32
GRPO17,17,CONFIRM128_RESERVED,add_sub_solvable,PZ2-CONFIRM-0035,1,27,32
GRPO17,17,CONFIRM128_RESERVED,requires_mul_or_div,PZ2-CONFIRM-0036,0,0,32
GRPO17,17,CONFIRM128_RESERVED,add_sub_solvable,PZ2-CONFIRM-0037,1,28,32
GRPO17,17,CONFIRM128_RESERVED,requires_mul_or_div,PZ2-CONFIRM-0038,0,0,32
GRPO17,17,CONFIRM128_RESERVED,add_sub_solvable,PZ2-CONFIRM-0039,1,15,32
GRPO17,17,CONFIRM128_RESERVED,requires_mul_or_div,PZ2-CONFIRM-0040,0,0,32
GRPO17,17,CONFIRM128_RESERVED,add_sub_solvable,PZ2-CONFIRM-0041,1,26,32
GRPO17,17,CONFIRM128_RESERVED,requires_mul_or_div,PZ2-CONFIRM-0042,0,0,32
GRPO17,17,CONFIRM128_RESERVED,add_sub_solvable,PZ2-CONFIRM-0043,1,31,32
GRPO17,17,CONFIRM128_RESERVED,requires_mul_or_div,PZ2-CONFIRM-0044,0,0,32
GRPO17,17,CONFIRM128_RESERVED,add_sub_solvable,PZ2-CONFIRM-0045,1,31,32
GRPO17,17,CONFIRM128_RESERVED,requires_mul_or_div,PZ2-CONFIRM-0046,0,1,32
GRPO17,17,CONFIRM128_RESERVED,add_sub_solvable,PZ2-CONFIRM-0047,1,14,32
GRPO17,17,CONFIRM128_RESERVED,requires_mul_or_div,PZ2-CONFIRM-0048,0,1,32
GRPO17,17,CONFIRM128_RESERVED,add_sub_solvable,PZ2-CONFIRM-0049,1,16,32
GRPO17,17,CONFIRM128_RESERVED,requires_mul_or_div,PZ2-CONFIRM-0050,0,6,32
GRPO17,17,CONFIRM128_RESERVED,add_sub_solvable,PZ2-CONFIRM-0051,1,14,32
GRPO17,17,CONFIRM128_RESERVED,requires_mul_or_div,PZ2-CONFIRM-0052,0,0,32
GRPO17,17,CONFIRM128_RESERVED,add_sub_solvable,PZ2-CONFIRM-0053,1,27,32
GRPO17,17,CONFIRM128_RESERVED,requires_mul_or_div,PZ2-CONFIRM-0054,0,0,32
GRPO17,17,CONFIRM128_RESERVED,add_sub_solvable,PZ2-CONFIRM-0055,1,26,32
GRPO17,17,CONFIRM128_RESERVED,requires_mul_or_div,PZ2-CONFIRM-0056,1,25,32
GRPO17,17,CONFIRM128_RESERVED,add_sub_solvable,PZ2-CONFIRM-0057,1,24,32
GRPO17,17,CONFIRM128_RESERVED,requires_mul_or_div,PZ2-CONFIRM-0058,0,4,32
GRPO17,17,CONFIRM128_RESERVED,add_sub_solvable,PZ2-CONFIRM-0059,1,24,32
GRPO17,17,CONFIRM128_RESERVED,requires_mul_or_div,PZ2-CONFIRM-0060,0,0,32
GRPO17,17,CONFIRM128_RESERVED,add_sub_solvable,PZ2-CONFIRM-0061,0,9,32
GRPO17,17,CONFIRM128_RESERVED,requires_mul_or_div,PZ2-CONFIRM-0062,0,0,32
GRPO17,17,CONFIRM128_RESERVED,add_sub_solvable,PZ2-CONFIRM-0063,1,23,32
GRPO17,17,CONFIRM128_RESERVED,requires_mul_or_div,PZ2-CONFIRM-0064,0,0,32
GRPO17,17,CONFIRM128_RESERVED,add_sub_solvable,PZ2-CONFIRM-0065,0,5,32
GRPO17,17,CONFIRM128_RESERVED,requires_mul_or_div,PZ2-CONFIRM-0066,0,2,32
GRPO17,17,CONFIRM128_RESERVED,add_sub_solvable,PZ2-CONFIRM-0067,0,5,32
GRPO17,17,CONFIRM128_RESERVED,requires_mul_or_div,PZ2-CONFIRM-0068,0,5,32
GRPO17,17,CONFIRM128_RESERVED,add_sub_solvable,PZ2-CONFIRM-0069,1,32,32
GRPO17,17,CONFIRM128_RESERVED,requires_mul_or_div,PZ2-CONFIRM-0070,0,0,32
GRPO17,17,CONFIRM128_RESERVED,add_sub_solvable,PZ2-CONFIRM-0071,1,31,32
GRPO17,17,CONFIRM128_RESERVED,requires_mul_or_div,PZ2-CONFIRM-0072,0,0,32
GRPO17,17,CONFIRM128_RESERVED,add_sub_solvable,PZ2-CONFIRM-0073,1,30,32
GRPO17,17,CONFIRM128_RESERVED,requires_mul_or_div,PZ2-CONFIRM-0074,0,2,32
GRPO17,17,CONFIRM128_RESERVED,add_sub_solvable,PZ2-CONFIRM-0075,0,3,32
GRPO17,17,CONFIRM128_RESERVED,requires_mul_or_div,PZ2-CONFIRM-0076,0,0,32
GRPO17,17,CONFIRM128_RESERVED,add_sub_solvable,PZ2-CONFIRM-0077,1,26,32
GRPO17,17,CONFIRM128_RESERVED,requires_mul_or_div,PZ2-CONFIRM-0078,0,1,32
GRPO17,17,CONFIRM128_RESERVED,add_sub_solvable,PZ2-CONFIRM-0079,0,1,32
GRPO17,17,CONFIRM128_RESERVED,requires_mul_or_div,PZ2-CONFIRM-0080,0,0,32
GRPO17,17,CONFIRM128_RESERVED,add_sub_solvable,PZ2-CONFIRM-0081,1,22,32
GRPO17,17,CONFIRM128_RESERVED,requires_mul_or_div,PZ2-CONFIRM-0082,0,0,32
GRPO17,17,CONFIRM128_RESERVED,add_sub_solvable,PZ2-CONFIRM-0083,0,2,32
GRPO17,17,CONFIRM128_RESERVED,requires_mul_or_div,PZ2-CONFIRM-0084,0,0,32
GRPO17,17,CONFIRM128_RESERVED,add_sub_solvable,PZ2-CONFIRM-0085,1,32,32
GRPO17,17,CONFIRM128_RESERVED,requires_mul_or_div,PZ2-CONFIRM-0086,0,0,32
GRPO17,17,CONFIRM128_RESERVED,add_sub_solvable,PZ2-CONFIRM-0087,1,13,32
GRPO17,17,CONFIRM128_RESERVED,requires_mul_or_div,PZ2-CONFIRM-0088,0,0,32
GRPO17,17,CONFIRM128_RESERVED,add_sub_solvable,PZ2-CONFIRM-0089,1,24,32
GRPO17,17,CONFIRM128_RESERVED,requires_mul_or_div,PZ2-CONFIRM-0090,0,1,32
GRPO17,17,CONFIRM128_RESERVED,add_sub_solvable,PZ2-CONFIRM-0091,0,14,32
GRPO17,17,CONFIRM128_RESERVED,requires_mul_or_div,PZ2-CONFIRM-0092,0,0,32
GRPO17,17,CONFIRM128_RESERVED,add_sub_solvable,PZ2-CONFIRM-0093,0,1,32
GRPO17,17,CONFIRM128_RESERVED,requires_mul_or_div,PZ2-CONFIRM-0094,0,4,32
GRPO17,17,CONFIRM128_RESERVED,add_sub_solvable,PZ2-CONFIRM-0095,1,31,32
GRPO17,17,CONFIRM128_RESERVED,requires_mul_or_div,PZ2-CONFIRM-0096,0,0,32
GRPO17,17,CONFIRM128_RESERVED,add_sub_solvable,PZ2-CONFIRM-0097,0,0,32
GRPO17,17,CONFIRM128_RESERVED,requires_mul_or_div,PZ2-CONFIRM-0098,0,0,32
GRPO17,17,CONFIRM128_RESERVED,add_sub_solvable,PZ2-CONFIRM-0099,1,25,32
GRPO17,17,CONFIRM128_RESERVED,requires_mul_or_div,PZ2-CONFIRM-0100,0,0,32
GRPO17,17,CONFIRM128_RESERVED,add_sub_solvable,PZ2-CONFIRM-0101,1,30,32
GRPO17,17,CONFIRM128_RESERVED,requires_mul_or_div,PZ2-CONFIRM-0102,0,0,32
GRPO17,17,CONFIRM128_RESERVED,add_sub_solvable,PZ2-CONFIRM-0103,0,19,32
GRPO17,17,CONFIRM128_RESERVED,requires_mul_or_div,PZ2-CONFIRM-0104,0,6,32
GRPO17,17,CONFIRM128_RESERVED,add_sub_solvable,PZ2-CONFIRM-0105,0,3,32
GRPO17,17,CONFIRM128_RESERVED,requires_mul_or_div,PZ2-CONFIRM-0106,0,1,32
GRPO17,17,CONFIRM128_RESERVED,add_sub_solvable,PZ2-CONFIRM-0107,0,2,32
GRPO17,17,CONFIRM128_RESERVED,requires_mul_or_div,PZ2-CONFIRM-0108,0,0,32
GRPO17,17,CONFIRM128_RESERVED,add_sub_solvable,PZ2-CONFIRM-0109,1,24,32
GRPO17,17,CONFIRM128_RESERVED,requires_mul_or_div,PZ2-CONFIRM-0110,1,23,32
GRPO17,17,CONFIRM128_RESERVED,add_sub_solvable,PZ2-CONFIRM-0111,1,30,32
GRPO17,17,CONFIRM128_RESERVED,requires_mul_or_div,PZ2-CONFIRM-0112,0,0,32
GRPO17,17,CONFIRM128_RESERVED,add_sub_solvable,PZ2-CONFIRM-0113,1,17,32
GRPO17,17,CONFIRM128_RESERVED,requires_mul_or_div,PZ2-CONFIRM-0114,0,3,32
GRPO17,17,CONFIRM128_RESERVED,add_sub_solvable,PZ2-CONFIRM-0115,1,30,32
GRPO17,17,CONFIRM128_RESERVED,requires_mul_or_div,PZ2-CONFIRM-0116,0,2,32
GRPO17,17,CONFIRM128_RESERVED,add_sub_solvable,PZ2-CONFIRM-0117,0,2,32
GRPO17,17,CONFIRM128_RESERVED,requires_mul_or_div,PZ2-CONFIRM-0118,0,1,32
GRPO17,17,CONFIRM128_RESERVED,add_sub_solvable,PZ2-CONFIRM-0119,0,9,32
GRPO17,17,CONFIRM128_RESERVED,requires_mul_or_div,PZ2-CONFIRM-0120,0,2,32
GRPO17,17,CONFIRM128_RESERVED,add_sub_solvable,PZ2-CONFIRM-0121,1,29,32
GRPO17,17,CONFIRM128_RESERVED,requires_mul_or_div,PZ2-CONFIRM-0122,0,0,32
GRPO17,17,CONFIRM128_RESERVED,add_sub_solvable,PZ2-CONFIRM-0123,0,11,32
GRPO17,17,CONFIRM128_RESERVED,requires_mul_or_div,PZ2-CONFIRM-0124,0,0,32
GRPO17,17,CONFIRM128_RESERVED,add_sub_solvable,PZ2-CONFIRM-0125,0,1,32
GRPO17,17,CONFIRM128_RESERVED,requires_mul_or_div,PZ2-CONFIRM-0126,1,21,32
GRPO17,17,CONFIRM128_RESERVED,add_sub_solvable,PZ2-CONFIRM-0127,1,30,32
GRPO17,17,CONFIRM128_RESERVED,requires_mul_or_div,PZ2-CONFIRM-0128,0,10,32
RFT17,17,HISTORICAL_FINAL256_OBSERVED,add_sub_solvable,PZ1-FINAL-0001,1,28,32
RFT17,17,HISTORICAL_FINAL256_OBSERVED,requires_mul_or_div,PZ1-FINAL-0002,0,0,32
RFT17,17,HISTORICAL_FINAL256_OBSERVED,add_sub_solvable,PZ1-FINAL-0003,1,32,32
RFT17,17,HISTORICAL_FINAL256_OBSERVED,requires_mul_or_div,PZ1-FINAL-0004,0,0,32
RFT17,17,HISTORICAL_FINAL256_OBSERVED,add_sub_solvable,PZ1-FINAL-0005,1,32,32
RFT17,17,HISTORICAL_FINAL256_OBSERVED,requires_mul_or_div,PZ1-FINAL-0006,0,0,32
RFT17,17,HISTORICAL_FINAL256_OBSERVED,add_sub_solvable,PZ1-FINAL-0007,0,0,32
RFT17,17,HISTORICAL_FINAL256_OBSERVED,requires_mul_or_div,PZ1-FINAL-0008,0,0,32
RFT17,17,HISTORICAL_FINAL256_OBSERVED,add_sub_solvable,PZ1-FINAL-0009,1,31,32
RFT17,17,HISTORICAL_FINAL256_OBSERVED,requires_mul_or_div,PZ1-FINAL-0010,0,0,32
RFT17,17,HISTORICAL_FINAL256_OBSERVED,add_sub_solvable,PZ1-FINAL-0011,1,32,32
RFT17,17,HISTORICAL_FINAL256_OBSERVED,requires_mul_or_div,PZ1-FINAL-0012,0,0,32
RFT17,17,HISTORICAL_FINAL256_OBSERVED,add_sub_solvable,PZ1-FINAL-0013,0,0,32
RFT17,17,HISTORICAL_FINAL256_OBSERVED,requires_mul_or_div,PZ1-FINAL-0014,0,0,32
RFT17,17,HISTORICAL_FINAL256_OBSERVED,add_sub_solvable,PZ1-FINAL-0015,1,32,32
RFT17,17,HISTORICAL_FINAL256_OBSERVED,requires_mul_or_div,PZ1-FINAL-0016,0,0,32
RFT17,17,HISTORICAL_FINAL256_OBSERVED,add_sub_solvable,PZ1-FINAL-0017,1,32,32
RFT17,17,HISTORICAL_FINAL256_OBSERVED,requires_mul_or_div,PZ1-FINAL-0018,0,0,32
RFT17,17,HISTORICAL_FINAL256_OBSERVED,add_sub_solvable,PZ1-FINAL-0019,0,0,32
RFT17,17,HISTORICAL_FINAL256_OBSERVED,requires_mul_or_div,PZ1-FINAL-0020,0,0,32
RFT17,17,HISTORICAL_FINAL256_OBSERVED,add_sub_solvable,PZ1-FINAL-0021,0,5,32
RFT17,17,HISTORICAL_FINAL256_OBSERVED,requires_mul_or_div,PZ1-FINAL-0022,1,17,32
RFT17,17,HISTORICAL_FINAL256_OBSERVED,add_sub_solvable,PZ1-FINAL-0023,1,32,32
RFT17,17,HISTORICAL_FINAL256_OBSERVED,requires_mul_or_div,PZ1-FINAL-0024,0,0,32
RFT17,17,HISTORICAL_FINAL256_OBSERVED,add_sub_solvable,PZ1-FINAL-0025,1,32,32
RFT17,17,HISTORICAL_FINAL256_OBSERVED,requires_mul_or_div,PZ1-FINAL-0026,0,0,32
RFT17,17,HISTORICAL_FINAL256_OBSERVED,add_sub_solvable,PZ1-FINAL-0027,1,31,32
RFT17,17,HISTORICAL_FINAL256_OBSERVED,requires_mul_or_div,PZ1-FINAL-0028,0,0,32
RFT17,17,HISTORICAL_FINAL256_OBSERVED,add_sub_solvable,PZ1-FINAL-0029,1,32,32
RFT17,17,HISTORICAL_FINAL256_OBSERVED,requires_mul_or_div,PZ1-FINAL-0030,0,0,32
RFT17,17,HISTORICAL_FINAL256_OBSERVED,add_sub_solvable,PZ1-FINAL-0031,1,25,32
RFT17,17,HISTORICAL_FINAL256_OBSERVED,requires_mul_or_div,PZ1-FINAL-0032,0,0,32
RFT17,17,HISTORICAL_FINAL256_OBSERVED,add_sub_solvable,PZ1-FINAL-0033,1,32,32
RFT17,17,HISTORICAL_FINAL256_OBSERVED,requires_mul_or_div,PZ1-FINAL-0034,0,0,32
RFT17,17,HISTORICAL_FINAL256_OBSERVED,add_sub_solvable,PZ1-FINAL-0035,1,31,32
RFT17,17,HISTORICAL_FINAL256_OBSERVED,requires_mul_or_div,PZ1-FINAL-0036,0,0,32
RFT17,17,HISTORICAL_FINAL256_OBSERVED,add_sub_solvable,PZ1-FINAL-0037,0,0,32
RFT17,17,HISTORICAL_FINAL256_OBSERVED,requires_mul_or_div,PZ1-FINAL-0038,0,1,32
RFT17,17,HISTORICAL_FINAL256_OBSERVED,add_sub_solvable,PZ1-FINAL-0039,0,1,32
RFT17,17,HISTORICAL_FINAL256_OBSERVED,requires_mul_or_div,PZ1-FINAL-0040,0,0,32
RFT17,17,HISTORICAL_FINAL256_OBSERVED,add_sub_solvable,PZ1-FINAL-0041,0,0,32
RFT17,17,HISTORICAL_FINAL256_OBSERVED,requires_mul_or_div,PZ1-FINAL-0042,0,0,32
RFT17,17,HISTORICAL_FINAL256_OBSERVED,add_sub_solvable,PZ1-FINAL-0043,1,32,32
RFT17,17,HISTORICAL_FINAL256_OBSERVED,requires_mul_or_div,PZ1-FINAL-0044,0,0,32
RFT17,17,HISTORICAL_FINAL256_OBSERVED,add_sub_solvable,PZ1-FINAL-0045,0,2,32
RFT17,17,HISTORICAL_FINAL256_OBSERVED,requires_mul_or_div,PZ1-FINAL-0046,1,23,32
RFT17,17,HISTORICAL_FINAL256_OBSERVED,add_sub_solvable,PZ1-FINAL-0047,0,3,32
RFT17,17,HISTORICAL_FINAL256_OBSERVED,requires_mul_or_div,PZ1-FINAL-0048,0,0,32
RFT17,17,HISTORICAL_FINAL256_OBSERVED,add_sub_solvable,PZ1-FINAL-0049,1,30,32
RFT17,17,HISTORICAL_FINAL256_OBSERVED,requires_mul_or_div,PZ1-FINAL-0050,0,3,32
RFT17,17,HISTORICAL_FINAL256_OBSERVED,add_sub_solvable,PZ1-FINAL-0051,0,3,32
RFT17,17,HISTORICAL_FINAL256_OBSERVED,requires_mul_or_div,PZ1-FINAL-0052,0,1,32
RFT17,17,HISTORICAL_FINAL256_OBSERVED,add_sub_solvable,PZ1-FINAL-0053,1,32,32
RFT17,17,HISTORICAL_FINAL256_OBSERVED,requires_mul_or_div,PZ1-FINAL-0054,0,5,32
RFT17,17,HISTORICAL_FINAL256_OBSERVED,add_sub_solvable,PZ1-FINAL-0055,1,31,32
RFT17,17,HISTORICAL_FINAL256_OBSERVED,requires_mul_or_div,PZ1-FINAL-0056,0,0,32
RFT17,17,HISTORICAL_FINAL256_OBSERVED,add_sub_solvable,PZ1-FINAL-0057,0,9,32
RFT17,17,HISTORICAL_FINAL256_OBSERVED,requires_mul_or_div,PZ1-FINAL-0058,0,0,32
RFT17,17,HISTORICAL_FINAL256_OBSERVED,add_sub_solvable,PZ1-FINAL-0059,0,0,32
RFT17,17,HISTORICAL_FINAL256_OBSERVED,requires_mul_or_div,PZ1-FINAL-0060,0,0,32
RFT17,17,HISTORICAL_FINAL256_OBSERVED,add_sub_solvable,PZ1-FINAL-0061,1,31,32
RFT17,17,HISTORICAL_FINAL256_OBSERVED,requires_mul_or_div,PZ1-FINAL-0062,0,0,32
RFT17,17,HISTORICAL_FINAL256_OBSERVED,add_sub_solvable,PZ1-FINAL-0063,1,31,32
RFT17,17,HISTORICAL_FINAL256_OBSERVED,requires_mul_or_div,PZ1-FINAL-0064,0,0,32
RFT17,17,HISTORICAL_FINAL256_OBSERVED,add_sub_solvable,PZ1-FINAL-0065,0,0,32
RFT17,17,HISTORICAL_FINAL256_OBSERVED,requires_mul_or_div,PZ1-FINAL-0066,0,0,32
RFT17,17,HISTORICAL_FINAL256_OBSERVED,add_sub_solvable,PZ1-FINAL-0067,0,0,32
RFT17,17,HISTORICAL_FINAL256_OBSERVED,requires_mul_or_div,PZ1-FINAL-0068,0,0,32
RFT17,17,HISTORICAL_FINAL256_OBSERVED,add_sub_solvable,PZ1-FINAL-0069,0,4,32
RFT17,17,HISTORICAL_FINAL256_OBSERVED,requires_mul_or_div,PZ1-FINAL-0070,0,0,32
RFT17,17,HISTORICAL_FINAL256_OBSERVED,add_sub_solvable,PZ1-FINAL-0071,1,32,32
RFT17,17,HISTORICAL_FINAL256_OBSERVED,requires_mul_or_div,PZ1-FINAL-0072,0,0,32
RFT17,17,HISTORICAL_FINAL256_OBSERVED,add_sub_solvable,PZ1-FINAL-0073,0,0,32
RFT17,17,HISTORICAL_FINAL256_OBSERVED,requires_mul_or_div,PZ1-FINAL-0074,0,0,32
RFT17,17,HISTORICAL_FINAL256_OBSERVED,add_sub_solvable,PZ1-FINAL-0075,0,0,32
RFT17,17,HISTORICAL_FINAL256_OBSERVED,requires_mul_or_div,PZ1-FINAL-0076,0,0,32
RFT17,17,HISTORICAL_FINAL256_OBSERVED,add_sub_solvable,PZ1-FINAL-0077,1,30,32
RFT17,17,HISTORICAL_FINAL256_OBSERVED,requires_mul_or_div,PZ1-FINAL-0078,1,17,32
RFT17,17,HISTORICAL_FINAL256_OBSERVED,add_sub_solvable,PZ1-FINAL-0079,1,28,32
RFT17,17,HISTORICAL_FINAL256_OBSERVED,requires_mul_or_div,PZ1-FINAL-0080,0,0,32
RFT17,17,HISTORICAL_FINAL256_OBSERVED,add_sub_solvable,PZ1-FINAL-0081,0,0,32
RFT17,17,HISTORICAL_FINAL256_OBSERVED,requires_mul_or_div,PZ1-FINAL-0082,0,0,32
RFT17,17,HISTORICAL_FINAL256_OBSERVED,add_sub_solvable,PZ1-FINAL-0083,1,32,32
RFT17,17,HISTORICAL_FINAL256_OBSERVED,requires_mul_or_div,PZ1-FINAL-0084,0,0,32
RFT17,17,HISTORICAL_FINAL256_OBSERVED,add_sub_solvable,PZ1-FINAL-0085,0,0,32
RFT17,17,HISTORICAL_FINAL256_OBSERVED,requires_mul_or_div,PZ1-FINAL-0086,0,0,32
RFT17,17,HISTORICAL_FINAL256_OBSERVED,add_sub_solvable,PZ1-FINAL-0087,1,31,32
RFT17,17,HISTORICAL_FINAL256_OBSERVED,requires_mul_or_div,PZ1-FINAL-0088,0,0,32
RFT17,17,HISTORICAL_FINAL256_OBSERVED,add_sub_solvable,PZ1-FINAL-0089,0,0,32
RFT17,17,HISTORICAL_FINAL256_OBSERVED,requires_mul_or_div,PZ1-FINAL-0090,0,0,32
RFT17,17,HISTORICAL_FINAL256_OBSERVED,add_sub_solvable,PZ1-FINAL-0091,1,32,32
RFT17,17,HISTORICAL_FINAL256_OBSERVED,requires_mul_or_div,PZ1-FINAL-0092,0,0,32
RFT17,17,HISTORICAL_FINAL256_OBSERVED,add_sub_solvable,PZ1-FINAL-0093,1,29,32
RFT17,17,HISTORICAL_FINAL256_OBSERVED,requires_mul_or_div,PZ1-FINAL-0094,0,0,32
RFT17,17,HISTORICAL_FINAL256_OBSERVED,add_sub_solvable,PZ1-FINAL-0095,1,32,32
RFT17,17,HISTORICAL_FINAL256_OBSERVED,requires_mul_or_div,PZ1-FINAL-0096,0,0,32
RFT17,17,HISTORICAL_FINAL256_OBSERVED,add_sub_solvable,PZ1-FINAL-0097,1,32,32
RFT17,17,HISTORICAL_FINAL256_OBSERVED,requires_mul_or_div,PZ1-FINAL-0098,0,0,32
RFT17,17,HISTORICAL_FINAL256_OBSERVED,add_sub_solvable,PZ1-FINAL-0099,1,18,32
RFT17,17,HISTORICAL_FINAL256_OBSERVED,requires_mul_or_div,PZ1-FINAL-0100,0,1,32
RFT17,17,HISTORICAL_FINAL256_OBSERVED,add_sub_solvable,PZ1-FINAL-0101,0,2,32
RFT17,17,HISTORICAL_FINAL256_OBSERVED,requires_mul_or_div,PZ1-FINAL-0102,0,0,32
RFT17,17,HISTORICAL_FINAL256_OBSERVED,add_sub_solvable,PZ1-FINAL-0103,1,25,32
RFT17,17,HISTORICAL_FINAL256_OBSERVED,requires_mul_or_div,PZ1-FINAL-0104,0,0,32
RFT17,17,HISTORICAL_FINAL256_OBSERVED,add_sub_solvable,PZ1-FINAL-0105,1,32,32
RFT17,17,HISTORICAL_FINAL256_OBSERVED,requires_mul_or_div,PZ1-FINAL-0106,0,0,32
RFT17,17,HISTORICAL_FINAL256_OBSERVED,add_sub_solvable,PZ1-FINAL-0107,0,0,32
RFT17,17,HISTORICAL_FINAL256_OBSERVED,requires_mul_or_div,PZ1-FINAL-0108,0,0,32
RFT17,17,HISTORICAL_FINAL256_OBSERVED,add_sub_solvable,PZ1-FINAL-0109,0,0,32
RFT17,17,HISTORICAL_FINAL256_OBSERVED,requires_mul_or_div,PZ1-FINAL-0110,1,29,32
RFT17,17,HISTORICAL_FINAL256_OBSERVED,add_sub_solvable,PZ1-FINAL-0111,0,0,32
RFT17,17,HISTORICAL_FINAL256_OBSERVED,requires_mul_or_div,PZ1-FINAL-0112,0,0,32
RFT17,17,HISTORICAL_FINAL256_OBSERVED,add_sub_solvable,PZ1-FINAL-0113,0,0,32
RFT17,17,HISTORICAL_FINAL256_OBSERVED,requires_mul_or_div,PZ1-FINAL-0114,0,0,32
RFT17,17,HISTORICAL_FINAL256_OBSERVED,add_sub_solvable,PZ1-FINAL-0115,1,31,32
RFT17,17,HISTORICAL_FINAL256_OBSERVED,requires_mul_or_div,PZ1-FINAL-0116,0,0,32
RFT17,17,HISTORICAL_FINAL256_OBSERVED,add_sub_solvable,PZ1-FINAL-0117,0,4,32
RFT17,17,HISTORICAL_FINAL256_OBSERVED,requires_mul_or_div,PZ1-FINAL-0118,0,3,32
RFT17,17,HISTORICAL_FINAL256_OBSERVED,add_sub_solvable,PZ1-FINAL-0119,1,32,32
RFT17,17,HISTORICAL_FINAL256_OBSERVED,requires_mul_or_div,PZ1-FINAL-0120,0,7,32
RFT17,17,HISTORICAL_FINAL256_OBSERVED,add_sub_solvable,PZ1-FINAL-0121,0,0,32
RFT17,17,HISTORICAL_FINAL256_OBSERVED,requires_mul_or_div,PZ1-FINAL-0122,0,0,32
RFT17,17,HISTORICAL_FINAL256_OBSERVED,add_sub_solvable,PZ1-FINAL-0123,1,32,32
RFT17,17,HISTORICAL_FINAL256_OBSERVED,requires_mul_or_div,PZ1-FINAL-0124,1,31,32
RFT17,17,HISTORICAL_FINAL256_OBSERVED,add_sub_solvable,PZ1-FINAL-0125,0,0,32
RFT17,17,HISTORICAL_FINAL256_OBSERVED,requires_mul_or_div,PZ1-FINAL-0126,0,0,32
RFT17,17,HISTORICAL_FINAL256_OBSERVED,add_sub_solvable,PZ1-FINAL-0127,1,32,32
RFT17,17,HISTORICAL_FINAL256_OBSERVED,requires_mul_or_div,PZ1-FINAL-0128,0,0,32
RFT17,17,HISTORICAL_FINAL256_OBSERVED,add_sub_solvable,PZ1-FINAL-0129,0,0,32
RFT17,17,HISTORICAL_FINAL256_OBSERVED,requires_mul_or_div,PZ1-FINAL-0130,0,0,32
RFT17,17,HISTORICAL_FINAL256_OBSERVED,add_sub_solvable,PZ1-FINAL-0131,0,0,32
RFT17,17,HISTORICAL_FINAL256_OBSERVED,requires_mul_or_div,PZ1-FINAL-0132,0,0,32
RFT17,17,HISTORICAL_FINAL256_OBSERVED,add_sub_solvable,PZ1-FINAL-0133,0,12,32
RFT17,17,HISTORICAL_FINAL256_OBSERVED,requires_mul_or_div,PZ1-FINAL-0134,0,0,32
RFT17,17,HISTORICAL_FINAL256_OBSERVED,add_sub_solvable,PZ1-FINAL-0135,1,30,32
RFT17,17,HISTORICAL_FINAL256_OBSERVED,requires_mul_or_div,PZ1-FINAL-0136,0,0,32
RFT17,17,HISTORICAL_FINAL256_OBSERVED,add_sub_solvable,PZ1-FINAL-0137,0,0,32
RFT17,17,HISTORICAL_FINAL256_OBSERVED,requires_mul_or_div,PZ1-FINAL-0138,0,0,32
RFT17,17,HISTORICAL_FINAL256_OBSERVED,add_sub_solvable,PZ1-FINAL-0139,1,32,32
RFT17,17,HISTORICAL_FINAL256_OBSERVED,requires_mul_or_div,PZ1-FINAL-0140,0,1,32
RFT17,17,HISTORICAL_FINAL256_OBSERVED,add_sub_solvable,PZ1-FINAL-0141,0,1,32
RFT17,17,HISTORICAL_FINAL256_OBSERVED,requires_mul_or_div,PZ1-FINAL-0142,0,0,32
RFT17,17,HISTORICAL_FINAL256_OBSERVED,add_sub_solvable,PZ1-FINAL-0143,0,0,32
RFT17,17,HISTORICAL_FINAL256_OBSERVED,requires_mul_or_div,PZ1-FINAL-0144,0,0,32
RFT17,17,HISTORICAL_FINAL256_OBSERVED,add_sub_solvable,PZ1-FINAL-0145,0,0,32
RFT17,17,HISTORICAL_FINAL256_OBSERVED,requires_mul_or_div,PZ1-FINAL-0146,0,0,32
RFT17,17,HISTORICAL_FINAL256_OBSERVED,add_sub_solvable,PZ1-FINAL-0147,1,31,32
RFT17,17,HISTORICAL_FINAL256_OBSERVED,requires_mul_or_div,PZ1-FINAL-0148,0,0,32
RFT17,17,HISTORICAL_FINAL256_OBSERVED,add_sub_solvable,PZ1-FINAL-0149,1,32,32
RFT17,17,HISTORICAL_FINAL256_OBSERVED,requires_mul_or_div,PZ1-FINAL-0150,0,0,32
RFT17,17,HISTORICAL_FINAL256_OBSERVED,add_sub_solvable,PZ1-FINAL-0151,1,12,32
RFT17,17,HISTORICAL_FINAL256_OBSERVED,requires_mul_or_div,PZ1-FINAL-0152,0,0,32
RFT17,17,HISTORICAL_FINAL256_OBSERVED,add_sub_solvable,PZ1-FINAL-0153,1,28,32
RFT17,17,HISTORICAL_FINAL256_OBSERVED,requires_mul_or_div,PZ1-FINAL-0154,0,0,32
RFT17,17,HISTORICAL_FINAL256_OBSERVED,add_sub_solvable,PZ1-FINAL-0155,1,32,32
RFT17,17,HISTORICAL_FINAL256_OBSERVED,requires_mul_or_div,PZ1-FINAL-0156,0,0,32
RFT17,17,HISTORICAL_FINAL256_OBSERVED,add_sub_solvable,PZ1-FINAL-0157,1,32,32
RFT17,17,HISTORICAL_FINAL256_OBSERVED,requires_mul_or_div,PZ1-FINAL-0158,0,0,32
RFT17,17,HISTORICAL_FINAL256_OBSERVED,add_sub_solvable,PZ1-FINAL-0159,1,28,32
RFT17,17,HISTORICAL_FINAL256_OBSERVED,requires_mul_or_div,PZ1-FINAL-0160,0,0,32
RFT17,17,HISTORICAL_FINAL256_OBSERVED,add_sub_solvable,PZ1-FINAL-0161,0,0,32
RFT17,17,HISTORICAL_FINAL256_OBSERVED,requires_mul_or_div,PZ1-FINAL-0162,1,32,32
RFT17,17,HISTORICAL_FINAL256_OBSERVED,add_sub_solvable,PZ1-FINAL-0163,0,1,32
RFT17,17,HISTORICAL_FINAL256_OBSERVED,requires_mul_or_div,PZ1-FINAL-0164,0,0,32
RFT17,17,HISTORICAL_FINAL256_OBSERVED,add_sub_solvable,PZ1-FINAL-0165,1,32,32
RFT17,17,HISTORICAL_FINAL256_OBSERVED,requires_mul_or_div,PZ1-FINAL-0166,0,0,32
RFT17,17,HISTORICAL_FINAL256_OBSERVED,add_sub_solvable,PZ1-FINAL-0167,1,32,32
RFT17,17,HISTORICAL_FINAL256_OBSERVED,requires_mul_or_div,PZ1-FINAL-0168,0,0,32
RFT17,17,HISTORICAL_FINAL256_OBSERVED,add_sub_solvable,PZ1-FINAL-0169,0,2,32
RFT17,17,HISTORICAL_FINAL256_OBSERVED,requires_mul_or_div,PZ1-FINAL-0170,0,0,32
RFT17,17,HISTORICAL_FINAL256_OBSERVED,add_sub_solvable,PZ1-FINAL-0171,1,31,32
RFT17,17,HISTORICAL_FINAL256_OBSERVED,requires_mul_or_div,PZ1-FINAL-0172,0,0,32
RFT17,17,HISTORICAL_FINAL256_OBSERVED,add_sub_solvable,PZ1-FINAL-0173,1,32,32
RFT17,17,HISTORICAL_FINAL256_OBSERVED,requires_mul_or_div,PZ1-FINAL-0174,0,0,32
RFT17,17,HISTORICAL_FINAL256_OBSERVED,add_sub_solvable,PZ1-FINAL-0175,1,32,32
RFT17,17,HISTORICAL_FINAL256_OBSERVED,requires_mul_or_div,PZ1-FINAL-0176,0,0,32
RFT17,17,HISTORICAL_FINAL256_OBSERVED,add_sub_solvable,PZ1-FINAL-0177,1,31,32
RFT17,17,HISTORICAL_FINAL256_OBSERVED,requires_mul_or_div,PZ1-FINAL-0178,0,1,32
RFT17,17,HISTORICAL_FINAL256_OBSERVED,add_sub_solvable,PZ1-FINAL-0179,1,29,32
RFT17,17,HISTORICAL_FINAL256_OBSERVED,requires_mul_or_div,PZ1-FINAL-0180,0,0,32
RFT17,17,HISTORICAL_FINAL256_OBSERVED,add_sub_solvable,PZ1-FINAL-0181,0,0,32
RFT17,17,HISTORICAL_FINAL256_OBSERVED,requires_mul_or_div,PZ1-FINAL-0182,1,32,32
RFT17,17,HISTORICAL_FINAL256_OBSERVED,add_sub_solvable,PZ1-FINAL-0183,1,32,32
RFT17,17,HISTORICAL_FINAL256_OBSERVED,requires_mul_or_div,PZ1-FINAL-0184,1,26,32
RFT17,17,HISTORICAL_FINAL256_OBSERVED,add_sub_solvable,PZ1-FINAL-0185,1,31,32
RFT17,17,HISTORICAL_FINAL256_OBSERVED,requires_mul_or_div,PZ1-FINAL-0186,0,0,32
RFT17,17,HISTORICAL_FINAL256_OBSERVED,add_sub_solvable,PZ1-FINAL-0187,1,32,32
RFT17,17,HISTORICAL_FINAL256_OBSERVED,requires_mul_or_div,PZ1-FINAL-0188,0,0,32
RFT17,17,HISTORICAL_FINAL256_OBSERVED,add_sub_solvable,PZ1-FINAL-0189,1,31,32
RFT17,17,HISTORICAL_FINAL256_OBSERVED,requires_mul_or_div,PZ1-FINAL-0190,0,0,32
RFT17,17,HISTORICAL_FINAL256_OBSERVED,add_sub_solvable,PZ1-FINAL-0191,0,1,32
RFT17,17,HISTORICAL_FINAL256_OBSERVED,requires_mul_or_div,PZ1-FINAL-0192,0,0,32
RFT17,17,HISTORICAL_FINAL256_OBSERVED,add_sub_solvable,PZ1-FINAL-0193,1,32,32
RFT17,17,HISTORICAL_FINAL256_OBSERVED,requires_mul_or_div,PZ1-FINAL-0194,0,0,32
RFT17,17,HISTORICAL_FINAL256_OBSERVED,add_sub_solvable,PZ1-FINAL-0195,1,32,32
RFT17,17,HISTORICAL_FINAL256_OBSERVED,requires_mul_or_div,PZ1-FINAL-0196,0,0,32
RFT17,17,HISTORICAL_FINAL256_OBSERVED,add_sub_solvable,PZ1-FINAL-0197,1,29,32
RFT17,17,HISTORICAL_FINAL256_OBSERVED,requires_mul_or_div,PZ1-FINAL-0198,0,0,32
RFT17,17,HISTORICAL_FINAL256_OBSERVED,add_sub_solvable,PZ1-FINAL-0199,1,32,32
RFT17,17,HISTORICAL_FINAL256_OBSERVED,requires_mul_or_div,PZ1-FINAL-0200,0,0,32
RFT17,17,HISTORICAL_FINAL256_OBSERVED,add_sub_solvable,PZ1-FINAL-0201,1,32,32
RFT17,17,HISTORICAL_FINAL256_OBSERVED,requires_mul_or_div,PZ1-FINAL-0202,1,26,32
RFT17,17,HISTORICAL_FINAL256_OBSERVED,add_sub_solvable,PZ1-FINAL-0203,1,32,32
RFT17,17,HISTORICAL_FINAL256_OBSERVED,requires_mul_or_div,PZ1-FINAL-0204,0,0,32
RFT17,17,HISTORICAL_FINAL256_OBSERVED,add_sub_solvable,PZ1-FINAL-0205,1,31,32
RFT17,17,HISTORICAL_FINAL256_OBSERVED,requires_mul_or_div,PZ1-FINAL-0206,0,0,32
RFT17,17,HISTORICAL_FINAL256_OBSERVED,add_sub_solvable,PZ1-FINAL-0207,1,31,32
RFT17,17,HISTORICAL_FINAL256_OBSERVED,requires_mul_or_div,PZ1-FINAL-0208,0,0,32
RFT17,17,HISTORICAL_FINAL256_OBSERVED,add_sub_solvable,PZ1-FINAL-0209,0,0,32
RFT17,17,HISTORICAL_FINAL256_OBSERVED,requires_mul_or_div,PZ1-FINAL-0210,0,0,32
RFT17,17,HISTORICAL_FINAL256_OBSERVED,add_sub_solvable,PZ1-FINAL-0211,0,6,32
RFT17,17,HISTORICAL_FINAL256_OBSERVED,requires_mul_or_div,PZ1-FINAL-0212,0,0,32
RFT17,17,HISTORICAL_FINAL256_OBSERVED,add_sub_solvable,PZ1-FINAL-0213,1,32,32
RFT17,17,HISTORICAL_FINAL256_OBSERVED,requires_mul_or_div,PZ1-FINAL-0214,0,0,32
RFT17,17,HISTORICAL_FINAL256_OBSERVED,add_sub_solvable,PZ1-FINAL-0215,1,26,32
RFT17,17,HISTORICAL_FINAL256_OBSERVED,requires_mul_or_div,PZ1-FINAL-0216,0,0,32
RFT17,17,HISTORICAL_FINAL256_OBSERVED,add_sub_solvable,PZ1-FINAL-0217,1,31,32
RFT17,17,HISTORICAL_FINAL256_OBSERVED,requires_mul_or_div,PZ1-FINAL-0218,0,7,32
RFT17,17,HISTORICAL_FINAL256_OBSERVED,add_sub_solvable,PZ1-FINAL-0219,0,0,32
RFT17,17,HISTORICAL_FINAL256_OBSERVED,requires_mul_or_div,PZ1-FINAL-0220,0,0,32
RFT17,17,HISTORICAL_FINAL256_OBSERVED,add_sub_solvable,PZ1-FINAL-0221,1,32,32
RFT17,17,HISTORICAL_FINAL256_OBSERVED,requires_mul_or_div,PZ1-FINAL-0222,0,3,32
RFT17,17,HISTORICAL_FINAL256_OBSERVED,add_sub_solvable,PZ1-FINAL-0223,1,32,32
RFT17,17,HISTORICAL_FINAL256_OBSERVED,requires_mul_or_div,PZ1-FINAL-0224,0,0,32
RFT17,17,HISTORICAL_FINAL256_OBSERVED,add_sub_solvable,PZ1-FINAL-0225,1,31,32
RFT17,17,HISTORICAL_FINAL256_OBSERVED,requires_mul_or_div,PZ1-FINAL-0226,0,0,32
RFT17,17,HISTORICAL_FINAL256_OBSERVED,add_sub_solvable,PZ1-FINAL-0227,0,0,32
RFT17,17,HISTORICAL_FINAL256_OBSERVED,requires_mul_or_div,PZ1-FINAL-0228,0,0,32
RFT17,17,HISTORICAL_FINAL256_OBSERVED,add_sub_solvable,PZ1-FINAL-0229,0,0,32
RFT17,17,HISTORICAL_FINAL256_OBSERVED,requires_mul_or_div,PZ1-FINAL-0230,0,0,32
RFT17,17,HISTORICAL_FINAL256_OBSERVED,add_sub_solvable,PZ1-FINAL-0231,0,1,32
RFT17,17,HISTORICAL_FINAL256_OBSERVED,requires_mul_or_div,PZ1-FINAL-0232,1,19,32
RFT17,17,HISTORICAL_FINAL256_OBSERVED,add_sub_solvable,PZ1-FINAL-0233,1,31,32
RFT17,17,HISTORICAL_FINAL256_OBSERVED,requires_mul_or_div,PZ1-FINAL-0234,0,0,32
RFT17,17,HISTORICAL_FINAL256_OBSERVED,add_sub_solvable,PZ1-FINAL-0235,1,32,32
RFT17,17,HISTORICAL_FINAL256_OBSERVED,requires_mul_or_div,PZ1-FINAL-0236,0,0,32
RFT17,17,HISTORICAL_FINAL256_OBSERVED,add_sub_solvable,PZ1-FINAL-0237,0,0,32
RFT17,17,HISTORICAL_FINAL256_OBSERVED,requires_mul_or_div,PZ1-FINAL-0238,0,1,32
RFT17,17,HISTORICAL_FINAL256_OBSERVED,add_sub_solvable,PZ1-FINAL-0239,0,3,32
RFT17,17,HISTORICAL_FINAL256_OBSERVED,requires_mul_or_div,PZ1-FINAL-0240,0,0,32
RFT17,17,HISTORICAL_FINAL256_OBSERVED,add_sub_solvable,PZ1-FINAL-0241,1,32,32
RFT17,17,HISTORICAL_FINAL256_OBSERVED,requires_mul_or_div,PZ1-FINAL-0242,0,0,32
RFT17,17,HISTORICAL_FINAL256_OBSERVED,add_sub_solvable,PZ1-FINAL-0243,1,32,32
RFT17,17,HISTORICAL_FINAL256_OBSERVED,requires_mul_or_div,PZ1-FINAL-0244,0,0,32
RFT17,17,HISTORICAL_FINAL256_OBSERVED,add_sub_solvable,PZ1-FINAL-0245,1,29,32
RFT17,17,HISTORICAL_FINAL256_OBSERVED,requires_mul_or_div,PZ1-FINAL-0246,0,0,32
RFT17,17,HISTORICAL_FINAL256_OBSERVED,add_sub_solvable,PZ1-FINAL-0247,1,30,32
RFT17,17,HISTORICAL_FINAL256_OBSERVED,requires_mul_or_div,PZ1-FINAL-0248,0,0,32
RFT17,17,HISTORICAL_FINAL256_OBSERVED,add_sub_solvable,PZ1-FINAL-0249,1,31,32
RFT17,17,HISTORICAL_FINAL256_OBSERVED,requires_mul_or_div,PZ1-FINAL-0250,0,0,32
RFT17,17,HISTORICAL_FINAL256_OBSERVED,add_sub_solvable,PZ1-FINAL-0251,0,0,32
RFT17,17,HISTORICAL_FINAL256_OBSERVED,requires_mul_or_div,PZ1-FINAL-0252,0,0,32
RFT17,17,HISTORICAL_FINAL256_OBSERVED,add_sub_solvable,PZ1-FINAL-0253,0,2,32
RFT17,17,HISTORICAL_FINAL256_OBSERVED,requires_mul_or_div,PZ1-FINAL-0254,0,0,32
RFT17,17,HISTORICAL_FINAL256_OBSERVED,add_sub_solvable,PZ1-FINAL-0255,0,0,32
RFT17,17,HISTORICAL_FINAL256_OBSERVED,requires_mul_or_div,PZ1-FINAL-0256,0,1,32
RFT17,17,CONFIRM128_RESERVED,add_sub_solvable,PZ2-CONFIRM-0001,1,32,32
RFT17,17,CONFIRM128_RESERVED,requires_mul_or_div,PZ2-CONFIRM-0002,0,0,32
RFT17,17,CONFIRM128_RESERVED,add_sub_solvable,PZ2-CONFIRM-0003,0,1,32
RFT17,17,CONFIRM128_RESERVED,requires_mul_or_div,PZ2-CONFIRM-0004,0,0,32
RFT17,17,CONFIRM128_RESERVED,add_sub_solvable,PZ2-CONFIRM-0005,0,0,32
RFT17,17,CONFIRM128_RESERVED,requires_mul_or_div,PZ2-CONFIRM-0006,1,24,32
RFT17,17,CONFIRM128_RESERVED,add_sub_solvable,PZ2-CONFIRM-0007,0,1,32
RFT17,17,CONFIRM128_RESERVED,requires_mul_or_div,PZ2-CONFIRM-0008,0,0,32
RFT17,17,CONFIRM128_RESERVED,add_sub_solvable,PZ2-CONFIRM-0009,1,31,32
RFT17,17,CONFIRM128_RESERVED,requires_mul_or_div,PZ2-CONFIRM-0010,0,0,32
RFT17,17,CONFIRM128_RESERVED,add_sub_solvable,PZ2-CONFIRM-0011,0,0,32
RFT17,17,CONFIRM128_RESERVED,requires_mul_or_div,PZ2-CONFIRM-0012,0,0,32
RFT17,17,CONFIRM128_RESERVED,add_sub_solvable,PZ2-CONFIRM-0013,1,30,32
RFT17,17,CONFIRM128_RESERVED,requires_mul_or_div,PZ2-CONFIRM-0014,0,0,32
RFT17,17,CONFIRM128_RESERVED,add_sub_solvable,PZ2-CONFIRM-0015,1,32,32
RFT17,17,CONFIRM128_RESERVED,requires_mul_or_div,PZ2-CONFIRM-0016,0,0,32
RFT17,17,CONFIRM128_RESERVED,add_sub_solvable,PZ2-CONFIRM-0017,1,32,32
RFT17,17,CONFIRM128_RESERVED,requires_mul_or_div,PZ2-CONFIRM-0018,0,0,32
RFT17,17,CONFIRM128_RESERVED,add_sub_solvable,PZ2-CONFIRM-0019,0,0,32
RFT17,17,CONFIRM128_RESERVED,requires_mul_or_div,PZ2-CONFIRM-0020,0,0,32
RFT17,17,CONFIRM128_RESERVED,add_sub_solvable,PZ2-CONFIRM-0021,1,29,32
RFT17,17,CONFIRM128_RESERVED,requires_mul_or_div,PZ2-CONFIRM-0022,0,0,32
RFT17,17,CONFIRM128_RESERVED,add_sub_solvable,PZ2-CONFIRM-0023,1,31,32
RFT17,17,CONFIRM128_RESERVED,requires_mul_or_div,PZ2-CONFIRM-0024,0,0,32
RFT17,17,CONFIRM128_RESERVED,add_sub_solvable,PZ2-CONFIRM-0025,0,0,32
RFT17,17,CONFIRM128_RESERVED,requires_mul_or_div,PZ2-CONFIRM-0026,0,0,32
RFT17,17,CONFIRM128_RESERVED,add_sub_solvable,PZ2-CONFIRM-0027,0,2,32
RFT17,17,CONFIRM128_RESERVED,requires_mul_or_div,PZ2-CONFIRM-0028,0,0,32
RFT17,17,CONFIRM128_RESERVED,add_sub_solvable,PZ2-CONFIRM-0029,1,32,32
RFT17,17,CONFIRM128_RESERVED,requires_mul_or_div,PZ2-CONFIRM-0030,0,9,32
RFT17,17,CONFIRM128_RESERVED,add_sub_solvable,PZ2-CONFIRM-0031,1,32,32
RFT17,17,CONFIRM128_RESERVED,requires_mul_or_div,PZ2-CONFIRM-0032,0,0,32
RFT17,17,CONFIRM128_RESERVED,add_sub_solvable,PZ2-CONFIRM-0033,1,32,32
RFT17,17,CONFIRM128_RESERVED,requires_mul_or_div,PZ2-CONFIRM-0034,0,0,32
RFT17,17,CONFIRM128_RESERVED,add_sub_solvable,PZ2-CONFIRM-0035,0,12,32
RFT17,17,CONFIRM128_RESERVED,requires_mul_or_div,PZ2-CONFIRM-0036,0,0,32
RFT17,17,CONFIRM128_RESERVED,add_sub_solvable,PZ2-CONFIRM-0037,1,32,32
RFT17,17,CONFIRM128_RESERVED,requires_mul_or_div,PZ2-CONFIRM-0038,0,0,32
RFT17,17,CONFIRM128_RESERVED,add_sub_solvable,PZ2-CONFIRM-0039,0,0,32
RFT17,17,CONFIRM128_RESERVED,requires_mul_or_div,PZ2-CONFIRM-0040,0,1,32
RFT17,17,CONFIRM128_RESERVED,add_sub_solvable,PZ2-CONFIRM-0041,1,32,32
RFT17,17,CONFIRM128_RESERVED,requires_mul_or_div,PZ2-CONFIRM-0042,0,5,32
RFT17,17,CONFIRM128_RESERVED,add_sub_solvable,PZ2-CONFIRM-0043,1,32,32
RFT17,17,CONFIRM128_RESERVED,requires_mul_or_div,PZ2-CONFIRM-0044,0,0,32
RFT17,17,CONFIRM128_RESERVED,add_sub_solvable,PZ2-CONFIRM-0045,1,31,32
RFT17,17,CONFIRM128_RESERVED,requires_mul_or_div,PZ2-CONFIRM-0046,0,0,32
RFT17,17,CONFIRM128_RESERVED,add_sub_solvable,PZ2-CONFIRM-0047,0,2,32
RFT17,17,CONFIRM128_RESERVED,requires_mul_or_div,PZ2-CONFIRM-0048,0,0,32
RFT17,17,CONFIRM128_RESERVED,add_sub_solvable,PZ2-CONFIRM-0049,1,32,32
RFT17,17,CONFIRM128_RESERVED,requires_mul_or_div,PZ2-CONFIRM-0050,0,0,32
RFT17,17,CONFIRM128_RESERVED,add_sub_solvable,PZ2-CONFIRM-0051,0,9,32
RFT17,17,CONFIRM128_RESERVED,requires_mul_or_div,PZ2-CONFIRM-0052,0,0,32
RFT17,17,CONFIRM128_RESERVED,add_sub_solvable,PZ2-CONFIRM-0053,1,32,32
RFT17,17,CONFIRM128_RESERVED,requires_mul_or_div,PZ2-CONFIRM-0054,0,0,32
RFT17,17,CONFIRM128_RESERVED,add_sub_solvable,PZ2-CONFIRM-0055,1,31,32
RFT17,17,CONFIRM128_RESERVED,requires_mul_or_div,PZ2-CONFIRM-0056,1,28,32
RFT17,17,CONFIRM128_RESERVED,add_sub_solvable,PZ2-CONFIRM-0057,0,0,32
RFT17,17,CONFIRM128_RESERVED,requires_mul_or_div,PZ2-CONFIRM-0058,0,0,32
RFT17,17,CONFIRM128_RESERVED,add_sub_solvable,PZ2-CONFIRM-0059,0,10,32
RFT17,17,CONFIRM128_RESERVED,requires_mul_or_div,PZ2-CONFIRM-0060,0,0,32
RFT17,17,CONFIRM128_RESERVED,add_sub_solvable,PZ2-CONFIRM-0061,0,4,32
RFT17,17,CONFIRM128_RESERVED,requires_mul_or_div,PZ2-CONFIRM-0062,0,0,32
RFT17,17,CONFIRM128_RESERVED,add_sub_solvable,PZ2-CONFIRM-0063,0,1,32
RFT17,17,CONFIRM128_RESERVED,requires_mul_or_div,PZ2-CONFIRM-0064,0,0,32
RFT17,17,CONFIRM128_RESERVED,add_sub_solvable,PZ2-CONFIRM-0065,0,0,32
RFT17,17,CONFIRM128_RESERVED,requires_mul_or_div,PZ2-CONFIRM-0066,0,0,32
RFT17,17,CONFIRM128_RESERVED,add_sub_solvable,PZ2-CONFIRM-0067,1,21,32
RFT17,17,CONFIRM128_RESERVED,requires_mul_or_div,PZ2-CONFIRM-0068,0,1,32
RFT17,17,CONFIRM128_RESERVED,add_sub_solvable,PZ2-CONFIRM-0069,1,32,32
RFT17,17,CONFIRM128_RESERVED,requires_mul_or_div,PZ2-CONFIRM-0070,0,0,32
RFT17,17,CONFIRM128_RESERVED,add_sub_solvable,PZ2-CONFIRM-0071,1,32,32
RFT17,17,CONFIRM128_RESERVED,requires_mul_or_div,PZ2-CONFIRM-0072,0,0,32
RFT17,17,CONFIRM128_RESERVED,add_sub_solvable,PZ2-CONFIRM-0073,1,32,32
RFT17,17,CONFIRM128_RESERVED,requires_mul_or_div,PZ2-CONFIRM-0074,0,0,32
RFT17,17,CONFIRM128_RESERVED,add_sub_solvable,PZ2-CONFIRM-0075,1,31,32
RFT17,17,CONFIRM128_RESERVED,requires_mul_or_div,PZ2-CONFIRM-0076,0,0,32
RFT17,17,CONFIRM128_RESERVED,add_sub_solvable,PZ2-CONFIRM-0077,0,1,32
RFT17,17,CONFIRM128_RESERVED,requires_mul_or_div,PZ2-CONFIRM-0078,0,0,32
RFT17,17,CONFIRM128_RESERVED,add_sub_solvable,PZ2-CONFIRM-0079,0,0,32
RFT17,17,CONFIRM128_RESERVED,requires_mul_or_div,PZ2-CONFIRM-0080,0,0,32
RFT17,17,CONFIRM128_RESERVED,add_sub_solvable,PZ2-CONFIRM-0081,0,0,32
RFT17,17,CONFIRM128_RESERVED,requires_mul_or_div,PZ2-CONFIRM-0082,0,0,32
RFT17,17,CONFIRM128_RESERVED,add_sub_solvable,PZ2-CONFIRM-0083,1,32,32
RFT17,17,CONFIRM128_RESERVED,requires_mul_or_div,PZ2-CONFIRM-0084,0,0,32
RFT17,17,CONFIRM128_RESERVED,add_sub_solvable,PZ2-CONFIRM-0085,1,32,32
RFT17,17,CONFIRM128_RESERVED,requires_mul_or_div,PZ2-CONFIRM-0086,0,0,32
RFT17,17,CONFIRM128_RESERVED,add_sub_solvable,PZ2-CONFIRM-0087,0,1,32
RFT17,17,CONFIRM128_RESERVED,requires_mul_or_div,PZ2-CONFIRM-0088,0,0,32
RFT17,17,CONFIRM128_RESERVED,add_sub_solvable,PZ2-CONFIRM-0089,1,32,32
RFT17,17,CONFIRM128_RESERVED,requires_mul_or_div,PZ2-CONFIRM-0090,0,0,32
RFT17,17,CONFIRM128_RESERVED,add_sub_solvable,PZ2-CONFIRM-0091,1,28,32
RFT17,17,CONFIRM128_RESERVED,requires_mul_or_div,PZ2-CONFIRM-0092,0,0,32
RFT17,17,CONFIRM128_RESERVED,add_sub_solvable,PZ2-CONFIRM-0093,0,0,32
RFT17,17,CONFIRM128_RESERVED,requires_mul_or_div,PZ2-CONFIRM-0094,0,0,32
RFT17,17,CONFIRM128_RESERVED,add_sub_solvable,PZ2-CONFIRM-0095,1,32,32
RFT17,17,CONFIRM128_RESERVED,requires_mul_or_div,PZ2-CONFIRM-0096,0,0,32
RFT17,17,CONFIRM128_RESERVED,add_sub_solvable,PZ2-CONFIRM-0097,0,0,32
RFT17,17,CONFIRM128_RESERVED,requires_mul_or_div,PZ2-CONFIRM-0098,0,0,32
RFT17,17,CONFIRM128_RESERVED,add_sub_solvable,PZ2-CONFIRM-0099,1,31,32
RFT17,17,CONFIRM128_RESERVED,requires_mul_or_div,PZ2-CONFIRM-0100,0,0,32
RFT17,17,CONFIRM128_RESERVED,add_sub_solvable,PZ2-CONFIRM-0101,0,0,32
RFT17,17,CONFIRM128_RESERVED,requires_mul_or_div,PZ2-CONFIRM-0102,0,13,32
RFT17,17,CONFIRM128_RESERVED,add_sub_solvable,PZ2-CONFIRM-0103,1,32,32
RFT17,17,CONFIRM128_RESERVED,requires_mul_or_div,PZ2-CONFIRM-0104,0,3,32
RFT17,17,CONFIRM128_RESERVED,add_sub_solvable,PZ2-CONFIRM-0105,0,1,32
RFT17,17,CONFIRM128_RESERVED,requires_mul_or_div,PZ2-CONFIRM-0106,0,0,32
RFT17,17,CONFIRM128_RESERVED,add_sub_solvable,PZ2-CONFIRM-0107,0,0,32
RFT17,17,CONFIRM128_RESERVED,requires_mul_or_div,PZ2-CONFIRM-0108,0,0,32
RFT17,17,CONFIRM128_RESERVED,add_sub_solvable,PZ2-CONFIRM-0109,1,32,32
RFT17,17,CONFIRM128_RESERVED,requires_mul_or_div,PZ2-CONFIRM-0110,1,31,32
RFT17,17,CONFIRM128_RESERVED,add_sub_solvable,PZ2-CONFIRM-0111,1,32,32
RFT17,17,CONFIRM128_RESERVED,requires_mul_or_div,PZ2-CONFIRM-0112,0,0,32
RFT17,17,CONFIRM128_RESERVED,add_sub_solvable,PZ2-CONFIRM-0113,1,30,32
RFT17,17,CONFIRM128_RESERVED,requires_mul_or_div,PZ2-CONFIRM-0114,0,0,32
RFT17,17,CONFIRM128_RESERVED,add_sub_solvable,PZ2-CONFIRM-0115,0,4,32
RFT17,17,CONFIRM128_RESERVED,requires_mul_or_div,PZ2-CONFIRM-0116,0,0,32
RFT17,17,CONFIRM128_RESERVED,add_sub_solvable,PZ2-CONFIRM-0117,0,0,32
RFT17,17,CONFIRM128_RESERVED,requires_mul_or_div,PZ2-CONFIRM-0118,0,0,32
RFT17,17,CONFIRM128_RESERVED,add_sub_solvable,PZ2-CONFIRM-0119,0,2,32
RFT17,17,CONFIRM128_RESERVED,requires_mul_or_div,PZ2-CONFIRM-0120,0,0,32
RFT17,17,CONFIRM128_RESERVED,add_sub_solvable,PZ2-CONFIRM-0121,1,32,32
RFT17,17,CONFIRM128_RESERVED,requires_mul_or_div,PZ2-CONFIRM-0122,0,0,32
RFT17,17,CONFIRM128_RESERVED,add_sub_solvable,PZ2-CONFIRM-0123,1,29,32
RFT17,17,CONFIRM128_RESERVED,requires_mul_or_div,PZ2-CONFIRM-0124,0,0,32
RFT17,17,CONFIRM128_RESERVED,add_sub_solvable,PZ2-CONFIRM-0125,0,0,32
RFT17,17,CONFIRM128_RESERVED,requires_mul_or_div,PZ2-CONFIRM-0126,1,31,32
RFT17,17,CONFIRM128_RESERVED,add_sub_solvable,PZ2-CONFIRM-0127,1,32,32
RFT17,17,CONFIRM128_RESERVED,requires_mul_or_div,PZ2-CONFIRM-0128,0,0,32
PPO17,17,HISTORICAL_FINAL256_OBSERVED,add_sub_solvable,PZ1-FINAL-0001,1,23,32
PPO17,17,HISTORICAL_FINAL256_OBSERVED,requires_mul_or_div,PZ1-FINAL-0002,0,0,32
PPO17,17,HISTORICAL_FINAL256_OBSERVED,add_sub_solvable,PZ1-FINAL-0003,1,27,32
PPO17,17,HISTORICAL_FINAL256_OBSERVED,requires_mul_or_div,PZ1-FINAL-0004,0,0,32
PPO17,17,HISTORICAL_FINAL256_OBSERVED,add_sub_solvable,PZ1-FINAL-0005,1,28,32
PPO17,17,HISTORICAL_FINAL256_OBSERVED,requires_mul_or_div,PZ1-FINAL-0006,0,0,32
PPO17,17,HISTORICAL_FINAL256_OBSERVED,add_sub_solvable,PZ1-FINAL-0007,0,0,32
PPO17,17,HISTORICAL_FINAL256_OBSERVED,requires_mul_or_div,PZ1-FINAL-0008,0,0,32
PPO17,17,HISTORICAL_FINAL256_OBSERVED,add_sub_solvable,PZ1-FINAL-0009,1,20,32
PPO17,17,HISTORICAL_FINAL256_OBSERVED,requires_mul_or_div,PZ1-FINAL-0010,0,0,32
PPO17,17,HISTORICAL_FINAL256_OBSERVED,add_sub_solvable,PZ1-FINAL-0011,1,31,32
PPO17,17,HISTORICAL_FINAL256_OBSERVED,requires_mul_or_div,PZ1-FINAL-0012,0,0,32
PPO17,17,HISTORICAL_FINAL256_OBSERVED,add_sub_solvable,PZ1-FINAL-0013,0,6,32
PPO17,17,HISTORICAL_FINAL256_OBSERVED,requires_mul_or_div,PZ1-FINAL-0014,1,18,32
PPO17,17,HISTORICAL_FINAL256_OBSERVED,add_sub_solvable,PZ1-FINAL-0015,1,30,32
PPO17,17,HISTORICAL_FINAL256_OBSERVED,requires_mul_or_div,PZ1-FINAL-0016,0,1,32
PPO17,17,HISTORICAL_FINAL256_OBSERVED,add_sub_solvable,PZ1-FINAL-0017,1,28,32
PPO17,17,HISTORICAL_FINAL256_OBSERVED,requires_mul_or_div,PZ1-FINAL-0018,0,0,32
PPO17,17,HISTORICAL_FINAL256_OBSERVED,add_sub_solvable,PZ1-FINAL-0019,1,20,32
PPO17,17,HISTORICAL_FINAL256_OBSERVED,requires_mul_or_div,PZ1-FINAL-0020,0,1,32
PPO17,17,HISTORICAL_FINAL256_OBSERVED,add_sub_solvable,PZ1-FINAL-0021,0,9,32
PPO17,17,HISTORICAL_FINAL256_OBSERVED,requires_mul_or_div,PZ1-FINAL-0022,0,2,32
PPO17,17,HISTORICAL_FINAL256_OBSERVED,add_sub_solvable,PZ1-FINAL-0023,1,19,32
PPO17,17,HISTORICAL_FINAL256_OBSERVED,requires_mul_or_div,PZ1-FINAL-0024,0,5,32
PPO17,17,HISTORICAL_FINAL256_OBSERVED,add_sub_solvable,PZ1-FINAL-0025,0,0,32
PPO17,17,HISTORICAL_FINAL256_OBSERVED,requires_mul_or_div,PZ1-FINAL-0026,0,1,32
PPO17,17,HISTORICAL_FINAL256_OBSERVED,add_sub_solvable,PZ1-FINAL-0027,1,27,32
PPO17,17,HISTORICAL_FINAL256_OBSERVED,requires_mul_or_div,PZ1-FINAL-0028,0,0,32
PPO17,17,HISTORICAL_FINAL256_OBSERVED,add_sub_solvable,PZ1-FINAL-0029,1,29,32
PPO17,17,HISTORICAL_FINAL256_OBSERVED,requires_mul_or_div,PZ1-FINAL-0030,0,1,32
PPO17,17,HISTORICAL_FINAL256_OBSERVED,add_sub_solvable,PZ1-FINAL-0031,1,25,32
PPO17,17,HISTORICAL_FINAL256_OBSERVED,requires_mul_or_div,PZ1-FINAL-0032,0,2,32
PPO17,17,HISTORICAL_FINAL256_OBSERVED,add_sub_solvable,PZ1-FINAL-0033,1,29,32
PPO17,17,HISTORICAL_FINAL256_OBSERVED,requires_mul_or_div,PZ1-FINAL-0034,0,0,32
PPO17,17,HISTORICAL_FINAL256_OBSERVED,add_sub_solvable,PZ1-FINAL-0035,1,26,32
PPO17,17,HISTORICAL_FINAL256_OBSERVED,requires_mul_or_div,PZ1-FINAL-0036,0,0,32
PPO17,17,HISTORICAL_FINAL256_OBSERVED,add_sub_solvable,PZ1-FINAL-0037,1,17,32
PPO17,17,HISTORICAL_FINAL256_OBSERVED,requires_mul_or_div,PZ1-FINAL-0038,1,15,32
PPO17,17,HISTORICAL_FINAL256_OBSERVED,add_sub_solvable,PZ1-FINAL-0039,0,11,32
PPO17,17,HISTORICAL_FINAL256_OBSERVED,requires_mul_or_div,PZ1-FINAL-0040,0,0,32
PPO17,17,HISTORICAL_FINAL256_OBSERVED,add_sub_solvable,PZ1-FINAL-0041,1,19,32
PPO17,17,HISTORICAL_FINAL256_OBSERVED,requires_mul_or_div,PZ1-FINAL-0042,0,1,32
PPO17,17,HISTORICAL_FINAL256_OBSERVED,add_sub_solvable,PZ1-FINAL-0043,1,23,32
PPO17,17,HISTORICAL_FINAL256_OBSERVED,requires_mul_or_div,PZ1-FINAL-0044,0,0,32
PPO17,17,HISTORICAL_FINAL256_OBSERVED,add_sub_solvable,PZ1-FINAL-0045,1,31,32
PPO17,17,HISTORICAL_FINAL256_OBSERVED,requires_mul_or_div,PZ1-FINAL-0046,1,27,32
PPO17,17,HISTORICAL_FINAL256_OBSERVED,add_sub_solvable,PZ1-FINAL-0047,0,10,32
PPO17,17,HISTORICAL_FINAL256_OBSERVED,requires_mul_or_div,PZ1-FINAL-0048,0,0,32
PPO17,17,HISTORICAL_FINAL256_OBSERVED,add_sub_solvable,PZ1-FINAL-0049,1,26,32
PPO17,17,HISTORICAL_FINAL256_OBSERVED,requires_mul_or_div,PZ1-FINAL-0050,1,23,32
PPO17,17,HISTORICAL_FINAL256_OBSERVED,add_sub_solvable,PZ1-FINAL-0051,1,19,32
PPO17,17,HISTORICAL_FINAL256_OBSERVED,requires_mul_or_div,PZ1-FINAL-0052,0,6,32
PPO17,17,HISTORICAL_FINAL256_OBSERVED,add_sub_solvable,PZ1-FINAL-0053,1,32,32
PPO17,17,HISTORICAL_FINAL256_OBSERVED,requires_mul_or_div,PZ1-FINAL-0054,0,0,32
PPO17,17,HISTORICAL_FINAL256_OBSERVED,add_sub_solvable,PZ1-FINAL-0055,1,26,32
PPO17,17,HISTORICAL_FINAL256_OBSERVED,requires_mul_or_div,PZ1-FINAL-0056,0,1,32
PPO17,17,HISTORICAL_FINAL256_OBSERVED,add_sub_solvable,PZ1-FINAL-0057,0,1,32
PPO17,17,HISTORICAL_FINAL256_OBSERVED,requires_mul_or_div,PZ1-FINAL-0058,0,0,32
PPO17,17,HISTORICAL_FINAL256_OBSERVED,add_sub_solvable,PZ1-FINAL-0059,1,16,32
PPO17,17,HISTORICAL_FINAL256_OBSERVED,requires_mul_or_div,PZ1-FINAL-0060,0,1,32
PPO17,17,HISTORICAL_FINAL256_OBSERVED,add_sub_solvable,PZ1-FINAL-0061,0,13,32
PPO17,17,HISTORICAL_FINAL256_OBSERVED,requires_mul_or_div,PZ1-FINAL-0062,0,0,32
PPO17,17,HISTORICAL_FINAL256_OBSERVED,add_sub_solvable,PZ1-FINAL-0063,1,20,32
PPO17,17,HISTORICAL_FINAL256_OBSERVED,requires_mul_or_div,PZ1-FINAL-0064,0,0,32
PPO17,17,HISTORICAL_FINAL256_OBSERVED,add_sub_solvable,PZ1-FINAL-0065,0,2,32
PPO17,17,HISTORICAL_FINAL256_OBSERVED,requires_mul_or_div,PZ1-FINAL-0066,0,0,32
PPO17,17,HISTORICAL_FINAL256_OBSERVED,add_sub_solvable,PZ1-FINAL-0067,0,7,32
PPO17,17,HISTORICAL_FINAL256_OBSERVED,requires_mul_or_div,PZ1-FINAL-0068,0,0,32
PPO17,17,HISTORICAL_FINAL256_OBSERVED,add_sub_solvable,PZ1-FINAL-0069,1,12,32
PPO17,17,HISTORICAL_FINAL256_OBSERVED,requires_mul_or_div,PZ1-FINAL-0070,0,0,32
PPO17,17,HISTORICAL_FINAL256_OBSERVED,add_sub_solvable,PZ1-FINAL-0071,1,26,32
PPO17,17,HISTORICAL_FINAL256_OBSERVED,requires_mul_or_div,PZ1-FINAL-0072,0,0,32
PPO17,17,HISTORICAL_FINAL256_OBSERVED,add_sub_solvable,PZ1-FINAL-0073,0,9,32
PPO17,17,HISTORICAL_FINAL256_OBSERVED,requires_mul_or_div,PZ1-FINAL-0074,0,0,32
PPO17,17,HISTORICAL_FINAL256_OBSERVED,add_sub_solvable,PZ1-FINAL-0075,0,9,32
PPO17,17,HISTORICAL_FINAL256_OBSERVED,requires_mul_or_div,PZ1-FINAL-0076,1,7,32
PPO17,17,HISTORICAL_FINAL256_OBSERVED,add_sub_solvable,PZ1-FINAL-0077,1,23,32
PPO17,17,HISTORICAL_FINAL256_OBSERVED,requires_mul_or_div,PZ1-FINAL-0078,1,15,32
PPO17,17,HISTORICAL_FINAL256_OBSERVED,add_sub_solvable,PZ1-FINAL-0079,0,10,32
PPO17,17,HISTORICAL_FINAL256_OBSERVED,requires_mul_or_div,PZ1-FINAL-0080,0,0,32
PPO17,17,HISTORICAL_FINAL256_OBSERVED,add_sub_solvable,PZ1-FINAL-0081,0,0,32
PPO17,17,HISTORICAL_FINAL256_OBSERVED,requires_mul_or_div,PZ1-FINAL-0082,0,0,32
PPO17,17,HISTORICAL_FINAL256_OBSERVED,add_sub_solvable,PZ1-FINAL-0083,1,18,32
PPO17,17,HISTORICAL_FINAL256_OBSERVED,requires_mul_or_div,PZ1-FINAL-0084,0,0,32
PPO17,17,HISTORICAL_FINAL256_OBSERVED,add_sub_solvable,PZ1-FINAL-0085,0,0,32
PPO17,17,HISTORICAL_FINAL256_OBSERVED,requires_mul_or_div,PZ1-FINAL-0086,0,1,32
PPO17,17,HISTORICAL_FINAL256_OBSERVED,add_sub_solvable,PZ1-FINAL-0087,1,32,32
PPO17,17,HISTORICAL_FINAL256_OBSERVED,requires_mul_or_div,PZ1-FINAL-0088,0,0,32
PPO17,17,HISTORICAL_FINAL256_OBSERVED,add_sub_solvable,PZ1-FINAL-0089,0,5,32
PPO17,17,HISTORICAL_FINAL256_OBSERVED,requires_mul_or_div,PZ1-FINAL-0090,0,0,32
PPO17,17,HISTORICAL_FINAL256_OBSERVED,add_sub_solvable,PZ1-FINAL-0091,1,24,32
PPO17,17,HISTORICAL_FINAL256_OBSERVED,requires_mul_or_div,PZ1-FINAL-0092,1,18,32
PPO17,17,HISTORICAL_FINAL256_OBSERVED,add_sub_solvable,PZ1-FINAL-0093,1,26,32
PPO17,17,HISTORICAL_FINAL256_OBSERVED,requires_mul_or_div,PZ1-FINAL-0094,0,0,32
PPO17,17,HISTORICAL_FINAL256_OBSERVED,add_sub_solvable,PZ1-FINAL-0095,1,26,32
PPO17,17,HISTORICAL_FINAL256_OBSERVED,requires_mul_or_div,PZ1-FINAL-0096,0,0,32
PPO17,17,HISTORICAL_FINAL256_OBSERVED,add_sub_solvable,PZ1-FINAL-0097,1,30,32
PPO17,17,HISTORICAL_FINAL256_OBSERVED,requires_mul_or_div,PZ1-FINAL-0098,0,0,32
PPO17,17,HISTORICAL_FINAL256_OBSERVED,add_sub_solvable,PZ1-FINAL-0099,0,2,32
PPO17,17,HISTORICAL_FINAL256_OBSERVED,requires_mul_or_div,PZ1-FINAL-0100,1,27,32
PPO17,17,HISTORICAL_FINAL256_OBSERVED,add_sub_solvable,PZ1-FINAL-0101,0,11,32
PPO17,17,HISTORICAL_FINAL256_OBSERVED,requires_mul_or_div,PZ1-FINAL-0102,0,0,32
PPO17,17,HISTORICAL_FINAL256_OBSERVED,add_sub_solvable,PZ1-FINAL-0103,0,3,32
PPO17,17,HISTORICAL_FINAL256_OBSERVED,requires_mul_or_div,PZ1-FINAL-0104,0,1,32
PPO17,17,HISTORICAL_FINAL256_OBSERVED,add_sub_solvable,PZ1-FINAL-0105,1,28,32
PPO17,17,HISTORICAL_FINAL256_OBSERVED,requires_mul_or_div,PZ1-FINAL-0106,0,2,32
PPO17,17,HISTORICAL_FINAL256_OBSERVED,add_sub_solvable,PZ1-FINAL-0107,0,3,32
PPO17,17,HISTORICAL_FINAL256_OBSERVED,requires_mul_or_div,PZ1-FINAL-0108,0,6,32
PPO17,17,HISTORICAL_FINAL256_OBSERVED,add_sub_solvable,PZ1-FINAL-0109,0,0,32
PPO17,17,HISTORICAL_FINAL256_OBSERVED,requires_mul_or_div,PZ1-FINAL-0110,0,3,32
PPO17,17,HISTORICAL_FINAL256_OBSERVED,add_sub_solvable,PZ1-FINAL-0111,0,1,32
PPO17,17,HISTORICAL_FINAL256_OBSERVED,requires_mul_or_div,PZ1-FINAL-0112,0,0,32
PPO17,17,HISTORICAL_FINAL256_OBSERVED,add_sub_solvable,PZ1-FINAL-0113,0,1,32
PPO17,17,HISTORICAL_FINAL256_OBSERVED,requires_mul_or_div,PZ1-FINAL-0114,0,0,32
PPO17,17,HISTORICAL_FINAL256_OBSERVED,add_sub_solvable,PZ1-FINAL-0115,1,24,32
PPO17,17,HISTORICAL_FINAL256_OBSERVED,requires_mul_or_div,PZ1-FINAL-0116,0,0,32
PPO17,17,HISTORICAL_FINAL256_OBSERVED,add_sub_solvable,PZ1-FINAL-0117,1,32,32
PPO17,17,HISTORICAL_FINAL256_OBSERVED,requires_mul_or_div,PZ1-FINAL-0118,0,0,32
PPO17,17,HISTORICAL_FINAL256_OBSERVED,add_sub_solvable,PZ1-FINAL-0119,1,32,32
PPO17,17,HISTORICAL_FINAL256_OBSERVED,requires_mul_or_div,PZ1-FINAL-0120,1,18,32
PPO17,17,HISTORICAL_FINAL256_OBSERVED,add_sub_solvable,PZ1-FINAL-0121,0,4,32
PPO17,17,HISTORICAL_FINAL256_OBSERVED,requires_mul_or_div,PZ1-FINAL-0122,0,0,32
PPO17,17,HISTORICAL_FINAL256_OBSERVED,add_sub_solvable,PZ1-FINAL-0123,1,30,32
PPO17,17,HISTORICAL_FINAL256_OBSERVED,requires_mul_or_div,PZ1-FINAL-0124,1,32,32
PPO17,17,HISTORICAL_FINAL256_OBSERVED,add_sub_solvable,PZ1-FINAL-0125,0,5,32
PPO17,17,HISTORICAL_FINAL256_OBSERVED,requires_mul_or_div,PZ1-FINAL-0126,0,0,32
PPO17,17,HISTORICAL_FINAL256_OBSERVED,add_sub_solvable,PZ1-FINAL-0127,1,27,32
PPO17,17,HISTORICAL_FINAL256_OBSERVED,requires_mul_or_div,PZ1-FINAL-0128,0,6,32
PPO17,17,HISTORICAL_FINAL256_OBSERVED,add_sub_solvable,PZ1-FINAL-0129,1,30,32
PPO17,17,HISTORICAL_FINAL256_OBSERVED,requires_mul_or_div,PZ1-FINAL-0130,0,0,32
PPO17,17,HISTORICAL_FINAL256_OBSERVED,add_sub_solvable,PZ1-FINAL-0131,0,3,32
PPO17,17,HISTORICAL_FINAL256_OBSERVED,requires_mul_or_div,PZ1-FINAL-0132,0,0,32
PPO17,17,HISTORICAL_FINAL256_OBSERVED,add_sub_solvable,PZ1-FINAL-0133,0,1,32
PPO17,17,HISTORICAL_FINAL256_OBSERVED,requires_mul_or_div,PZ1-FINAL-0134,0,0,32
PPO17,17,HISTORICAL_FINAL256_OBSERVED,add_sub_solvable,PZ1-FINAL-0135,1,21,32
PPO17,17,HISTORICAL_FINAL256_OBSERVED,requires_mul_or_div,PZ1-FINAL-0136,0,0,32
PPO17,17,HISTORICAL_FINAL256_OBSERVED,add_sub_solvable,PZ1-FINAL-0137,0,11,32
PPO17,17,HISTORICAL_FINAL256_OBSERVED,requires_mul_or_div,PZ1-FINAL-0138,1,17,32
PPO17,17,HISTORICAL_FINAL256_OBSERVED,add_sub_solvable,PZ1-FINAL-0139,1,28,32
PPO17,17,HISTORICAL_FINAL256_OBSERVED,requires_mul_or_div,PZ1-FINAL-0140,0,0,32
PPO17,17,HISTORICAL_FINAL256_OBSERVED,add_sub_solvable,PZ1-FINAL-0141,0,4,32
PPO17,17,HISTORICAL_FINAL256_OBSERVED,requires_mul_or_div,PZ1-FINAL-0142,0,0,32
PPO17,17,HISTORICAL_FINAL256_OBSERVED,add_sub_solvable,PZ1-FINAL-0143,0,12,32
PPO17,17,HISTORICAL_FINAL256_OBSERVED,requires_mul_or_div,PZ1-FINAL-0144,0,0,32
PPO17,17,HISTORICAL_FINAL256_OBSERVED,add_sub_solvable,PZ1-FINAL-0145,0,15,32
PPO17,17,HISTORICAL_FINAL256_OBSERVED,requires_mul_or_div,PZ1-FINAL-0146,0,0,32
PPO17,17,HISTORICAL_FINAL256_OBSERVED,add_sub_solvable,PZ1-FINAL-0147,1,26,32
PPO17,17,HISTORICAL_FINAL256_OBSERVED,requires_mul_or_div,PZ1-FINAL-0148,0,9,32
PPO17,17,HISTORICAL_FINAL256_OBSERVED,add_sub_solvable,PZ1-FINAL-0149,1,25,32
PPO17,17,HISTORICAL_FINAL256_OBSERVED,requires_mul_or_div,PZ1-FINAL-0150,0,0,32
PPO17,17,HISTORICAL_FINAL256_OBSERVED,add_sub_solvable,PZ1-FINAL-0151,1,20,32
PPO17,17,HISTORICAL_FINAL256_OBSERVED,requires_mul_or_div,PZ1-FINAL-0152,0,0,32
PPO17,17,HISTORICAL_FINAL256_OBSERVED,add_sub_solvable,PZ1-FINAL-0153,1,19,32
PPO17,17,HISTORICAL_FINAL256_OBSERVED,requires_mul_or_div,PZ1-FINAL-0154,0,9,32
PPO17,17,HISTORICAL_FINAL256_OBSERVED,add_sub_solvable,PZ1-FINAL-0155,1,31,32
PPO17,17,HISTORICAL_FINAL256_OBSERVED,requires_mul_or_div,PZ1-FINAL-0156,0,0,32
PPO17,17,HISTORICAL_FINAL256_OBSERVED,add_sub_solvable,PZ1-FINAL-0157,1,32,32
PPO17,17,HISTORICAL_FINAL256_OBSERVED,requires_mul_or_div,PZ1-FINAL-0158,0,0,32
PPO17,17,HISTORICAL_FINAL256_OBSERVED,add_sub_solvable,PZ1-FINAL-0159,1,23,32
PPO17,17,HISTORICAL_FINAL256_OBSERVED,requires_mul_or_div,PZ1-FINAL-0160,0,0,32
PPO17,17,HISTORICAL_FINAL256_OBSERVED,add_sub_solvable,PZ1-FINAL-0161,0,0,32
PPO17,17,HISTORICAL_FINAL256_OBSERVED,requires_mul_or_div,PZ1-FINAL-0162,1,28,32
PPO17,17,HISTORICAL_FINAL256_OBSERVED,add_sub_solvable,PZ1-FINAL-0163,0,6,32
PPO17,17,HISTORICAL_FINAL256_OBSERVED,requires_mul_or_div,PZ1-FINAL-0164,0,0,32
PPO17,17,HISTORICAL_FINAL256_OBSERVED,add_sub_solvable,PZ1-FINAL-0165,1,31,32
PPO17,17,HISTORICAL_FINAL256_OBSERVED,requires_mul_or_div,PZ1-FINAL-0166,0,0,32
PPO17,17,HISTORICAL_FINAL256_OBSERVED,add_sub_solvable,PZ1-FINAL-0167,1,28,32
PPO17,17,HISTORICAL_FINAL256_OBSERVED,requires_mul_or_div,PZ1-FINAL-0168,0,0,32
PPO17,17,HISTORICAL_FINAL256_OBSERVED,add_sub_solvable,PZ1-FINAL-0169,0,2,32
PPO17,17,HISTORICAL_FINAL256_OBSERVED,requires_mul_or_div,PZ1-FINAL-0170,0,0,32
PPO17,17,HISTORICAL_FINAL256_OBSERVED,add_sub_solvable,PZ1-FINAL-0171,1,27,32
PPO17,17,HISTORICAL_FINAL256_OBSERVED,requires_mul_or_div,PZ1-FINAL-0172,0,0,32
PPO17,17,HISTORICAL_FINAL256_OBSERVED,add_sub_solvable,PZ1-FINAL-0173,1,27,32
PPO17,17,HISTORICAL_FINAL256_OBSERVED,requires_mul_or_div,PZ1-FINAL-0174,0,2,32
PPO17,17,HISTORICAL_FINAL256_OBSERVED,add_sub_solvable,PZ1-FINAL-0175,1,31,32
PPO17,17,HISTORICAL_FINAL256_OBSERVED,requires_mul_or_div,PZ1-FINAL-0176,0,0,32
PPO17,17,HISTORICAL_FINAL256_OBSERVED,add_sub_solvable,PZ1-FINAL-0177,1,29,32
PPO17,17,HISTORICAL_FINAL256_OBSERVED,requires_mul_or_div,PZ1-FINAL-0178,0,10,32
PPO17,17,HISTORICAL_FINAL256_OBSERVED,add_sub_solvable,PZ1-FINAL-0179,1,25,32
PPO17,17,HISTORICAL_FINAL256_OBSERVED,requires_mul_or_div,PZ1-FINAL-0180,0,0,32
PPO17,17,HISTORICAL_FINAL256_OBSERVED,add_sub_solvable,PZ1-FINAL-0181,0,5,32
PPO17,17,HISTORICAL_FINAL256_OBSERVED,requires_mul_or_div,PZ1-FINAL-0182,1,32,32
PPO17,17,HISTORICAL_FINAL256_OBSERVED,add_sub_solvable,PZ1-FINAL-0183,1,29,32
PPO17,17,HISTORICAL_FINAL256_OBSERVED,requires_mul_or_div,PZ1-FINAL-0184,0,8,32
PPO17,17,HISTORICAL_FINAL256_OBSERVED,add_sub_solvable,PZ1-FINAL-0185,1,32,32
PPO17,17,HISTORICAL_FINAL256_OBSERVED,requires_mul_or_div,PZ1-FINAL-0186,0,0,32
PPO17,17,HISTORICAL_FINAL256_OBSERVED,add_sub_solvable,PZ1-FINAL-0187,1,31,32
PPO17,17,HISTORICAL_FINAL256_OBSERVED,requires_mul_or_div,PZ1-FINAL-0188,0,0,32
PPO17,17,HISTORICAL_FINAL256_OBSERVED,add_sub_solvable,PZ1-FINAL-0189,1,28,32
PPO17,17,HISTORICAL_FINAL256_OBSERVED,requires_mul_or_div,PZ1-FINAL-0190,0,0,32
PPO17,17,HISTORICAL_FINAL256_OBSERVED,add_sub_solvable,PZ1-FINAL-0191,0,4,32
PPO17,17,HISTORICAL_FINAL256_OBSERVED,requires_mul_or_div,PZ1-FINAL-0192,0,0,32
PPO17,17,HISTORICAL_FINAL256_OBSERVED,add_sub_solvable,PZ1-FINAL-0193,1,29,32
PPO17,17,HISTORICAL_FINAL256_OBSERVED,requires_mul_or_div,PZ1-FINAL-0194,0,0,32
PPO17,17,HISTORICAL_FINAL256_OBSERVED,add_sub_solvable,PZ1-FINAL-0195,0,11,32
PPO17,17,HISTORICAL_FINAL256_OBSERVED,requires_mul_or_div,PZ1-FINAL-0196,0,0,32
PPO17,17,HISTORICAL_FINAL256_OBSERVED,add_sub_solvable,PZ1-FINAL-0197,1,26,32
PPO17,17,HISTORICAL_FINAL256_OBSERVED,requires_mul_or_div,PZ1-FINAL-0198,0,0,32
PPO17,17,HISTORICAL_FINAL256_OBSERVED,add_sub_solvable,PZ1-FINAL-0199,1,32,32
PPO17,17,HISTORICAL_FINAL256_OBSERVED,requires_mul_or_div,PZ1-FINAL-0200,0,0,32
PPO17,17,HISTORICAL_FINAL256_OBSERVED,add_sub_solvable,PZ1-FINAL-0201,1,20,32
PPO17,17,HISTORICAL_FINAL256_OBSERVED,requires_mul_or_div,PZ1-FINAL-0202,1,26,32
PPO17,17,HISTORICAL_FINAL256_OBSERVED,add_sub_solvable,PZ1-FINAL-0203,1,27,32
PPO17,17,HISTORICAL_FINAL256_OBSERVED,requires_mul_or_div,PZ1-FINAL-0204,0,0,32
PPO17,17,HISTORICAL_FINAL256_OBSERVED,add_sub_solvable,PZ1-FINAL-0205,1,29,32
PPO17,17,HISTORICAL_FINAL256_OBSERVED,requires_mul_or_div,PZ1-FINAL-0206,0,1,32
PPO17,17,HISTORICAL_FINAL256_OBSERVED,add_sub_solvable,PZ1-FINAL-0207,1,30,32
PPO17,17,HISTORICAL_FINAL256_OBSERVED,requires_mul_or_div,PZ1-FINAL-0208,0,0,32
PPO17,17,HISTORICAL_FINAL256_OBSERVED,add_sub_solvable,PZ1-FINAL-0209,0,10,32
PPO17,17,HISTORICAL_FINAL256_OBSERVED,requires_mul_or_div,PZ1-FINAL-0210,0,0,32
PPO17,17,HISTORICAL_FINAL256_OBSERVED,add_sub_solvable,PZ1-FINAL-0211,1,10,32
PPO17,17,HISTORICAL_FINAL256_OBSERVED,requires_mul_or_div,PZ1-FINAL-0212,0,0,32
PPO17,17,HISTORICAL_FINAL256_OBSERVED,add_sub_solvable,PZ1-FINAL-0213,1,27,32
PPO17,17,HISTORICAL_FINAL256_OBSERVED,requires_mul_or_div,PZ1-FINAL-0214,0,4,32
PPO17,17,HISTORICAL_FINAL256_OBSERVED,add_sub_solvable,PZ1-FINAL-0215,1,27,32
PPO17,17,HISTORICAL_FINAL256_OBSERVED,requires_mul_or_div,PZ1-FINAL-0216,0,0,32
PPO17,17,HISTORICAL_FINAL256_OBSERVED,add_sub_solvable,PZ1-FINAL-0217,1,28,32
PPO17,17,HISTORICAL_FINAL256_OBSERVED,requires_mul_or_div,PZ1-FINAL-0218,0,2,32
PPO17,17,HISTORICAL_FINAL256_OBSERVED,add_sub_solvable,PZ1-FINAL-0219,0,7,32
PPO17,17,HISTORICAL_FINAL256_OBSERVED,requires_mul_or_div,PZ1-FINAL-0220,0,0,32
PPO17,17,HISTORICAL_FINAL256_OBSERVED,add_sub_solvable,PZ1-FINAL-0221,1,31,32
PPO17,17,HISTORICAL_FINAL256_OBSERVED,requires_mul_or_div,PZ1-FINAL-0222,1,22,32
PPO17,17,HISTORICAL_FINAL256_OBSERVED,add_sub_solvable,PZ1-FINAL-0223,1,28,32
PPO17,17,HISTORICAL_FINAL256_OBSERVED,requires_mul_or_div,PZ1-FINAL-0224,0,0,32
PPO17,17,HISTORICAL_FINAL256_OBSERVED,add_sub_solvable,PZ1-FINAL-0225,1,31,32
PPO17,17,HISTORICAL_FINAL256_OBSERVED,requires_mul_or_div,PZ1-FINAL-0226,0,0,32
PPO17,17,HISTORICAL_FINAL256_OBSERVED,add_sub_solvable,PZ1-FINAL-0227,1,29,32
PPO17,17,HISTORICAL_FINAL256_OBSERVED,requires_mul_or_div,PZ1-FINAL-0228,0,0,32
PPO17,17,HISTORICAL_FINAL256_OBSERVED,add_sub_solvable,PZ1-FINAL-0229,0,7,32
PPO17,17,HISTORICAL_FINAL256_OBSERVED,requires_mul_or_div,PZ1-FINAL-0230,0,2,32
PPO17,17,HISTORICAL_FINAL256_OBSERVED,add_sub_solvable,PZ1-FINAL-0231,1,13,32
PPO17,17,HISTORICAL_FINAL256_OBSERVED,requires_mul_or_div,PZ1-FINAL-0232,0,1,32
PPO17,17,HISTORICAL_FINAL256_OBSERVED,add_sub_solvable,PZ1-FINAL-0233,1,27,32
PPO17,17,HISTORICAL_FINAL256_OBSERVED,requires_mul_or_div,PZ1-FINAL-0234,0,2,32
PPO17,17,HISTORICAL_FINAL256_OBSERVED,add_sub_solvable,PZ1-FINAL-0235,1,32,32
PPO17,17,HISTORICAL_FINAL256_OBSERVED,requires_mul_or_div,PZ1-FINAL-0236,1,21,32
PPO17,17,HISTORICAL_FINAL256_OBSERVED,add_sub_solvable,PZ1-FINAL-0237,1,14,32
PPO17,17,HISTORICAL_FINAL256_OBSERVED,requires_mul_or_div,PZ1-FINAL-0238,0,1,32
PPO17,17,HISTORICAL_FINAL256_OBSERVED,add_sub_solvable,PZ1-FINAL-0239,0,6,32
PPO17,17,HISTORICAL_FINAL256_OBSERVED,requires_mul_or_div,PZ1-FINAL-0240,0,1,32
PPO17,17,HISTORICAL_FINAL256_OBSERVED,add_sub_solvable,PZ1-FINAL-0241,1,31,32
PPO17,17,HISTORICAL_FINAL256_OBSERVED,requires_mul_or_div,PZ1-FINAL-0242,0,0,32
PPO17,17,HISTORICAL_FINAL256_OBSERVED,add_sub_solvable,PZ1-FINAL-0243,1,20,32
PPO17,17,HISTORICAL_FINAL256_OBSERVED,requires_mul_or_div,PZ1-FINAL-0244,0,0,32
PPO17,17,HISTORICAL_FINAL256_OBSERVED,add_sub_solvable,PZ1-FINAL-0245,1,26,32
PPO17,17,HISTORICAL_FINAL256_OBSERVED,requires_mul_or_div,PZ1-FINAL-0246,0,0,32
PPO17,17,HISTORICAL_FINAL256_OBSERVED,add_sub_solvable,PZ1-FINAL-0247,1,28,32
PPO17,17,HISTORICAL_FINAL256_OBSERVED,requires_mul_or_div,PZ1-FINAL-0248,0,1,32
PPO17,17,HISTORICAL_FINAL256_OBSERVED,add_sub_solvable,PZ1-FINAL-0249,1,28,32
PPO17,17,HISTORICAL_FINAL256_OBSERVED,requires_mul_or_div,PZ1-FINAL-0250,0,0,32
PPO17,17,HISTORICAL_FINAL256_OBSERVED,add_sub_solvable,PZ1-FINAL-0251,0,3,32
PPO17,17,HISTORICAL_FINAL256_OBSERVED,requires_mul_or_div,PZ1-FINAL-0252,0,0,32
PPO17,17,HISTORICAL_FINAL256_OBSERVED,add_sub_solvable,PZ1-FINAL-0253,0,19,32
PPO17,17,HISTORICAL_FINAL256_OBSERVED,requires_mul_or_div,PZ1-FINAL-0254,0,0,32
PPO17,17,HISTORICAL_FINAL256_OBSERVED,add_sub_solvable,PZ1-FINAL-0255,0,10,32
PPO17,17,HISTORICAL_FINAL256_OBSERVED,requires_mul_or_div,PZ1-FINAL-0256,0,10,32
PPO17,17,CONFIRM128_RESERVED,add_sub_solvable,PZ2-CONFIRM-0001,1,26,32
PPO17,17,CONFIRM128_RESERVED,requires_mul_or_div,PZ2-CONFIRM-0002,0,0,32
PPO17,17,CONFIRM128_RESERVED,add_sub_solvable,PZ2-CONFIRM-0003,0,7,32
PPO17,17,CONFIRM128_RESERVED,requires_mul_or_div,PZ2-CONFIRM-0004,0,1,32
PPO17,17,CONFIRM128_RESERVED,add_sub_solvable,PZ2-CONFIRM-0005,0,0,32
PPO17,17,CONFIRM128_RESERVED,requires_mul_or_div,PZ2-CONFIRM-0006,1,22,32
PPO17,17,CONFIRM128_RESERVED,add_sub_solvable,PZ2-CONFIRM-0007,0,1,32
PPO17,17,CONFIRM128_RESERVED,requires_mul_or_div,PZ2-CONFIRM-0008,0,0,32
PPO17,17,CONFIRM128_RESERVED,add_sub_solvable,PZ2-CONFIRM-0009,0,13,32
PPO17,17,CONFIRM128_RESERVED,requires_mul_or_div,PZ2-CONFIRM-0010,0,0,32
PPO17,17,CONFIRM128_RESERVED,add_sub_solvable,PZ2-CONFIRM-0011,0,2,32
PPO17,17,CONFIRM128_RESERVED,requires_mul_or_div,PZ2-CONFIRM-0012,0,0,32
PPO17,17,CONFIRM128_RESERVED,add_sub_solvable,PZ2-CONFIRM-0013,0,19,32
PPO17,17,CONFIRM128_RESERVED,requires_mul_or_div,PZ2-CONFIRM-0014,0,0,32
PPO17,17,CONFIRM128_RESERVED,add_sub_solvable,PZ2-CONFIRM-0015,1,32,32
PPO17,17,CONFIRM128_RESERVED,requires_mul_or_div,PZ2-CONFIRM-0016,0,0,32
PPO17,17,CONFIRM128_RESERVED,add_sub_solvable,PZ2-CONFIRM-0017,1,32,32
PPO17,17,CONFIRM128_RESERVED,requires_mul_or_div,PZ2-CONFIRM-0018,0,1,32
PPO17,17,CONFIRM128_RESERVED,add_sub_solvable,PZ2-CONFIRM-0019,0,0,32
PPO17,17,CONFIRM128_RESERVED,requires_mul_or_div,PZ2-CONFIRM-0020,0,0,32
PPO17,17,CONFIRM128_RESERVED,add_sub_solvable,PZ2-CONFIRM-0021,1,26,32
PPO17,17,CONFIRM128_RESERVED,requires_mul_or_div,PZ2-CONFIRM-0022,0,0,32
PPO17,17,CONFIRM128_RESERVED,add_sub_solvable,PZ2-CONFIRM-0023,1,25,32
PPO17,17,CONFIRM128_RESERVED,requires_mul_or_div,PZ2-CONFIRM-0024,0,0,32
PPO17,17,CONFIRM128_RESERVED,add_sub_solvable,PZ2-CONFIRM-0025,0,1,32
PPO17,17,CONFIRM128_RESERVED,requires_mul_or_div,PZ2-CONFIRM-0026,0,0,32
PPO17,17,CONFIRM128_RESERVED,add_sub_solvable,PZ2-CONFIRM-0027,0,5,32
PPO17,17,CONFIRM128_RESERVED,requires_mul_or_div,PZ2-CONFIRM-0028,0,0,32
PPO17,17,CONFIRM128_RESERVED,add_sub_solvable,PZ2-CONFIRM-0029,1,26,32
PPO17,17,CONFIRM128_RESERVED,requires_mul_or_div,PZ2-CONFIRM-0030,0,1,32
PPO17,17,CONFIRM128_RESERVED,add_sub_solvable,PZ2-CONFIRM-0031,1,20,32
PPO17,17,CONFIRM128_RESERVED,requires_mul_or_div,PZ2-CONFIRM-0032,0,0,32
PPO17,17,CONFIRM128_RESERVED,add_sub_solvable,PZ2-CONFIRM-0033,1,29,32
PPO17,17,CONFIRM128_RESERVED,requires_mul_or_div,PZ2-CONFIRM-0034,0,2,32
PPO17,17,CONFIRM128_RESERVED,add_sub_solvable,PZ2-CONFIRM-0035,1,25,32
PPO17,17,CONFIRM128_RESERVED,requires_mul_or_div,PZ2-CONFIRM-0036,0,0,32
PPO17,17,CONFIRM128_RESERVED,add_sub_solvable,PZ2-CONFIRM-0037,1,23,32
PPO17,17,CONFIRM128_RESERVED,requires_mul_or_div,PZ2-CONFIRM-0038,0,0,32
PPO17,17,CONFIRM128_RESERVED,add_sub_solvable,PZ2-CONFIRM-0039,0,2,32
PPO17,17,CONFIRM128_RESERVED,requires_mul_or_div,PZ2-CONFIRM-0040,0,0,32
PPO17,17,CONFIRM128_RESERVED,add_sub_solvable,PZ2-CONFIRM-0041,1,32,32
PPO17,17,CONFIRM128_RESERVED,requires_mul_or_div,PZ2-CONFIRM-0042,0,0,32
PPO17,17,CONFIRM128_RESERVED,add_sub_solvable,PZ2-CONFIRM-0043,1,31,32
PPO17,17,CONFIRM128_RESERVED,requires_mul_or_div,PZ2-CONFIRM-0044,0,0,32
PPO17,17,CONFIRM128_RESERVED,add_sub_solvable,PZ2-CONFIRM-0045,1,31,32
PPO17,17,CONFIRM128_RESERVED,requires_mul_or_div,PZ2-CONFIRM-0046,0,0,32
PPO17,17,CONFIRM128_RESERVED,add_sub_solvable,PZ2-CONFIRM-0047,1,28,32
PPO17,17,CONFIRM128_RESERVED,requires_mul_or_div,PZ2-CONFIRM-0048,0,2,32
PPO17,17,CONFIRM128_RESERVED,add_sub_solvable,PZ2-CONFIRM-0049,1,27,32
PPO17,17,CONFIRM128_RESERVED,requires_mul_or_div,PZ2-CONFIRM-0050,0,2,32
PPO17,17,CONFIRM128_RESERVED,add_sub_solvable,PZ2-CONFIRM-0051,1,22,32
PPO17,17,CONFIRM128_RESERVED,requires_mul_or_div,PZ2-CONFIRM-0052,0,0,32
PPO17,17,CONFIRM128_RESERVED,add_sub_solvable,PZ2-CONFIRM-0053,1,29,32
PPO17,17,CONFIRM128_RESERVED,requires_mul_or_div,PZ2-CONFIRM-0054,0,0,32
PPO17,17,CONFIRM128_RESERVED,add_sub_solvable,PZ2-CONFIRM-0055,1,26,32
PPO17,17,CONFIRM128_RESERVED,requires_mul_or_div,PZ2-CONFIRM-0056,1,22,32
PPO17,17,CONFIRM128_RESERVED,add_sub_solvable,PZ2-CONFIRM-0057,1,11,32
PPO17,17,CONFIRM128_RESERVED,requires_mul_or_div,PZ2-CONFIRM-0058,1,23,32
PPO17,17,CONFIRM128_RESERVED,add_sub_solvable,PZ2-CONFIRM-0059,1,31,32
PPO17,17,CONFIRM128_RESERVED,requires_mul_or_div,PZ2-CONFIRM-0060,0,0,32
PPO17,17,CONFIRM128_RESERVED,add_sub_solvable,PZ2-CONFIRM-0061,0,4,32
PPO17,17,CONFIRM128_RESERVED,requires_mul_or_div,PZ2-CONFIRM-0062,0,0,32
PPO17,17,CONFIRM128_RESERVED,add_sub_solvable,PZ2-CONFIRM-0063,0,4,32
PPO17,17,CONFIRM128_RESERVED,requires_mul_or_div,PZ2-CONFIRM-0064,0,0,32
PPO17,17,CONFIRM128_RESERVED,add_sub_solvable,PZ2-CONFIRM-0065,0,2,32
PPO17,17,CONFIRM128_RESERVED,requires_mul_or_div,PZ2-CONFIRM-0066,1,7,32
PPO17,17,CONFIRM128_RESERVED,add_sub_solvable,PZ2-CONFIRM-0067,1,14,32
PPO17,17,CONFIRM128_RESERVED,requires_mul_or_div,PZ2-CONFIRM-0068,0,14,32
PPO17,17,CONFIRM128_RESERVED,add_sub_solvable,PZ2-CONFIRM-0069,1,32,32
PPO17,17,CONFIRM128_RESERVED,requires_mul_or_div,PZ2-CONFIRM-0070,0,0,32
PPO17,17,CONFIRM128_RESERVED,add_sub_solvable,PZ2-CONFIRM-0071,1,31,32
PPO17,17,CONFIRM128_RESERVED,requires_mul_or_div,PZ2-CONFIRM-0072,0,0,32
PPO17,17,CONFIRM128_RESERVED,add_sub_solvable,PZ2-CONFIRM-0073,1,27,32
PPO17,17,CONFIRM128_RESERVED,requires_mul_or_div,PZ2-CONFIRM-0074,0,0,32
PPO17,17,CONFIRM128_RESERVED,add_sub_solvable,PZ2-CONFIRM-0075,0,13,32
PPO17,17,CONFIRM128_RESERVED,requires_mul_or_div,PZ2-CONFIRM-0076,0,0,32
PPO17,17,CONFIRM128_RESERVED,add_sub_solvable,PZ2-CONFIRM-0077,0,16,32
PPO17,17,CONFIRM128_RESERVED,requires_mul_or_div,PZ2-CONFIRM-0078,0,0,32
PPO17,17,CONFIRM128_RESERVED,add_sub_solvable,PZ2-CONFIRM-0079,0,0,32
PPO17,17,CONFIRM128_RESERVED,requires_mul_or_div,PZ2-CONFIRM-0080,0,0,32
PPO17,17,CONFIRM128_RESERVED,add_sub_solvable,PZ2-CONFIRM-0081,1,29,32
PPO17,17,CONFIRM128_RESERVED,requires_mul_or_div,PZ2-CONFIRM-0082,0,0,32
PPO17,17,CONFIRM128_RESERVED,add_sub_solvable,PZ2-CONFIRM-0083,0,0,32
PPO17,17,CONFIRM128_RESERVED,requires_mul_or_div,PZ2-CONFIRM-0084,0,0,32
PPO17,17,CONFIRM128_RESERVED,add_sub_solvable,PZ2-CONFIRM-0085,1,32,32
PPO17,17,CONFIRM128_RESERVED,requires_mul_or_div,PZ2-CONFIRM-0086,0,0,32
PPO17,17,CONFIRM128_RESERVED,add_sub_solvable,PZ2-CONFIRM-0087,0,9,32
PPO17,17,CONFIRM128_RESERVED,requires_mul_or_div,PZ2-CONFIRM-0088,0,0,32
PPO17,17,CONFIRM128_RESERVED,add_sub_solvable,PZ2-CONFIRM-0089,1,27,32
PPO17,17,CONFIRM128_RESERVED,requires_mul_or_div,PZ2-CONFIRM-0090,0,1,32
PPO17,17,CONFIRM128_RESERVED,add_sub_solvable,PZ2-CONFIRM-0091,1,21,32
PPO17,17,CONFIRM128_RESERVED,requires_mul_or_div,PZ2-CONFIRM-0092,0,3,32
PPO17,17,CONFIRM128_RESERVED,add_sub_solvable,PZ2-CONFIRM-0093,0,3,32
PPO17,17,CONFIRM128_RESERVED,requires_mul_or_div,PZ2-CONFIRM-0094,1,21,32
PPO17,17,CONFIRM128_RESERVED,add_sub_solvable,PZ2-CONFIRM-0095,1,31,32
PPO17,17,CONFIRM128_RESERVED,requires_mul_or_div,PZ2-CONFIRM-0096,0,0,32
PPO17,17,CONFIRM128_RESERVED,add_sub_solvable,PZ2-CONFIRM-0097,0,0,32
PPO17,17,CONFIRM128_RESERVED,requires_mul_or_div,PZ2-CONFIRM-0098,0,0,32
PPO17,17,CONFIRM128_RESERVED,add_sub_solvable,PZ2-CONFIRM-0099,1,22,32
PPO17,17,CONFIRM128_RESERVED,requires_mul_or_div,PZ2-CONFIRM-0100,0,0,32
PPO17,17,CONFIRM128_RESERVED,add_sub_solvable,PZ2-CONFIRM-0101,1,26,32
PPO17,17,CONFIRM128_RESERVED,requires_mul_or_div,PZ2-CONFIRM-0102,0,0,32
PPO17,17,CONFIRM128_RESERVED,add_sub_solvable,PZ2-CONFIRM-0103,1,29,32
PPO17,17,CONFIRM128_RESERVED,requires_mul_or_div,PZ2-CONFIRM-0104,0,17,32
PPO17,17,CONFIRM128_RESERVED,add_sub_solvable,PZ2-CONFIRM-0105,0,0,32
PPO17,17,CONFIRM128_RESERVED,requires_mul_or_div,PZ2-CONFIRM-0106,0,0,32
PPO17,17,CONFIRM128_RESERVED,add_sub_solvable,PZ2-CONFIRM-0107,0,1,32
PPO17,17,CONFIRM128_RESERVED,requires_mul_or_div,PZ2-CONFIRM-0108,0,0,32
PPO17,17,CONFIRM128_RESERVED,add_sub_solvable,PZ2-CONFIRM-0109,1,27,32
PPO17,17,CONFIRM128_RESERVED,requires_mul_or_div,PZ2-CONFIRM-0110,1,32,32
PPO17,17,CONFIRM128_RESERVED,add_sub_solvable,PZ2-CONFIRM-0111,1,32,32
PPO17,17,CONFIRM128_RESERVED,requires_mul_or_div,PZ2-CONFIRM-0112,0,0,32
PPO17,17,CONFIRM128_RESERVED,add_sub_solvable,PZ2-CONFIRM-0113,1,27,32
PPO17,17,CONFIRM128_RESERVED,requires_mul_or_div,PZ2-CONFIRM-0114,0,1,32
PPO17,17,CONFIRM128_RESERVED,add_sub_solvable,PZ2-CONFIRM-0115,1,23,32
PPO17,17,CONFIRM128_RESERVED,requires_mul_or_div,PZ2-CONFIRM-0116,0,1,32
PPO17,17,CONFIRM128_RESERVED,add_sub_solvable,PZ2-CONFIRM-0117,0,1,32
PPO17,17,CONFIRM128_RESERVED,requires_mul_or_div,PZ2-CONFIRM-0118,0,0,32
PPO17,17,CONFIRM128_RESERVED,add_sub_solvable,PZ2-CONFIRM-0119,0,6,32
PPO17,17,CONFIRM128_RESERVED,requires_mul_or_div,PZ2-CONFIRM-0120,0,2,32
PPO17,17,CONFIRM128_RESERVED,add_sub_solvable,PZ2-CONFIRM-0121,1,30,32
PPO17,17,CONFIRM128_RESERVED,requires_mul_or_div,PZ2-CONFIRM-0122,0,0,32
PPO17,17,CONFIRM128_RESERVED,add_sub_solvable,PZ2-CONFIRM-0123,1,15,32
PPO17,17,CONFIRM128_RESERVED,requires_mul_or_div,PZ2-CONFIRM-0124,0,0,32
PPO17,17,CONFIRM128_RESERVED,add_sub_solvable,PZ2-CONFIRM-0125,0,1,32
PPO17,17,CONFIRM128_RESERVED,requires_mul_or_div,PZ2-CONFIRM-0126,1,28,32
PPO17,17,CONFIRM128_RESERVED,add_sub_solvable,PZ2-CONFIRM-0127,0,16,32
PPO17,17,CONFIRM128_RESERVED,requires_mul_or_div,PZ2-CONFIRM-0128,0,1,32
RFT29,29,HISTORICAL_FINAL256_OBSERVED,add_sub_solvable,PZ1-FINAL-0001,0,9,32
RFT29,29,HISTORICAL_FINAL256_OBSERVED,requires_mul_or_div,PZ1-FINAL-0002,0,0,32
RFT29,29,HISTORICAL_FINAL256_OBSERVED,add_sub_solvable,PZ1-FINAL-0003,1,31,32
RFT29,29,HISTORICAL_FINAL256_OBSERVED,requires_mul_or_div,PZ1-FINAL-0004,0,0,32
RFT29,29,HISTORICAL_FINAL256_OBSERVED,add_sub_solvable,PZ1-FINAL-0005,1,32,32
RFT29,29,HISTORICAL_FINAL256_OBSERVED,requires_mul_or_div,PZ1-FINAL-0006,0,0,32
RFT29,29,HISTORICAL_FINAL256_OBSERVED,add_sub_solvable,PZ1-FINAL-0007,0,0,32
RFT29,29,HISTORICAL_FINAL256_OBSERVED,requires_mul_or_div,PZ1-FINAL-0008,0,0,32
RFT29,29,HISTORICAL_FINAL256_OBSERVED,add_sub_solvable,PZ1-FINAL-0009,0,9,32
RFT29,29,HISTORICAL_FINAL256_OBSERVED,requires_mul_or_div,PZ1-FINAL-0010,0,0,32
RFT29,29,HISTORICAL_FINAL256_OBSERVED,add_sub_solvable,PZ1-FINAL-0011,1,31,32
RFT29,29,HISTORICAL_FINAL256_OBSERVED,requires_mul_or_div,PZ1-FINAL-0012,0,0,32
RFT29,29,HISTORICAL_FINAL256_OBSERVED,add_sub_solvable,PZ1-FINAL-0013,0,6,32
RFT29,29,HISTORICAL_FINAL256_OBSERVED,requires_mul_or_div,PZ1-FINAL-0014,0,1,32
RFT29,29,HISTORICAL_FINAL256_OBSERVED,add_sub_solvable,PZ1-FINAL-0015,1,24,32
RFT29,29,HISTORICAL_FINAL256_OBSERVED,requires_mul_or_div,PZ1-FINAL-0016,0,0,32
RFT29,29,HISTORICAL_FINAL256_OBSERVED,add_sub_solvable,PZ1-FINAL-0017,1,32,32
RFT29,29,HISTORICAL_FINAL256_OBSERVED,requires_mul_or_div,PZ1-FINAL-0018,0,0,32
RFT29,29,HISTORICAL_FINAL256_OBSERVED,add_sub_solvable,PZ1-FINAL-0019,1,32,32
RFT29,29,HISTORICAL_FINAL256_OBSERVED,requires_mul_or_div,PZ1-FINAL-0020,0,0,32
RFT29,29,HISTORICAL_FINAL256_OBSERVED,add_sub_solvable,PZ1-FINAL-0021,1,26,32
RFT29,29,HISTORICAL_FINAL256_OBSERVED,requires_mul_or_div,PZ1-FINAL-0022,0,0,32
RFT29,29,HISTORICAL_FINAL256_OBSERVED,add_sub_solvable,PZ1-FINAL-0023,0,3,32
RFT29,29,HISTORICAL_FINAL256_OBSERVED,requires_mul_or_div,PZ1-FINAL-0024,0,0,32
RFT29,29,HISTORICAL_FINAL256_OBSERVED,add_sub_solvable,PZ1-FINAL-0025,0,0,32
RFT29,29,HISTORICAL_FINAL256_OBSERVED,requires_mul_or_div,PZ1-FINAL-0026,0,0,32
RFT29,29,HISTORICAL_FINAL256_OBSERVED,add_sub_solvable,PZ1-FINAL-0027,1,29,32
RFT29,29,HISTORICAL_FINAL256_OBSERVED,requires_mul_or_div,PZ1-FINAL-0028,0,0,32
RFT29,29,HISTORICAL_FINAL256_OBSERVED,add_sub_solvable,PZ1-FINAL-0029,1,32,32
RFT29,29,HISTORICAL_FINAL256_OBSERVED,requires_mul_or_div,PZ1-FINAL-0030,0,0,32
RFT29,29,HISTORICAL_FINAL256_OBSERVED,add_sub_solvable,PZ1-FINAL-0031,0,6,32
RFT29,29,HISTORICAL_FINAL256_OBSERVED,requires_mul_or_div,PZ1-FINAL-0032,0,2,32
RFT29,29,HISTORICAL_FINAL256_OBSERVED,add_sub_solvable,PZ1-FINAL-0033,1,32,32
RFT29,29,HISTORICAL_FINAL256_OBSERVED,requires_mul_or_div,PZ1-FINAL-0034,0,0,32
RFT29,29,HISTORICAL_FINAL256_OBSERVED,add_sub_solvable,PZ1-FINAL-0035,1,32,32
RFT29,29,HISTORICAL_FINAL256_OBSERVED,requires_mul_or_div,PZ1-FINAL-0036,0,0,32
RFT29,29,HISTORICAL_FINAL256_OBSERVED,add_sub_solvable,PZ1-FINAL-0037,0,9,32
RFT29,29,HISTORICAL_FINAL256_OBSERVED,requires_mul_or_div,PZ1-FINAL-0038,0,0,32
RFT29,29,HISTORICAL_FINAL256_OBSERVED,add_sub_solvable,PZ1-FINAL-0039,1,31,32
RFT29,29,HISTORICAL_FINAL256_OBSERVED,requires_mul_or_div,PZ1-FINAL-0040,0,0,32
RFT29,29,HISTORICAL_FINAL256_OBSERVED,add_sub_solvable,PZ1-FINAL-0041,1,32,32
RFT29,29,HISTORICAL_FINAL256_OBSERVED,requires_mul_or_div,PZ1-FINAL-0042,0,0,32
RFT29,29,HISTORICAL_FINAL256_OBSERVED,add_sub_solvable,PZ1-FINAL-0043,1,32,32
RFT29,29,HISTORICAL_FINAL256_OBSERVED,requires_mul_or_div,PZ1-FINAL-0044,0,0,32
RFT29,29,HISTORICAL_FINAL256_OBSERVED,add_sub_solvable,PZ1-FINAL-0045,1,32,32
RFT29,29,HISTORICAL_FINAL256_OBSERVED,requires_mul_or_div,PZ1-FINAL-0046,1,28,32
RFT29,29,HISTORICAL_FINAL256_OBSERVED,add_sub_solvable,PZ1-FINAL-0047,1,29,32
RFT29,29,HISTORICAL_FINAL256_OBSERVED,requires_mul_or_div,PZ1-FINAL-0048,0,0,32
RFT29,29,HISTORICAL_FINAL256_OBSERVED,add_sub_solvable,PZ1-FINAL-0049,0,12,32
RFT29,29,HISTORICAL_FINAL256_OBSERVED,requires_mul_or_div,PZ1-FINAL-0050,0,13,32
RFT29,29,HISTORICAL_FINAL256_OBSERVED,add_sub_solvable,PZ1-FINAL-0051,1,16,32
RFT29,29,HISTORICAL_FINAL256_OBSERVED,requires_mul_or_div,PZ1-FINAL-0052,1,23,32
RFT29,29,HISTORICAL_FINAL256_OBSERVED,add_sub_solvable,PZ1-FINAL-0053,1,32,32
RFT29,29,HISTORICAL_FINAL256_OBSERVED,requires_mul_or_div,PZ1-FINAL-0054,0,0,32
RFT29,29,HISTORICAL_FINAL256_OBSERVED,add_sub_solvable,PZ1-FINAL-0055,1,27,32
RFT29,29,HISTORICAL_FINAL256_OBSERVED,requires_mul_or_div,PZ1-FINAL-0056,0,0,32
RFT29,29,HISTORICAL_FINAL256_OBSERVED,add_sub_solvable,PZ1-FINAL-0057,0,9,32
RFT29,29,HISTORICAL_FINAL256_OBSERVED,requires_mul_or_div,PZ1-FINAL-0058,0,0,32
RFT29,29,HISTORICAL_FINAL256_OBSERVED,add_sub_solvable,PZ1-FINAL-0059,1,19,32
RFT29,29,HISTORICAL_FINAL256_OBSERVED,requires_mul_or_div,PZ1-FINAL-0060,0,0,32
RFT29,29,HISTORICAL_FINAL256_OBSERVED,add_sub_solvable,PZ1-FINAL-0061,1,32,32
RFT29,29,HISTORICAL_FINAL256_OBSERVED,requires_mul_or_div,PZ1-FINAL-0062,0,0,32
RFT29,29,HISTORICAL_FINAL256_OBSERVED,add_sub_solvable,PZ1-FINAL-0063,1,29,32
RFT29,29,HISTORICAL_FINAL256_OBSERVED,requires_mul_or_div,PZ1-FINAL-0064,0,0,32
RFT29,29,HISTORICAL_FINAL256_OBSERVED,add_sub_solvable,PZ1-FINAL-0065,0,0,32
RFT29,29,HISTORICAL_FINAL256_OBSERVED,requires_mul_or_div,PZ1-FINAL-0066,0,0,32
RFT29,29,HISTORICAL_FINAL256_OBSERVED,add_sub_solvable,PZ1-FINAL-0067,0,0,32
RFT29,29,HISTORICAL_FINAL256_OBSERVED,requires_mul_or_div,PZ1-FINAL-0068,0,0,32
RFT29,29,HISTORICAL_FINAL256_OBSERVED,add_sub_solvable,PZ1-FINAL-0069,0,0,32
RFT29,29,HISTORICAL_FINAL256_OBSERVED,requires_mul_or_div,PZ1-FINAL-0070,0,0,32
RFT29,29,HISTORICAL_FINAL256_OBSERVED,add_sub_solvable,PZ1-FINAL-0071,1,32,32
RFT29,29,HISTORICAL_FINAL256_OBSERVED,requires_mul_or_div,PZ1-FINAL-0072,0,0,32
RFT29,29,HISTORICAL_FINAL256_OBSERVED,add_sub_solvable,PZ1-FINAL-0073,1,25,32
RFT29,29,HISTORICAL_FINAL256_OBSERVED,requires_mul_or_div,PZ1-FINAL-0074,0,0,32
RFT29,29,HISTORICAL_FINAL256_OBSERVED,add_sub_solvable,PZ1-FINAL-0075,0,0,32
RFT29,29,HISTORICAL_FINAL256_OBSERVED,requires_mul_or_div,PZ1-FINAL-0076,0,2,32
RFT29,29,HISTORICAL_FINAL256_OBSERVED,add_sub_solvable,PZ1-FINAL-0077,1,31,32
RFT29,29,HISTORICAL_FINAL256_OBSERVED,requires_mul_or_div,PZ1-FINAL-0078,1,29,32
RFT29,29,HISTORICAL_FINAL256_OBSERVED,add_sub_solvable,PZ1-FINAL-0079,0,1,32
RFT29,29,HISTORICAL_FINAL256_OBSERVED,requires_mul_or_div,PZ1-FINAL-0080,0,0,32
RFT29,29,HISTORICAL_FINAL256_OBSERVED,add_sub_solvable,PZ1-FINAL-0081,0,0,32
RFT29,29,HISTORICAL_FINAL256_OBSERVED,requires_mul_or_div,PZ1-FINAL-0082,0,0,32
RFT29,29,HISTORICAL_FINAL256_OBSERVED,add_sub_solvable,PZ1-FINAL-0083,1,32,32
RFT29,29,HISTORICAL_FINAL256_OBSERVED,requires_mul_or_div,PZ1-FINAL-0084,0,0,32
RFT29,29,HISTORICAL_FINAL256_OBSERVED,add_sub_solvable,PZ1-FINAL-0085,0,0,32
RFT29,29,HISTORICAL_FINAL256_OBSERVED,requires_mul_or_div,PZ1-FINAL-0086,0,0,32
RFT29,29,HISTORICAL_FINAL256_OBSERVED,add_sub_solvable,PZ1-FINAL-0087,1,32,32
RFT29,29,HISTORICAL_FINAL256_OBSERVED,requires_mul_or_div,PZ1-FINAL-0088,0,0,32
RFT29,29,HISTORICAL_FINAL256_OBSERVED,add_sub_solvable,PZ1-FINAL-0089,1,25,32
RFT29,29,HISTORICAL_FINAL256_OBSERVED,requires_mul_or_div,PZ1-FINAL-0090,0,0,32
RFT29,29,HISTORICAL_FINAL256_OBSERVED,add_sub_solvable,PZ1-FINAL-0091,1,32,32
RFT29,29,HISTORICAL_FINAL256_OBSERVED,requires_mul_or_div,PZ1-FINAL-0092,0,0,32
RFT29,29,HISTORICAL_FINAL256_OBSERVED,add_sub_solvable,PZ1-FINAL-0093,0,7,32
RFT29,29,HISTORICAL_FINAL256_OBSERVED,requires_mul_or_div,PZ1-FINAL-0094,0,0,32
RFT29,29,HISTORICAL_FINAL256_OBSERVED,add_sub_solvable,PZ1-FINAL-0095,1,32,32
RFT29,29,HISTORICAL_FINAL256_OBSERVED,requires_mul_or_div,PZ1-FINAL-0096,0,0,32
RFT29,29,HISTORICAL_FINAL256_OBSERVED,add_sub_solvable,PZ1-FINAL-0097,1,32,32
RFT29,29,HISTORICAL_FINAL256_OBSERVED,requires_mul_or_div,PZ1-FINAL-0098,0,0,32
RFT29,29,HISTORICAL_FINAL256_OBSERVED,add_sub_solvable,PZ1-FINAL-0099,0,0,32
RFT29,29,HISTORICAL_FINAL256_OBSERVED,requires_mul_or_div,PZ1-FINAL-0100,1,31,32
RFT29,29,HISTORICAL_FINAL256_OBSERVED,add_sub_solvable,PZ1-FINAL-0101,0,11,32
RFT29,29,HISTORICAL_FINAL256_OBSERVED,requires_mul_or_div,PZ1-FINAL-0102,0,0,32
RFT29,29,HISTORICAL_FINAL256_OBSERVED,add_sub_solvable,PZ1-FINAL-0103,0,0,32
RFT29,29,HISTORICAL_FINAL256_OBSERVED,requires_mul_or_div,PZ1-FINAL-0104,0,0,32
RFT29,29,HISTORICAL_FINAL256_OBSERVED,add_sub_solvable,PZ1-FINAL-0105,1,32,32
RFT29,29,HISTORICAL_FINAL256_OBSERVED,requires_mul_or_div,PZ1-FINAL-0106,0,0,32
RFT29,29,HISTORICAL_FINAL256_OBSERVED,add_sub_solvable,PZ1-FINAL-0107,0,0,32
RFT29,29,HISTORICAL_FINAL256_OBSERVED,requires_mul_or_div,PZ1-FINAL-0108,0,0,32
RFT29,29,HISTORICAL_FINAL256_OBSERVED,add_sub_solvable,PZ1-FINAL-0109,0,0,32
RFT29,29,HISTORICAL_FINAL256_OBSERVED,requires_mul_or_div,PZ1-FINAL-0110,1,32,32
RFT29,29,HISTORICAL_FINAL256_OBSERVED,add_sub_solvable,PZ1-FINAL-0111,1,22,32
RFT29,29,HISTORICAL_FINAL256_OBSERVED,requires_mul_or_div,PZ1-FINAL-0112,0,0,32
RFT29,29,HISTORICAL_FINAL256_OBSERVED,add_sub_solvable,PZ1-FINAL-0113,0,0,32
RFT29,29,HISTORICAL_FINAL256_OBSERVED,requires_mul_or_div,PZ1-FINAL-0114,0,0,32
RFT29,29,HISTORICAL_FINAL256_OBSERVED,add_sub_solvable,PZ1-FINAL-0115,1,31,32
RFT29,29,HISTORICAL_FINAL256_OBSERVED,requires_mul_or_div,PZ1-FINAL-0116,0,0,32
RFT29,29,HISTORICAL_FINAL256_OBSERVED,add_sub_solvable,PZ1-FINAL-0117,1,32,32
RFT29,29,HISTORICAL_FINAL256_OBSERVED,requires_mul_or_div,PZ1-FINAL-0118,0,0,32
RFT29,29,HISTORICAL_FINAL256_OBSERVED,add_sub_solvable,PZ1-FINAL-0119,1,32,32
RFT29,29,HISTORICAL_FINAL256_OBSERVED,requires_mul_or_div,PZ1-FINAL-0120,0,1,32
RFT29,29,HISTORICAL_FINAL256_OBSERVED,add_sub_solvable,PZ1-FINAL-0121,0,0,32
RFT29,29,HISTORICAL_FINAL256_OBSERVED,requires_mul_or_div,PZ1-FINAL-0122,0,0,32
RFT29,29,HISTORICAL_FINAL256_OBSERVED,add_sub_solvable,PZ1-FINAL-0123,1,32,32
RFT29,29,HISTORICAL_FINAL256_OBSERVED,requires_mul_or_div,PZ1-FINAL-0124,1,27,32
RFT29,29,HISTORICAL_FINAL256_OBSERVED,add_sub_solvable,PZ1-FINAL-0125,0,0,32
RFT29,29,HISTORICAL_FINAL256_OBSERVED,requires_mul_or_div,PZ1-FINAL-0126,0,0,32
RFT29,29,HISTORICAL_FINAL256_OBSERVED,add_sub_solvable,PZ1-FINAL-0127,1,32,32
RFT29,29,HISTORICAL_FINAL256_OBSERVED,requires_mul_or_div,PZ1-FINAL-0128,0,0,32
RFT29,29,HISTORICAL_FINAL256_OBSERVED,add_sub_solvable,PZ1-FINAL-0129,1,32,32
RFT29,29,HISTORICAL_FINAL256_OBSERVED,requires_mul_or_div,PZ1-FINAL-0130,0,0,32
RFT29,29,HISTORICAL_FINAL256_OBSERVED,add_sub_solvable,PZ1-FINAL-0131,0,0,32
RFT29,29,HISTORICAL_FINAL256_OBSERVED,requires_mul_or_div,PZ1-FINAL-0132,0,0,32
RFT29,29,HISTORICAL_FINAL256_OBSERVED,add_sub_solvable,PZ1-FINAL-0133,0,1,32
RFT29,29,HISTORICAL_FINAL256_OBSERVED,requires_mul_or_div,PZ1-FINAL-0134,0,0,32
RFT29,29,HISTORICAL_FINAL256_OBSERVED,add_sub_solvable,PZ1-FINAL-0135,1,32,32
RFT29,29,HISTORICAL_FINAL256_OBSERVED,requires_mul_or_div,PZ1-FINAL-0136,0,0,32
RFT29,29,HISTORICAL_FINAL256_OBSERVED,add_sub_solvable,PZ1-FINAL-0137,0,12,32
RFT29,29,HISTORICAL_FINAL256_OBSERVED,requires_mul_or_div,PZ1-FINAL-0138,1,30,32
RFT29,29,HISTORICAL_FINAL256_OBSERVED,add_sub_solvable,PZ1-FINAL-0139,1,32,32
RFT29,29,HISTORICAL_FINAL256_OBSERVED,requires_mul_or_div,PZ1-FINAL-0140,1,24,32
RFT29,29,HISTORICAL_FINAL256_OBSERVED,add_sub_solvable,PZ1-FINAL-0141,0,0,32
RFT29,29,HISTORICAL_FINAL256_OBSERVED,requires_mul_or_div,PZ1-FINAL-0142,0,0,32
RFT29,29,HISTORICAL_FINAL256_OBSERVED,add_sub_solvable,PZ1-FINAL-0143,1,30,32
RFT29,29,HISTORICAL_FINAL256_OBSERVED,requires_mul_or_div,PZ1-FINAL-0144,0,0,32
RFT29,29,HISTORICAL_FINAL256_OBSERVED,add_sub_solvable,PZ1-FINAL-0145,1,21,32
RFT29,29,HISTORICAL_FINAL256_OBSERVED,requires_mul_or_div,PZ1-FINAL-0146,0,0,32
RFT29,29,HISTORICAL_FINAL256_OBSERVED,add_sub_solvable,PZ1-FINAL-0147,1,32,32
RFT29,29,HISTORICAL_FINAL256_OBSERVED,requires_mul_or_div,PZ1-FINAL-0148,0,0,32
RFT29,29,HISTORICAL_FINAL256_OBSERVED,add_sub_solvable,PZ1-FINAL-0149,1,32,32
RFT29,29,HISTORICAL_FINAL256_OBSERVED,requires_mul_or_div,PZ1-FINAL-0150,0,0,32
RFT29,29,HISTORICAL_FINAL256_OBSERVED,add_sub_solvable,PZ1-FINAL-0151,0,16,32
RFT29,29,HISTORICAL_FINAL256_OBSERVED,requires_mul_or_div,PZ1-FINAL-0152,0,0,32
RFT29,29,HISTORICAL_FINAL256_OBSERVED,add_sub_solvable,PZ1-FINAL-0153,1,32,32
RFT29,29,HISTORICAL_FINAL256_OBSERVED,requires_mul_or_div,PZ1-FINAL-0154,0,0,32
RFT29,29,HISTORICAL_FINAL256_OBSERVED,add_sub_solvable,PZ1-FINAL-0155,1,32,32
RFT29,29,HISTORICAL_FINAL256_OBSERVED,requires_mul_or_div,PZ1-FINAL-0156,0,0,32
RFT29,29,HISTORICAL_FINAL256_OBSERVED,add_sub_solvable,PZ1-FINAL-0157,1,32,32
RFT29,29,HISTORICAL_FINAL256_OBSERVED,requires_mul_or_div,PZ1-FINAL-0158,0,0,32
RFT29,29,HISTORICAL_FINAL256_OBSERVED,add_sub_solvable,PZ1-FINAL-0159,1,31,32
RFT29,29,HISTORICAL_FINAL256_OBSERVED,requires_mul_or_div,PZ1-FINAL-0160,0,2,32
RFT29,29,HISTORICAL_FINAL256_OBSERVED,add_sub_solvable,PZ1-FINAL-0161,0,0,32
RFT29,29,HISTORICAL_FINAL256_OBSERVED,requires_mul_or_div,PZ1-FINAL-0162,1,23,32
RFT29,29,HISTORICAL_FINAL256_OBSERVED,add_sub_solvable,PZ1-FINAL-0163,0,13,32
RFT29,29,HISTORICAL_FINAL256_OBSERVED,requires_mul_or_div,PZ1-FINAL-0164,0,0,32
RFT29,29,HISTORICAL_FINAL256_OBSERVED,add_sub_solvable,PZ1-FINAL-0165,1,32,32
RFT29,29,HISTORICAL_FINAL256_OBSERVED,requires_mul_or_div,PZ1-FINAL-0166,0,0,32
RFT29,29,HISTORICAL_FINAL256_OBSERVED,add_sub_solvable,PZ1-FINAL-0167,1,31,32
RFT29,29,HISTORICAL_FINAL256_OBSERVED,requires_mul_or_div,PZ1-FINAL-0168,0,0,32
RFT29,29,HISTORICAL_FINAL256_OBSERVED,add_sub_solvable,PZ1-FINAL-0169,1,21,32
RFT29,29,HISTORICAL_FINAL256_OBSERVED,requires_mul_or_div,PZ1-FINAL-0170,0,0,32
RFT29,29,HISTORICAL_FINAL256_OBSERVED,add_sub_solvable,PZ1-FINAL-0171,1,31,32
RFT29,29,HISTORICAL_FINAL256_OBSERVED,requires_mul_or_div,PZ1-FINAL-0172,0,0,32
RFT29,29,HISTORICAL_FINAL256_OBSERVED,add_sub_solvable,PZ1-FINAL-0173,1,32,32
RFT29,29,HISTORICAL_FINAL256_OBSERVED,requires_mul_or_div,PZ1-FINAL-0174,0,0,32
RFT29,29,HISTORICAL_FINAL256_OBSERVED,add_sub_solvable,PZ1-FINAL-0175,1,32,32
RFT29,29,HISTORICAL_FINAL256_OBSERVED,requires_mul_or_div,PZ1-FINAL-0176,0,0,32
RFT29,29,HISTORICAL_FINAL256_OBSERVED,add_sub_solvable,PZ1-FINAL-0177,1,31,32
RFT29,29,HISTORICAL_FINAL256_OBSERVED,requires_mul_or_div,PZ1-FINAL-0178,1,22,32
RFT29,29,HISTORICAL_FINAL256_OBSERVED,add_sub_solvable,PZ1-FINAL-0179,1,32,32
RFT29,29,HISTORICAL_FINAL256_OBSERVED,requires_mul_or_div,PZ1-FINAL-0180,0,0,32
RFT29,29,HISTORICAL_FINAL256_OBSERVED,add_sub_solvable,PZ1-FINAL-0181,0,3,32
RFT29,29,HISTORICAL_FINAL256_OBSERVED,requires_mul_or_div,PZ1-FINAL-0182,1,32,32
RFT29,29,HISTORICAL_FINAL256_OBSERVED,add_sub_solvable,PZ1-FINAL-0183,1,32,32
RFT29,29,HISTORICAL_FINAL256_OBSERVED,requires_mul_or_div,PZ1-FINAL-0184,0,0,32
RFT29,29,HISTORICAL_FINAL256_OBSERVED,add_sub_solvable,PZ1-FINAL-0185,1,32,32
RFT29,29,HISTORICAL_FINAL256_OBSERVED,requires_mul_or_div,PZ1-FINAL-0186,0,0,32
RFT29,29,HISTORICAL_FINAL256_OBSERVED,add_sub_solvable,PZ1-FINAL-0187,1,31,32
RFT29,29,HISTORICAL_FINAL256_OBSERVED,requires_mul_or_div,PZ1-FINAL-0188,0,0,32
RFT29,29,HISTORICAL_FINAL256_OBSERVED,add_sub_solvable,PZ1-FINAL-0189,1,32,32
RFT29,29,HISTORICAL_FINAL256_OBSERVED,requires_mul_or_div,PZ1-FINAL-0190,0,0,32
RFT29,29,HISTORICAL_FINAL256_OBSERVED,add_sub_solvable,PZ1-FINAL-0191,0,0,32
RFT29,29,HISTORICAL_FINAL256_OBSERVED,requires_mul_or_div,PZ1-FINAL-0192,0,0,32
RFT29,29,HISTORICAL_FINAL256_OBSERVED,add_sub_solvable,PZ1-FINAL-0193,1,31,32
RFT29,29,HISTORICAL_FINAL256_OBSERVED,requires_mul_or_div,PZ1-FINAL-0194,0,0,32
RFT29,29,HISTORICAL_FINAL256_OBSERVED,add_sub_solvable,PZ1-FINAL-0195,0,5,32
RFT29,29,HISTORICAL_FINAL256_OBSERVED,requires_mul_or_div,PZ1-FINAL-0196,0,0,32
RFT29,29,HISTORICAL_FINAL256_OBSERVED,add_sub_solvable,PZ1-FINAL-0197,1,32,32
RFT29,29,HISTORICAL_FINAL256_OBSERVED,requires_mul_or_div,PZ1-FINAL-0198,0,0,32
RFT29,29,HISTORICAL_FINAL256_OBSERVED,add_sub_solvable,PZ1-FINAL-0199,1,32,32
RFT29,29,HISTORICAL_FINAL256_OBSERVED,requires_mul_or_div,PZ1-FINAL-0200,0,0,32
RFT29,29,HISTORICAL_FINAL256_OBSERVED,add_sub_solvable,PZ1-FINAL-0201,1,32,32
RFT29,29,HISTORICAL_FINAL256_OBSERVED,requires_mul_or_div,PZ1-FINAL-0202,1,32,32
RFT29,29,HISTORICAL_FINAL256_OBSERVED,add_sub_solvable,PZ1-FINAL-0203,1,32,32
RFT29,29,HISTORICAL_FINAL256_OBSERVED,requires_mul_or_div,PZ1-FINAL-0204,0,0,32
RFT29,29,HISTORICAL_FINAL256_OBSERVED,add_sub_solvable,PZ1-FINAL-0205,1,31,32
RFT29,29,HISTORICAL_FINAL256_OBSERVED,requires_mul_or_div,PZ1-FINAL-0206,0,0,32
RFT29,29,HISTORICAL_FINAL256_OBSERVED,add_sub_solvable,PZ1-FINAL-0207,1,32,32
RFT29,29,HISTORICAL_FINAL256_OBSERVED,requires_mul_or_div,PZ1-FINAL-0208,0,0,32
RFT29,29,HISTORICAL_FINAL256_OBSERVED,add_sub_solvable,PZ1-FINAL-0209,0,12,32
RFT29,29,HISTORICAL_FINAL256_OBSERVED,requires_mul_or_div,PZ1-FINAL-0210,0,0,32
RFT29,29,HISTORICAL_FINAL256_OBSERVED,add_sub_solvable,PZ1-FINAL-0211,0,6,32
RFT29,29,HISTORICAL_FINAL256_OBSERVED,requires_mul_or_div,PZ1-FINAL-0212,0,0,32
RFT29,29,HISTORICAL_FINAL256_OBSERVED,add_sub_solvable,PZ1-FINAL-0213,1,32,32
RFT29,29,HISTORICAL_FINAL256_OBSERVED,requires_mul_or_div,PZ1-FINAL-0214,0,0,32
RFT29,29,HISTORICAL_FINAL256_OBSERVED,add_sub_solvable,PZ1-FINAL-0215,1,25,32
RFT29,29,HISTORICAL_FINAL256_OBSERVED,requires_mul_or_div,PZ1-FINAL-0216,0,0,32
RFT29,29,HISTORICAL_FINAL256_OBSERVED,add_sub_solvable,PZ1-FINAL-0217,1,32,32
RFT29,29,HISTORICAL_FINAL256_OBSERVED,requires_mul_or_div,PZ1-FINAL-0218,0,0,32
RFT29,29,HISTORICAL_FINAL256_OBSERVED,add_sub_solvable,PZ1-FINAL-0219,0,11,32
RFT29,29,HISTORICAL_FINAL256_OBSERVED,requires_mul_or_div,PZ1-FINAL-0220,0,0,32
RFT29,29,HISTORICAL_FINAL256_OBSERVED,add_sub_solvable,PZ1-FINAL-0221,1,31,32
RFT29,29,HISTORICAL_FINAL256_OBSERVED,requires_mul_or_div,PZ1-FINAL-0222,0,7,32
RFT29,29,HISTORICAL_FINAL256_OBSERVED,add_sub_solvable,PZ1-FINAL-0223,1,32,32
RFT29,29,HISTORICAL_FINAL256_OBSERVED,requires_mul_or_div,PZ1-FINAL-0224,0,0,32
RFT29,29,HISTORICAL_FINAL256_OBSERVED,add_sub_solvable,PZ1-FINAL-0225,1,32,32
RFT29,29,HISTORICAL_FINAL256_OBSERVED,requires_mul_or_div,PZ1-FINAL-0226,0,0,32
RFT29,29,HISTORICAL_FINAL256_OBSERVED,add_sub_solvable,PZ1-FINAL-0227,0,0,32
RFT29,29,HISTORICAL_FINAL256_OBSERVED,requires_mul_or_div,PZ1-FINAL-0228,0,0,32
RFT29,29,HISTORICAL_FINAL256_OBSERVED,add_sub_solvable,PZ1-FINAL-0229,1,32,32
RFT29,29,HISTORICAL_FINAL256_OBSERVED,requires_mul_or_div,PZ1-FINAL-0230,0,0,32
RFT29,29,HISTORICAL_FINAL256_OBSERVED,add_sub_solvable,PZ1-FINAL-0231,0,0,32
RFT29,29,HISTORICAL_FINAL256_OBSERVED,requires_mul_or_div,PZ1-FINAL-0232,1,16,32
RFT29,29,HISTORICAL_FINAL256_OBSERVED,add_sub_solvable,PZ1-FINAL-0233,1,31,32
RFT29,29,HISTORICAL_FINAL256_OBSERVED,requires_mul_or_div,PZ1-FINAL-0234,0,0,32
RFT29,29,HISTORICAL_FINAL256_OBSERVED,add_sub_solvable,PZ1-FINAL-0235,1,32,32
RFT29,29,HISTORICAL_FINAL256_OBSERVED,requires_mul_or_div,PZ1-FINAL-0236,0,0,32
RFT29,29,HISTORICAL_FINAL256_OBSERVED,add_sub_solvable,PZ1-FINAL-0237,0,3,32
RFT29,29,HISTORICAL_FINAL256_OBSERVED,requires_mul_or_div,PZ1-FINAL-0238,0,0,32
RFT29,29,HISTORICAL_FINAL256_OBSERVED,add_sub_solvable,PZ1-FINAL-0239,1,20,32
RFT29,29,HISTORICAL_FINAL256_OBSERVED,requires_mul_or_div,PZ1-FINAL-0240,0,0,32
RFT29,29,HISTORICAL_FINAL256_OBSERVED,add_sub_solvable,PZ1-FINAL-0241,1,32,32
RFT29,29,HISTORICAL_FINAL256_OBSERVED,requires_mul_or_div,PZ1-FINAL-0242,0,0,32
RFT29,29,HISTORICAL_FINAL256_OBSERVED,add_sub_solvable,PZ1-FINAL-0243,1,32,32
RFT29,29,HISTORICAL_FINAL256_OBSERVED,requires_mul_or_div,PZ1-FINAL-0244,0,0,32
RFT29,29,HISTORICAL_FINAL256_OBSERVED,add_sub_solvable,PZ1-FINAL-0245,0,0,32
RFT29,29,HISTORICAL_FINAL256_OBSERVED,requires_mul_or_div,PZ1-FINAL-0246,0,0,32
RFT29,29,HISTORICAL_FINAL256_OBSERVED,add_sub_solvable,PZ1-FINAL-0247,1,32,32
RFT29,29,HISTORICAL_FINAL256_OBSERVED,requires_mul_or_div,PZ1-FINAL-0248,0,0,32
RFT29,29,HISTORICAL_FINAL256_OBSERVED,add_sub_solvable,PZ1-FINAL-0249,1,31,32
RFT29,29,HISTORICAL_FINAL256_OBSERVED,requires_mul_or_div,PZ1-FINAL-0250,0,0,32
RFT29,29,HISTORICAL_FINAL256_OBSERVED,add_sub_solvable,PZ1-FINAL-0251,0,0,32
RFT29,29,HISTORICAL_FINAL256_OBSERVED,requires_mul_or_div,PZ1-FINAL-0252,0,0,32
RFT29,29,HISTORICAL_FINAL256_OBSERVED,add_sub_solvable,PZ1-FINAL-0253,1,31,32
RFT29,29,HISTORICAL_FINAL256_OBSERVED,requires_mul_or_div,PZ1-FINAL-0254,0,0,32
RFT29,29,HISTORICAL_FINAL256_OBSERVED,add_sub_solvable,PZ1-FINAL-0255,1,22,32
RFT29,29,HISTORICAL_FINAL256_OBSERVED,requires_mul_or_div,PZ1-FINAL-0256,0,3,32
RFT29,29,CONFIRM128_RESERVED,add_sub_solvable,PZ2-CONFIRM-0001,1,31,32
RFT29,29,CONFIRM128_RESERVED,requires_mul_or_div,PZ2-CONFIRM-0002,0,0,32
RFT29,29,CONFIRM128_RESERVED,add_sub_solvable,PZ2-CONFIRM-0003,1,20,32
RFT29,29,CONFIRM128_RESERVED,requires_mul_or_div,PZ2-CONFIRM-0004,0,0,32
RFT29,29,CONFIRM128_RESERVED,add_sub_solvable,PZ2-CONFIRM-0005,0,0,32
RFT29,29,CONFIRM128_RESERVED,requires_mul_or_div,PZ2-CONFIRM-0006,1,32,32
RFT29,29,CONFIRM128_RESERVED,add_sub_solvable,PZ2-CONFIRM-0007,0,1,32
RFT29,29,CONFIRM128_RESERVED,requires_mul_or_div,PZ2-CONFIRM-0008,0,0,32
RFT29,29,CONFIRM128_RESERVED,add_sub_solvable,PZ2-CONFIRM-0009,1,25,32
RFT29,29,CONFIRM128_RESERVED,requires_mul_or_div,PZ2-CONFIRM-0010,0,0,32
RFT29,29,CONFIRM128_RESERVED,add_sub_solvable,PZ2-CONFIRM-0011,0,7,32
RFT29,29,CONFIRM128_RESERVED,requires_mul_or_div,PZ2-CONFIRM-0012,0,0,32
RFT29,29,CONFIRM128_RESERVED,add_sub_solvable,PZ2-CONFIRM-0013,1,32,32
RFT29,29,CONFIRM128_RESERVED,requires_mul_or_div,PZ2-CONFIRM-0014,0,0,32
RFT29,29,CONFIRM128_RESERVED,add_sub_solvable,PZ2-CONFIRM-0015,1,32,32
RFT29,29,CONFIRM128_RESERVED,requires_mul_or_div,PZ2-CONFIRM-0016,0,0,32
RFT29,29,CONFIRM128_RESERVED,add_sub_solvable,PZ2-CONFIRM-0017,1,32,32
RFT29,29,CONFIRM128_RESERVED,requires_mul_or_div,PZ2-CONFIRM-0018,0,0,32
RFT29,29,CONFIRM128_RESERVED,add_sub_solvable,PZ2-CONFIRM-0019,0,0,32
RFT29,29,CONFIRM128_RESERVED,requires_mul_or_div,PZ2-CONFIRM-0020,0,0,32
RFT29,29,CONFIRM128_RESERVED,add_sub_solvable,PZ2-CONFIRM-0021,0,14,32
RFT29,29,CONFIRM128_RESERVED,requires_mul_or_div,PZ2-CONFIRM-0022,0,0,32
RFT29,29,CONFIRM128_RESERVED,add_sub_solvable,PZ2-CONFIRM-0023,1,32,32
RFT29,29,CONFIRM128_RESERVED,requires_mul_or_div,PZ2-CONFIRM-0024,0,0,32
RFT29,29,CONFIRM128_RESERVED,add_sub_solvable,PZ2-CONFIRM-0025,0,1,32
RFT29,29,CONFIRM128_RESERVED,requires_mul_or_div,PZ2-CONFIRM-0026,0,0,32
RFT29,29,CONFIRM128_RESERVED,add_sub_solvable,PZ2-CONFIRM-0027,1,28,32
RFT29,29,CONFIRM128_RESERVED,requires_mul_or_div,PZ2-CONFIRM-0028,0,0,32
RFT29,29,CONFIRM128_RESERVED,add_sub_solvable,PZ2-CONFIRM-0029,1,32,32
RFT29,29,CONFIRM128_RESERVED,requires_mul_or_div,PZ2-CONFIRM-0030,0,1,32
RFT29,29,CONFIRM128_RESERVED,add_sub_solvable,PZ2-CONFIRM-0031,1,32,32
RFT29,29,CONFIRM128_RESERVED,requires_mul_or_div,PZ2-CONFIRM-0032,0,0,32
RFT29,29,CONFIRM128_RESERVED,add_sub_solvable,PZ2-CONFIRM-0033,1,20,32
RFT29,29,CONFIRM128_RESERVED,requires_mul_or_div,PZ2-CONFIRM-0034,0,0,32
RFT29,29,CONFIRM128_RESERVED,add_sub_solvable,PZ2-CONFIRM-0035,0,0,32
RFT29,29,CONFIRM128_RESERVED,requires_mul_or_div,PZ2-CONFIRM-0036,0,0,32
RFT29,29,CONFIRM128_RESERVED,add_sub_solvable,PZ2-CONFIRM-0037,1,31,32
RFT29,29,CONFIRM128_RESERVED,requires_mul_or_div,PZ2-CONFIRM-0038,0,0,32
RFT29,29,CONFIRM128_RESERVED,add_sub_solvable,PZ2-CONFIRM-0039,1,28,32
RFT29,29,CONFIRM128_RESERVED,requires_mul_or_div,PZ2-CONFIRM-0040,0,0,32
RFT29,29,CONFIRM128_RESERVED,add_sub_solvable,PZ2-CONFIRM-0041,1,32,32
RFT29,29,CONFIRM128_RESERVED,requires_mul_or_div,PZ2-CONFIRM-0042,0,0,32
RFT29,29,CONFIRM128_RESERVED,add_sub_solvable,PZ2-CONFIRM-0043,1,31,32
RFT29,29,CONFIRM128_RESERVED,requires_mul_or_div,PZ2-CONFIRM-0044,0,0,32
RFT29,29,CONFIRM128_RESERVED,add_sub_solvable,PZ2-CONFIRM-0045,1,32,32
RFT29,29,CONFIRM128_RESERVED,requires_mul_or_div,PZ2-CONFIRM-0046,0,0,32
RFT29,29,CONFIRM128_RESERVED,add_sub_solvable,PZ2-CONFIRM-0047,1,32,32
RFT29,29,CONFIRM128_RESERVED,requires_mul_or_div,PZ2-CONFIRM-0048,0,0,32
RFT29,29,CONFIRM128_RESERVED,add_sub_solvable,PZ2-CONFIRM-0049,1,32,32
RFT29,29,CONFIRM128_RESERVED,requires_mul_or_div,PZ2-CONFIRM-0050,0,0,32
RFT29,29,CONFIRM128_RESERVED,add_sub_solvable,PZ2-CONFIRM-0051,0,0,32
RFT29,29,CONFIRM128_RESERVED,requires_mul_or_div,PZ2-CONFIRM-0052,0,0,32
RFT29,29,CONFIRM128_RESERVED,add_sub_solvable,PZ2-CONFIRM-0053,1,32,32
RFT29,29,CONFIRM128_RESERVED,requires_mul_or_div,PZ2-CONFIRM-0054,0,0,32
RFT29,29,CONFIRM128_RESERVED,add_sub_solvable,PZ2-CONFIRM-0055,0,14,32
RFT29,29,CONFIRM128_RESERVED,requires_mul_or_div,PZ2-CONFIRM-0056,1,31,32
RFT29,29,CONFIRM128_RESERVED,add_sub_solvable,PZ2-CONFIRM-0057,0,7,32
RFT29,29,CONFIRM128_RESERVED,requires_mul_or_div,PZ2-CONFIRM-0058,0,0,32
RFT29,29,CONFIRM128_RESERVED,add_sub_solvable,PZ2-CONFIRM-0059,1,32,32
RFT29,29,CONFIRM128_RESERVED,requires_mul_or_div,PZ2-CONFIRM-0060,0,0,32
RFT29,29,CONFIRM128_RESERVED,add_sub_solvable,PZ2-CONFIRM-0061,0,9,32
RFT29,29,CONFIRM128_RESERVED,requires_mul_or_div,PZ2-CONFIRM-0062,0,0,32
RFT29,29,CONFIRM128_RESERVED,add_sub_solvable,PZ2-CONFIRM-0063,1,29,32
RFT29,29,CONFIRM128_RESERVED,requires_mul_or_div,PZ2-CONFIRM-0064,0,0,32
RFT29,29,CONFIRM128_RESERVED,add_sub_solvable,PZ2-CONFIRM-0065,1,25,32
RFT29,29,CONFIRM128_RESERVED,requires_mul_or_div,PZ2-CONFIRM-0066,0,0,32
RFT29,29,CONFIRM128_RESERVED,add_sub_solvable,PZ2-CONFIRM-0067,1,22,32
RFT29,29,CONFIRM128_RESERVED,requires_mul_or_div,PZ2-CONFIRM-0068,0,0,32
RFT29,29,CONFIRM128_RESERVED,add_sub_solvable,PZ2-CONFIRM-0069,1,32,32
RFT29,29,CONFIRM128_RESERVED,requires_mul_or_div,PZ2-CONFIRM-0070,0,0,32
RFT29,29,CONFIRM128_RESERVED,add_sub_solvable,PZ2-CONFIRM-0071,1,32,32
RFT29,29,CONFIRM128_RESERVED,requires_mul_or_div,PZ2-CONFIRM-0072,0,0,32
RFT29,29,CONFIRM128_RESERVED,add_sub_solvable,PZ2-CONFIRM-0073,1,32,32
RFT29,29,CONFIRM128_RESERVED,requires_mul_or_div,PZ2-CONFIRM-0074,0,0,32
RFT29,29,CONFIRM128_RESERVED,add_sub_solvable,PZ2-CONFIRM-0075,0,23,32
RFT29,29,CONFIRM128_RESERVED,requires_mul_or_div,PZ2-CONFIRM-0076,0,0,32
RFT29,29,CONFIRM128_RESERVED,add_sub_solvable,PZ2-CONFIRM-0077,1,30,32
RFT29,29,CONFIRM128_RESERVED,requires_mul_or_div,PZ2-CONFIRM-0078,0,0,32
RFT29,29,CONFIRM128_RESERVED,add_sub_solvable,PZ2-CONFIRM-0079,0,0,32
RFT29,29,CONFIRM128_RESERVED,requires_mul_or_div,PZ2-CONFIRM-0080,0,0,32
RFT29,29,CONFIRM128_RESERVED,add_sub_solvable,PZ2-CONFIRM-0081,1,24,32
RFT29,29,CONFIRM128_RESERVED,requires_mul_or_div,PZ2-CONFIRM-0082,0,0,32
RFT29,29,CONFIRM128_RESERVED,add_sub_solvable,PZ2-CONFIRM-0083,1,29,32
RFT29,29,CONFIRM128_RESERVED,requires_mul_or_div,PZ2-CONFIRM-0084,0,0,32
RFT29,29,CONFIRM128_RESERVED,add_sub_solvable,PZ2-CONFIRM-0085,1,32,32
RFT29,29,CONFIRM128_RESERVED,requires_mul_or_div,PZ2-CONFIRM-0086,0,0,32
RFT29,29,CONFIRM128_RESERVED,add_sub_solvable,PZ2-CONFIRM-0087,1,20,32
RFT29,29,CONFIRM128_RESERVED,requires_mul_or_div,PZ2-CONFIRM-0088,0,0,32
RFT29,29,CONFIRM128_RESERVED,add_sub_solvable,PZ2-CONFIRM-0089,1,32,32
RFT29,29,CONFIRM128_RESERVED,requires_mul_or_div,PZ2-CONFIRM-0090,0,0,32
RFT29,29,CONFIRM128_RESERVED,add_sub_solvable,PZ2-CONFIRM-0091,0,13,32
RFT29,29,CONFIRM128_RESERVED,requires_mul_or_div,PZ2-CONFIRM-0092,0,0,32
RFT29,29,CONFIRM128_RESERVED,add_sub_solvable,PZ2-CONFIRM-0093,0,0,32
RFT29,29,CONFIRM128_RESERVED,requires_mul_or_div,PZ2-CONFIRM-0094,0,0,32
RFT29,29,CONFIRM128_RESERVED,add_sub_solvable,PZ2-CONFIRM-0095,1,32,32
RFT29,29,CONFIRM128_RESERVED,requires_mul_or_div,PZ2-CONFIRM-0096,0,0,32
RFT29,29,CONFIRM128_RESERVED,add_sub_solvable,PZ2-CONFIRM-0097,0,0,32
RFT29,29,CONFIRM128_RESERVED,requires_mul_or_div,PZ2-CONFIRM-0098,0,0,32
RFT29,29,CONFIRM128_RESERVED,add_sub_solvable,PZ2-CONFIRM-0099,1,26,32
RFT29,29,CONFIRM128_RESERVED,requires_mul_or_div,PZ2-CONFIRM-0100,0,0,32
RFT29,29,CONFIRM128_RESERVED,add_sub_solvable,PZ2-CONFIRM-0101,0,12,32
RFT29,29,CONFIRM128_RESERVED,requires_mul_or_div,PZ2-CONFIRM-0102,0,0,32
RFT29,29,CONFIRM128_RESERVED,add_sub_solvable,PZ2-CONFIRM-0103,1,32,32
RFT29,29,CONFIRM128_RESERVED,requires_mul_or_div,PZ2-CONFIRM-0104,0,3,32
RFT29,29,CONFIRM128_RESERVED,add_sub_solvable,PZ2-CONFIRM-0105,0,0,32
RFT29,29,CONFIRM128_RESERVED,requires_mul_or_div,PZ2-CONFIRM-0106,0,0,32
RFT29,29,CONFIRM128_RESERVED,add_sub_solvable,PZ2-CONFIRM-0107,0,0,32
RFT29,29,CONFIRM128_RESERVED,requires_mul_or_div,PZ2-CONFIRM-0108,0,0,32
RFT29,29,CONFIRM128_RESERVED,add_sub_solvable,PZ2-CONFIRM-0109,1,32,32
RFT29,29,CONFIRM128_RESERVED,requires_mul_or_div,PZ2-CONFIRM-0110,1,20,32
RFT29,29,CONFIRM128_RESERVED,add_sub_solvable,PZ2-CONFIRM-0111,1,32,32
RFT29,29,CONFIRM128_RESERVED,requires_mul_or_div,PZ2-CONFIRM-0112,0,0,32
RFT29,29,CONFIRM128_RESERVED,add_sub_solvable,PZ2-CONFIRM-0113,1,28,32
RFT29,29,CONFIRM128_RESERVED,requires_mul_or_div,PZ2-CONFIRM-0114,0,0,32
RFT29,29,CONFIRM128_RESERVED,add_sub_solvable,PZ2-CONFIRM-0115,1,32,32
RFT29,29,CONFIRM128_RESERVED,requires_mul_or_div,PZ2-CONFIRM-0116,0,0,32
RFT29,29,CONFIRM128_RESERVED,add_sub_solvable,PZ2-CONFIRM-0117,0,0,32
RFT29,29,CONFIRM128_RESERVED,requires_mul_or_div,PZ2-CONFIRM-0118,0,0,32
RFT29,29,CONFIRM128_RESERVED,add_sub_solvable,PZ2-CONFIRM-0119,1,23,32
RFT29,29,CONFIRM128_RESERVED,requires_mul_or_div,PZ2-CONFIRM-0120,0,0,32
RFT29,29,CONFIRM128_RESERVED,add_sub_solvable,PZ2-CONFIRM-0121,0,8,32
RFT29,29,CONFIRM128_RESERVED,requires_mul_or_div,PZ2-CONFIRM-0122,0,0,32
RFT29,29,CONFIRM128_RESERVED,add_sub_solvable,PZ2-CONFIRM-0123,1,23,32
RFT29,29,CONFIRM128_RESERVED,requires_mul_or_div,PZ2-CONFIRM-0124,0,0,32
RFT29,29,CONFIRM128_RESERVED,add_sub_solvable,PZ2-CONFIRM-0125,0,0,32
RFT29,29,CONFIRM128_RESERVED,requires_mul_or_div,PZ2-CONFIRM-0126,1,27,32
RFT29,29,CONFIRM128_RESERVED,add_sub_solvable,PZ2-CONFIRM-0127,1,32,32
RFT29,29,CONFIRM128_RESERVED,requires_mul_or_div,PZ2-CONFIRM-0128,0,6,32
PPO29,29,HISTORICAL_FINAL256_OBSERVED,add_sub_solvable,PZ1-FINAL-0001,0,4,32
PPO29,29,HISTORICAL_FINAL256_OBSERVED,requires_mul_or_div,PZ1-FINAL-0002,0,0,32
PPO29,29,HISTORICAL_FINAL256_OBSERVED,add_sub_solvable,PZ1-FINAL-0003,1,26,32
PPO29,29,HISTORICAL_FINAL256_OBSERVED,requires_mul_or_div,PZ1-FINAL-0004,0,0,32
PPO29,29,HISTORICAL_FINAL256_OBSERVED,add_sub_solvable,PZ1-FINAL-0005,1,32,32
PPO29,29,HISTORICAL_FINAL256_OBSERVED,requires_mul_or_div,PZ1-FINAL-0006,0,0,32
PPO29,29,HISTORICAL_FINAL256_OBSERVED,add_sub_solvable,PZ1-FINAL-0007,0,0,32
PPO29,29,HISTORICAL_FINAL256_OBSERVED,requires_mul_or_div,PZ1-FINAL-0008,0,0,32
PPO29,29,HISTORICAL_FINAL256_OBSERVED,add_sub_solvable,PZ1-FINAL-0009,1,25,32
PPO29,29,HISTORICAL_FINAL256_OBSERVED,requires_mul_or_div,PZ1-FINAL-0010,0,0,32
PPO29,29,HISTORICAL_FINAL256_OBSERVED,add_sub_solvable,PZ1-FINAL-0011,1,32,32
PPO29,29,HISTORICAL_FINAL256_OBSERVED,requires_mul_or_div,PZ1-FINAL-0012,0,0,32
PPO29,29,HISTORICAL_FINAL256_OBSERVED,add_sub_solvable,PZ1-FINAL-0013,1,19,32
PPO29,29,HISTORICAL_FINAL256_OBSERVED,requires_mul_or_div,PZ1-FINAL-0014,0,5,32
PPO29,29,HISTORICAL_FINAL256_OBSERVED,add_sub_solvable,PZ1-FINAL-0015,1,32,32
PPO29,29,HISTORICAL_FINAL256_OBSERVED,requires_mul_or_div,PZ1-FINAL-0016,0,0,32
PPO29,29,HISTORICAL_FINAL256_OBSERVED,add_sub_solvable,PZ1-FINAL-0017,1,32,32
PPO29,29,HISTORICAL_FINAL256_OBSERVED,requires_mul_or_div,PZ1-FINAL-0018,0,0,32
PPO29,29,HISTORICAL_FINAL256_OBSERVED,add_sub_solvable,PZ1-FINAL-0019,0,1,32
PPO29,29,HISTORICAL_FINAL256_OBSERVED,requires_mul_or_div,PZ1-FINAL-0020,0,1,32
PPO29,29,HISTORICAL_FINAL256_OBSERVED,add_sub_solvable,PZ1-FINAL-0021,0,3,32
PPO29,29,HISTORICAL_FINAL256_OBSERVED,requires_mul_or_div,PZ1-FINAL-0022,0,4,32
PPO29,29,HISTORICAL_FINAL256_OBSERVED,add_sub_solvable,PZ1-FINAL-0023,1,22,32
PPO29,29,HISTORICAL_FINAL256_OBSERVED,requires_mul_or_div,PZ1-FINAL-0024,0,0,32
PPO29,29,HISTORICAL_FINAL256_OBSERVED,add_sub_solvable,PZ1-FINAL-0025,1,32,32
PPO29,29,HISTORICAL_FINAL256_OBSERVED,requires_mul_or_div,PZ1-FINAL-0026,0,0,32
PPO29,29,HISTORICAL_FINAL256_OBSERVED,add_sub_solvable,PZ1-FINAL-0027,1,27,32
PPO29,29,HISTORICAL_FINAL256_OBSERVED,requires_mul_or_div,PZ1-FINAL-0028,0,0,32
PPO29,29,HISTORICAL_FINAL256_OBSERVED,add_sub_solvable,PZ1-FINAL-0029,0,10,32
PPO29,29,HISTORICAL_FINAL256_OBSERVED,requires_mul_or_div,PZ1-FINAL-0030,0,0,32
PPO29,29,HISTORICAL_FINAL256_OBSERVED,add_sub_solvable,PZ1-FINAL-0031,1,19,32
PPO29,29,HISTORICAL_FINAL256_OBSERVED,requires_mul_or_div,PZ1-FINAL-0032,0,0,32
PPO29,29,HISTORICAL_FINAL256_OBSERVED,add_sub_solvable,PZ1-FINAL-0033,1,32,32
PPO29,29,HISTORICAL_FINAL256_OBSERVED,requires_mul_or_div,PZ1-FINAL-0034,0,0,32
PPO29,29,HISTORICAL_FINAL256_OBSERVED,add_sub_solvable,PZ1-FINAL-0035,1,16,32
PPO29,29,HISTORICAL_FINAL256_OBSERVED,requires_mul_or_div,PZ1-FINAL-0036,0,0,32
PPO29,29,HISTORICAL_FINAL256_OBSERVED,add_sub_solvable,PZ1-FINAL-0037,0,2,32
PPO29,29,HISTORICAL_FINAL256_OBSERVED,requires_mul_or_div,PZ1-FINAL-0038,0,0,32
PPO29,29,HISTORICAL_FINAL256_OBSERVED,add_sub_solvable,PZ1-FINAL-0039,1,8,32
PPO29,29,HISTORICAL_FINAL256_OBSERVED,requires_mul_or_div,PZ1-FINAL-0040,0,0,32
PPO29,29,HISTORICAL_FINAL256_OBSERVED,add_sub_solvable,PZ1-FINAL-0041,0,1,32
PPO29,29,HISTORICAL_FINAL256_OBSERVED,requires_mul_or_div,PZ1-FINAL-0042,0,0,32
PPO29,29,HISTORICAL_FINAL256_OBSERVED,add_sub_solvable,PZ1-FINAL-0043,1,32,32
PPO29,29,HISTORICAL_FINAL256_OBSERVED,requires_mul_or_div,PZ1-FINAL-0044,0,0,32
PPO29,29,HISTORICAL_FINAL256_OBSERVED,add_sub_solvable,PZ1-FINAL-0045,1,32,32
PPO29,29,HISTORICAL_FINAL256_OBSERVED,requires_mul_or_div,PZ1-FINAL-0046,1,28,32
PPO29,29,HISTORICAL_FINAL256_OBSERVED,add_sub_solvable,PZ1-FINAL-0047,0,13,32
PPO29,29,HISTORICAL_FINAL256_OBSERVED,requires_mul_or_div,PZ1-FINAL-0048,0,0,32
PPO29,29,HISTORICAL_FINAL256_OBSERVED,add_sub_solvable,PZ1-FINAL-0049,0,6,32
PPO29,29,HISTORICAL_FINAL256_OBSERVED,requires_mul_or_div,PZ1-FINAL-0050,0,13,32
PPO29,29,HISTORICAL_FINAL256_OBSERVED,add_sub_solvable,PZ1-FINAL-0051,1,28,32
PPO29,29,HISTORICAL_FINAL256_OBSERVED,requires_mul_or_div,PZ1-FINAL-0052,0,11,32
PPO29,29,HISTORICAL_FINAL256_OBSERVED,add_sub_solvable,PZ1-FINAL-0053,1,32,32
PPO29,29,HISTORICAL_FINAL256_OBSERVED,requires_mul_or_div,PZ1-FINAL-0054,0,1,32
PPO29,29,HISTORICAL_FINAL256_OBSERVED,add_sub_solvable,PZ1-FINAL-0055,1,32,32
PPO29,29,HISTORICAL_FINAL256_OBSERVED,requires_mul_or_div,PZ1-FINAL-0056,0,0,32
PPO29,29,HISTORICAL_FINAL256_OBSERVED,add_sub_solvable,PZ1-FINAL-0057,1,19,32
PPO29,29,HISTORICAL_FINAL256_OBSERVED,requires_mul_or_div,PZ1-FINAL-0058,0,0,32
PPO29,29,HISTORICAL_FINAL256_OBSERVED,add_sub_solvable,PZ1-FINAL-0059,0,6,32
PPO29,29,HISTORICAL_FINAL256_OBSERVED,requires_mul_or_div,PZ1-FINAL-0060,0,0,32
PPO29,29,HISTORICAL_FINAL256_OBSERVED,add_sub_solvable,PZ1-FINAL-0061,1,32,32
PPO29,29,HISTORICAL_FINAL256_OBSERVED,requires_mul_or_div,PZ1-FINAL-0062,0,0,32
PPO29,29,HISTORICAL_FINAL256_OBSERVED,add_sub_solvable,PZ1-FINAL-0063,1,31,32
PPO29,29,HISTORICAL_FINAL256_OBSERVED,requires_mul_or_div,PZ1-FINAL-0064,0,0,32
PPO29,29,HISTORICAL_FINAL256_OBSERVED,add_sub_solvable,PZ1-FINAL-0065,0,1,32
PPO29,29,HISTORICAL_FINAL256_OBSERVED,requires_mul_or_div,PZ1-FINAL-0066,0,0,32
PPO29,29,HISTORICAL_FINAL256_OBSERVED,add_sub_solvable,PZ1-FINAL-0067,0,0,32
PPO29,29,HISTORICAL_FINAL256_OBSERVED,requires_mul_or_div,PZ1-FINAL-0068,0,0,32
PPO29,29,HISTORICAL_FINAL256_OBSERVED,add_sub_solvable,PZ1-FINAL-0069,0,5,32
PPO29,29,HISTORICAL_FINAL256_OBSERVED,requires_mul_or_div,PZ1-FINAL-0070,0,0,32
PPO29,29,HISTORICAL_FINAL256_OBSERVED,add_sub_solvable,PZ1-FINAL-0071,1,31,32
PPO29,29,HISTORICAL_FINAL256_OBSERVED,requires_mul_or_div,PZ1-FINAL-0072,0,0,32
PPO29,29,HISTORICAL_FINAL256_OBSERVED,add_sub_solvable,PZ1-FINAL-0073,0,7,32
PPO29,29,HISTORICAL_FINAL256_OBSERVED,requires_mul_or_div,PZ1-FINAL-0074,0,0,32
PPO29,29,HISTORICAL_FINAL256_OBSERVED,add_sub_solvable,PZ1-FINAL-0075,0,10,32
PPO29,29,HISTORICAL_FINAL256_OBSERVED,requires_mul_or_div,PZ1-FINAL-0076,0,9,32
PPO29,29,HISTORICAL_FINAL256_OBSERVED,add_sub_solvable,PZ1-FINAL-0077,1,24,32
PPO29,29,HISTORICAL_FINAL256_OBSERVED,requires_mul_or_div,PZ1-FINAL-0078,0,6,32
PPO29,29,HISTORICAL_FINAL256_OBSERVED,add_sub_solvable,PZ1-FINAL-0079,0,14,32
PPO29,29,HISTORICAL_FINAL256_OBSERVED,requires_mul_or_div,PZ1-FINAL-0080,0,0,32
PPO29,29,HISTORICAL_FINAL256_OBSERVED,add_sub_solvable,PZ1-FINAL-0081,0,0,32
PPO29,29,HISTORICAL_FINAL256_OBSERVED,requires_mul_or_div,PZ1-FINAL-0082,0,0,32
PPO29,29,HISTORICAL_FINAL256_OBSERVED,add_sub_solvable,PZ1-FINAL-0083,1,32,32
PPO29,29,HISTORICAL_FINAL256_OBSERVED,requires_mul_or_div,PZ1-FINAL-0084,0,0,32
PPO29,29,HISTORICAL_FINAL256_OBSERVED,add_sub_solvable,PZ1-FINAL-0085,0,0,32
PPO29,29,HISTORICAL_FINAL256_OBSERVED,requires_mul_or_div,PZ1-FINAL-0086,0,0,32
PPO29,29,HISTORICAL_FINAL256_OBSERVED,add_sub_solvable,PZ1-FINAL-0087,0,1,32
PPO29,29,HISTORICAL_FINAL256_OBSERVED,requires_mul_or_div,PZ1-FINAL-0088,0,0,32
PPO29,29,HISTORICAL_FINAL256_OBSERVED,add_sub_solvable,PZ1-FINAL-0089,0,3,32
PPO29,29,HISTORICAL_FINAL256_OBSERVED,requires_mul_or_div,PZ1-FINAL-0090,0,0,32
PPO29,29,HISTORICAL_FINAL256_OBSERVED,add_sub_solvable,PZ1-FINAL-0091,1,32,32
PPO29,29,HISTORICAL_FINAL256_OBSERVED,requires_mul_or_div,PZ1-FINAL-0092,0,0,32
PPO29,29,HISTORICAL_FINAL256_OBSERVED,add_sub_solvable,PZ1-FINAL-0093,1,26,32
PPO29,29,HISTORICAL_FINAL256_OBSERVED,requires_mul_or_div,PZ1-FINAL-0094,0,0,32
PPO29,29,HISTORICAL_FINAL256_OBSERVED,add_sub_solvable,PZ1-FINAL-0095,1,31,32
PPO29,29,HISTORICAL_FINAL256_OBSERVED,requires_mul_or_div,PZ1-FINAL-0096,0,0,32
PPO29,29,HISTORICAL_FINAL256_OBSERVED,add_sub_solvable,PZ1-FINAL-0097,1,32,32
PPO29,29,HISTORICAL_FINAL256_OBSERVED,requires_mul_or_div,PZ1-FINAL-0098,0,0,32
PPO29,29,HISTORICAL_FINAL256_OBSERVED,add_sub_solvable,PZ1-FINAL-0099,1,16,32
PPO29,29,HISTORICAL_FINAL256_OBSERVED,requires_mul_or_div,PZ1-FINAL-0100,0,2,32
PPO29,29,HISTORICAL_FINAL256_OBSERVED,add_sub_solvable,PZ1-FINAL-0101,0,8,32
PPO29,29,HISTORICAL_FINAL256_OBSERVED,requires_mul_or_div,PZ1-FINAL-0102,0,1,32
PPO29,29,HISTORICAL_FINAL256_OBSERVED,add_sub_solvable,PZ1-FINAL-0103,1,20,32
PPO29,29,HISTORICAL_FINAL256_OBSERVED,requires_mul_or_div,PZ1-FINAL-0104,0,0,32
PPO29,29,HISTORICAL_FINAL256_OBSERVED,add_sub_solvable,PZ1-FINAL-0105,1,32,32
PPO29,29,HISTORICAL_FINAL256_OBSERVED,requires_mul_or_div,PZ1-FINAL-0106,0,0,32
PPO29,29,HISTORICAL_FINAL256_OBSERVED,add_sub_solvable,PZ1-FINAL-0107,0,0,32
PPO29,29,HISTORICAL_FINAL256_OBSERVED,requires_mul_or_div,PZ1-FINAL-0108,0,0,32
PPO29,29,HISTORICAL_FINAL256_OBSERVED,add_sub_solvable,PZ1-FINAL-0109,0,0,32
PPO29,29,HISTORICAL_FINAL256_OBSERVED,requires_mul_or_div,PZ1-FINAL-0110,1,30,32
PPO29,29,HISTORICAL_FINAL256_OBSERVED,add_sub_solvable,PZ1-FINAL-0111,0,3,32
PPO29,29,HISTORICAL_FINAL256_OBSERVED,requires_mul_or_div,PZ1-FINAL-0112,0,0,32
PPO29,29,HISTORICAL_FINAL256_OBSERVED,add_sub_solvable,PZ1-FINAL-0113,0,0,32
PPO29,29,HISTORICAL_FINAL256_OBSERVED,requires_mul_or_div,PZ1-FINAL-0114,0,0,32
PPO29,29,HISTORICAL_FINAL256_OBSERVED,add_sub_solvable,PZ1-FINAL-0115,1,29,32
PPO29,29,HISTORICAL_FINAL256_OBSERVED,requires_mul_or_div,PZ1-FINAL-0116,0,0,32
PPO29,29,HISTORICAL_FINAL256_OBSERVED,add_sub_solvable,PZ1-FINAL-0117,0,0,32
PPO29,29,HISTORICAL_FINAL256_OBSERVED,requires_mul_or_div,PZ1-FINAL-0118,0,0,32
PPO29,29,HISTORICAL_FINAL256_OBSERVED,add_sub_solvable,PZ1-FINAL-0119,1,32,32
PPO29,29,HISTORICAL_FINAL256_OBSERVED,requires_mul_or_div,PZ1-FINAL-0120,0,2,32
PPO29,29,HISTORICAL_FINAL256_OBSERVED,add_sub_solvable,PZ1-FINAL-0121,0,0,32
PPO29,29,HISTORICAL_FINAL256_OBSERVED,requires_mul_or_div,PZ1-FINAL-0122,0,0,32
PPO29,29,HISTORICAL_FINAL256_OBSERVED,add_sub_solvable,PZ1-FINAL-0123,1,32,32
PPO29,29,HISTORICAL_FINAL256_OBSERVED,requires_mul_or_div,PZ1-FINAL-0124,1,32,32
PPO29,29,HISTORICAL_FINAL256_OBSERVED,add_sub_solvable,PZ1-FINAL-0125,0,4,32
PPO29,29,HISTORICAL_FINAL256_OBSERVED,requires_mul_or_div,PZ1-FINAL-0126,0,0,32
PPO29,29,HISTORICAL_FINAL256_OBSERVED,add_sub_solvable,PZ1-FINAL-0127,1,31,32
PPO29,29,HISTORICAL_FINAL256_OBSERVED,requires_mul_or_div,PZ1-FINAL-0128,0,0,32
PPO29,29,HISTORICAL_FINAL256_OBSERVED,add_sub_solvable,PZ1-FINAL-0129,0,0,32
PPO29,29,HISTORICAL_FINAL256_OBSERVED,requires_mul_or_div,PZ1-FINAL-0130,0,0,32
PPO29,29,HISTORICAL_FINAL256_OBSERVED,add_sub_solvable,PZ1-FINAL-0131,0,0,32
PPO29,29,HISTORICAL_FINAL256_OBSERVED,requires_mul_or_div,PZ1-FINAL-0132,0,0,32
PPO29,29,HISTORICAL_FINAL256_OBSERVED,add_sub_solvable,PZ1-FINAL-0133,1,25,32
PPO29,29,HISTORICAL_FINAL256_OBSERVED,requires_mul_or_div,PZ1-FINAL-0134,0,0,32
PPO29,29,HISTORICAL_FINAL256_OBSERVED,add_sub_solvable,PZ1-FINAL-0135,0,0,32
PPO29,29,HISTORICAL_FINAL256_OBSERVED,requires_mul_or_div,PZ1-FINAL-0136,0,0,32
PPO29,29,HISTORICAL_FINAL256_OBSERVED,add_sub_solvable,PZ1-FINAL-0137,0,0,32
PPO29,29,HISTORICAL_FINAL256_OBSERVED,requires_mul_or_div,PZ1-FINAL-0138,1,25,32
PPO29,29,HISTORICAL_FINAL256_OBSERVED,add_sub_solvable,PZ1-FINAL-0139,1,27,32
PPO29,29,HISTORICAL_FINAL256_OBSERVED,requires_mul_or_div,PZ1-FINAL-0140,1,20,32
PPO29,29,HISTORICAL_FINAL256_OBSERVED,add_sub_solvable,PZ1-FINAL-0141,0,1,32
PPO29,29,HISTORICAL_FINAL256_OBSERVED,requires_mul_or_div,PZ1-FINAL-0142,0,0,32
PPO29,29,HISTORICAL_FINAL256_OBSERVED,add_sub_solvable,PZ1-FINAL-0143,0,0,32
PPO29,29,HISTORICAL_FINAL256_OBSERVED,requires_mul_or_div,PZ1-FINAL-0144,0,0,32
PPO29,29,HISTORICAL_FINAL256_OBSERVED,add_sub_solvable,PZ1-FINAL-0145,0,16,32
PPO29,29,HISTORICAL_FINAL256_OBSERVED,requires_mul_or_div,PZ1-FINAL-0146,0,0,32
PPO29,29,HISTORICAL_FINAL256_OBSERVED,add_sub_solvable,PZ1-FINAL-0147,1,30,32
PPO29,29,HISTORICAL_FINAL256_OBSERVED,requires_mul_or_div,PZ1-FINAL-0148,0,0,32
PPO29,29,HISTORICAL_FINAL256_OBSERVED,add_sub_solvable,PZ1-FINAL-0149,1,32,32
PPO29,29,HISTORICAL_FINAL256_OBSERVED,requires_mul_or_div,PZ1-FINAL-0150,0,0,32
PPO29,29,HISTORICAL_FINAL256_OBSERVED,add_sub_solvable,PZ1-FINAL-0151,0,1,32
PPO29,29,HISTORICAL_FINAL256_OBSERVED,requires_mul_or_div,PZ1-FINAL-0152,0,0,32
PPO29,29,HISTORICAL_FINAL256_OBSERVED,add_sub_solvable,PZ1-FINAL-0153,1,31,32
PPO29,29,HISTORICAL_FINAL256_OBSERVED,requires_mul_or_div,PZ1-FINAL-0154,0,0,32
PPO29,29,HISTORICAL_FINAL256_OBSERVED,add_sub_solvable,PZ1-FINAL-0155,1,15,32
PPO29,29,HISTORICAL_FINAL256_OBSERVED,requires_mul_or_div,PZ1-FINAL-0156,0,0,32
PPO29,29,HISTORICAL_FINAL256_OBSERVED,add_sub_solvable,PZ1-FINAL-0157,1,32,32
PPO29,29,HISTORICAL_FINAL256_OBSERVED,requires_mul_or_div,PZ1-FINAL-0158,0,0,32
PPO29,29,HISTORICAL_FINAL256_OBSERVED,add_sub_solvable,PZ1-FINAL-0159,1,32,32
PPO29,29,HISTORICAL_FINAL256_OBSERVED,requires_mul_or_div,PZ1-FINAL-0160,0,1,32
PPO29,29,HISTORICAL_FINAL256_OBSERVED,add_sub_solvable,PZ1-FINAL-0161,0,0,32
PPO29,29,HISTORICAL_FINAL256_OBSERVED,requires_mul_or_div,PZ1-FINAL-0162,1,25,32
PPO29,29,HISTORICAL_FINAL256_OBSERVED,add_sub_solvable,PZ1-FINAL-0163,0,4,32
PPO29,29,HISTORICAL_FINAL256_OBSERVED,requires_mul_or_div,PZ1-FINAL-0164,0,0,32
PPO29,29,HISTORICAL_FINAL256_OBSERVED,add_sub_solvable,PZ1-FINAL-0165,1,32,32
PPO29,29,HISTORICAL_FINAL256_OBSERVED,requires_mul_or_div,PZ1-FINAL-0166,0,0,32
PPO29,29,HISTORICAL_FINAL256_OBSERVED,add_sub_solvable,PZ1-FINAL-0167,1,29,32
PPO29,29,HISTORICAL_FINAL256_OBSERVED,requires_mul_or_div,PZ1-FINAL-0168,0,0,32
PPO29,29,HISTORICAL_FINAL256_OBSERVED,add_sub_solvable,PZ1-FINAL-0169,0,8,32
PPO29,29,HISTORICAL_FINAL256_OBSERVED,requires_mul_or_div,PZ1-FINAL-0170,0,0,32
PPO29,29,HISTORICAL_FINAL256_OBSERVED,add_sub_solvable,PZ1-FINAL-0171,1,31,32
PPO29,29,HISTORICAL_FINAL256_OBSERVED,requires_mul_or_div,PZ1-FINAL-0172,0,0,32
PPO29,29,HISTORICAL_FINAL256_OBSERVED,add_sub_solvable,PZ1-FINAL-0173,1,32,32
PPO29,29,HISTORICAL_FINAL256_OBSERVED,requires_mul_or_div,PZ1-FINAL-0174,0,0,32
PPO29,29,HISTORICAL_FINAL256_OBSERVED,add_sub_solvable,PZ1-FINAL-0175,1,27,32
PPO29,29,HISTORICAL_FINAL256_OBSERVED,requires_mul_or_div,PZ1-FINAL-0176,0,0,32
PPO29,29,HISTORICAL_FINAL256_OBSERVED,add_sub_solvable,PZ1-FINAL-0177,1,30,32
PPO29,29,HISTORICAL_FINAL256_OBSERVED,requires_mul_or_div,PZ1-FINAL-0178,0,6,32
PPO29,29,HISTORICAL_FINAL256_OBSERVED,add_sub_solvable,PZ1-FINAL-0179,1,30,32
PPO29,29,HISTORICAL_FINAL256_OBSERVED,requires_mul_or_div,PZ1-FINAL-0180,0,0,32
PPO29,29,HISTORICAL_FINAL256_OBSERVED,add_sub_solvable,PZ1-FINAL-0181,0,2,32
PPO29,29,HISTORICAL_FINAL256_OBSERVED,requires_mul_or_div,PZ1-FINAL-0182,1,32,32
PPO29,29,HISTORICAL_FINAL256_OBSERVED,add_sub_solvable,PZ1-FINAL-0183,1,31,32
PPO29,29,HISTORICAL_FINAL256_OBSERVED,requires_mul_or_div,PZ1-FINAL-0184,0,0,32
PPO29,29,HISTORICAL_FINAL256_OBSERVED,add_sub_solvable,PZ1-FINAL-0185,1,32,32
PPO29,29,HISTORICAL_FINAL256_OBSERVED,requires_mul_or_div,PZ1-FINAL-0186,0,0,32
PPO29,29,HISTORICAL_FINAL256_OBSERVED,add_sub_solvable,PZ1-FINAL-0187,1,31,32
PPO29,29,HISTORICAL_FINAL256_OBSERVED,requires_mul_or_div,PZ1-FINAL-0188,0,0,32
PPO29,29,HISTORICAL_FINAL256_OBSERVED,add_sub_solvable,PZ1-FINAL-0189,1,30,32
PPO29,29,HISTORICAL_FINAL256_OBSERVED,requires_mul_or_div,PZ1-FINAL-0190,0,0,32
PPO29,29,HISTORICAL_FINAL256_OBSERVED,add_sub_solvable,PZ1-FINAL-0191,0,2,32
PPO29,29,HISTORICAL_FINAL256_OBSERVED,requires_mul_or_div,PZ1-FINAL-0192,0,0,32
PPO29,29,HISTORICAL_FINAL256_OBSERVED,add_sub_solvable,PZ1-FINAL-0193,1,31,32
PPO29,29,HISTORICAL_FINAL256_OBSERVED,requires_mul_or_div,PZ1-FINAL-0194,0,0,32
PPO29,29,HISTORICAL_FINAL256_OBSERVED,add_sub_solvable,PZ1-FINAL-0195,1,28,32
PPO29,29,HISTORICAL_FINAL256_OBSERVED,requires_mul_or_div,PZ1-FINAL-0196,0,0,32
PPO29,29,HISTORICAL_FINAL256_OBSERVED,add_sub_solvable,PZ1-FINAL-0197,0,0,32
PPO29,29,HISTORICAL_FINAL256_OBSERVED,requires_mul_or_div,PZ1-FINAL-0198,0,0,32
PPO29,29,HISTORICAL_FINAL256_OBSERVED,add_sub_solvable,PZ1-FINAL-0199,1,32,32
PPO29,29,HISTORICAL_FINAL256_OBSERVED,requires_mul_or_div,PZ1-FINAL-0200,0,0,32
PPO29,29,HISTORICAL_FINAL256_OBSERVED,add_sub_solvable,PZ1-FINAL-0201,1,32,32
PPO29,29,HISTORICAL_FINAL256_OBSERVED,requires_mul_or_div,PZ1-FINAL-0202,1,29,32
PPO29,29,HISTORICAL_FINAL256_OBSERVED,add_sub_solvable,PZ1-FINAL-0203,1,32,32
PPO29,29,HISTORICAL_FINAL256_OBSERVED,requires_mul_or_div,PZ1-FINAL-0204,0,0,32
PPO29,29,HISTORICAL_FINAL256_OBSERVED,add_sub_solvable,PZ1-FINAL-0205,1,31,32
PPO29,29,HISTORICAL_FINAL256_OBSERVED,requires_mul_or_div,PZ1-FINAL-0206,0,0,32
PPO29,29,HISTORICAL_FINAL256_OBSERVED,add_sub_solvable,PZ1-FINAL-0207,1,30,32
PPO29,29,HISTORICAL_FINAL256_OBSERVED,requires_mul_or_div,PZ1-FINAL-0208,0,0,32
PPO29,29,HISTORICAL_FINAL256_OBSERVED,add_sub_solvable,PZ1-FINAL-0209,0,13,32
PPO29,29,HISTORICAL_FINAL256_OBSERVED,requires_mul_or_div,PZ1-FINAL-0210,0,0,32
PPO29,29,HISTORICAL_FINAL256_OBSERVED,add_sub_solvable,PZ1-FINAL-0211,0,11,32
PPO29,29,HISTORICAL_FINAL256_OBSERVED,requires_mul_or_div,PZ1-FINAL-0212,0,0,32
PPO29,29,HISTORICAL_FINAL256_OBSERVED,add_sub_solvable,PZ1-FINAL-0213,1,27,32
PPO29,29,HISTORICAL_FINAL256_OBSERVED,requires_mul_or_div,PZ1-FINAL-0214,0,0,32
PPO29,29,HISTORICAL_FINAL256_OBSERVED,add_sub_solvable,PZ1-FINAL-0215,0,0,32
PPO29,29,HISTORICAL_FINAL256_OBSERVED,requires_mul_or_div,PZ1-FINAL-0216,0,0,32
PPO29,29,HISTORICAL_FINAL256_OBSERVED,add_sub_solvable,PZ1-FINAL-0217,0,0,32
PPO29,29,HISTORICAL_FINAL256_OBSERVED,requires_mul_or_div,PZ1-FINAL-0218,0,5,32
PPO29,29,HISTORICAL_FINAL256_OBSERVED,add_sub_solvable,PZ1-FINAL-0219,0,10,32
PPO29,29,HISTORICAL_FINAL256_OBSERVED,requires_mul_or_div,PZ1-FINAL-0220,0,0,32
PPO29,29,HISTORICAL_FINAL256_OBSERVED,add_sub_solvable,PZ1-FINAL-0221,1,31,32
PPO29,29,HISTORICAL_FINAL256_OBSERVED,requires_mul_or_div,PZ1-FINAL-0222,1,7,32
PPO29,29,HISTORICAL_FINAL256_OBSERVED,add_sub_solvable,PZ1-FINAL-0223,1,32,32
PPO29,29,HISTORICAL_FINAL256_OBSERVED,requires_mul_or_div,PZ1-FINAL-0224,0,0,32
PPO29,29,HISTORICAL_FINAL256_OBSERVED,add_sub_solvable,PZ1-FINAL-0225,1,32,32
PPO29,29,HISTORICAL_FINAL256_OBSERVED,requires_mul_or_div,PZ1-FINAL-0226,0,0,32
PPO29,29,HISTORICAL_FINAL256_OBSERVED,add_sub_solvable,PZ1-FINAL-0227,0,0,32
PPO29,29,HISTORICAL_FINAL256_OBSERVED,requires_mul_or_div,PZ1-FINAL-0228,0,0,32
PPO29,29,HISTORICAL_FINAL256_OBSERVED,add_sub_solvable,PZ1-FINAL-0229,0,4,32
PPO29,29,HISTORICAL_FINAL256_OBSERVED,requires_mul_or_div,PZ1-FINAL-0230,0,1,32
PPO29,29,HISTORICAL_FINAL256_OBSERVED,add_sub_solvable,PZ1-FINAL-0231,0,3,32
PPO29,29,HISTORICAL_FINAL256_OBSERVED,requires_mul_or_div,PZ1-FINAL-0232,0,6,32
PPO29,29,HISTORICAL_FINAL256_OBSERVED,add_sub_solvable,PZ1-FINAL-0233,1,31,32
PPO29,29,HISTORICAL_FINAL256_OBSERVED,requires_mul_or_div,PZ1-FINAL-0234,0,0,32
PPO29,29,HISTORICAL_FINAL256_OBSERVED,add_sub_solvable,PZ1-FINAL-0235,1,32,32
PPO29,29,HISTORICAL_FINAL256_OBSERVED,requires_mul_or_div,PZ1-FINAL-0236,0,0,32
PPO29,29,HISTORICAL_FINAL256_OBSERVED,add_sub_solvable,PZ1-FINAL-0237,0,2,32
PPO29,29,HISTORICAL_FINAL256_OBSERVED,requires_mul_or_div,PZ1-FINAL-0238,0,3,32
PPO29,29,HISTORICAL_FINAL256_OBSERVED,add_sub_solvable,PZ1-FINAL-0239,0,5,32
PPO29,29,HISTORICAL_FINAL256_OBSERVED,requires_mul_or_div,PZ1-FINAL-0240,0,0,32
PPO29,29,HISTORICAL_FINAL256_OBSERVED,add_sub_solvable,PZ1-FINAL-0241,1,30,32
PPO29,29,HISTORICAL_FINAL256_OBSERVED,requires_mul_or_div,PZ1-FINAL-0242,0,0,32
PPO29,29,HISTORICAL_FINAL256_OBSERVED,add_sub_solvable,PZ1-FINAL-0243,1,30,32
PPO29,29,HISTORICAL_FINAL256_OBSERVED,requires_mul_or_div,PZ1-FINAL-0244,0,0,32
PPO29,29,HISTORICAL_FINAL256_OBSERVED,add_sub_solvable,PZ1-FINAL-0245,1,21,32
PPO29,29,HISTORICAL_FINAL256_OBSERVED,requires_mul_or_div,PZ1-FINAL-0246,0,0,32
PPO29,29,HISTORICAL_FINAL256_OBSERVED,add_sub_solvable,PZ1-FINAL-0247,0,10,32
PPO29,29,HISTORICAL_FINAL256_OBSERVED,requires_mul_or_div,PZ1-FINAL-0248,0,0,32
PPO29,29,HISTORICAL_FINAL256_OBSERVED,add_sub_solvable,PZ1-FINAL-0249,1,30,32
PPO29,29,HISTORICAL_FINAL256_OBSERVED,requires_mul_or_div,PZ1-FINAL-0250,0,0,32
PPO29,29,HISTORICAL_FINAL256_OBSERVED,add_sub_solvable,PZ1-FINAL-0251,0,0,32
PPO29,29,HISTORICAL_FINAL256_OBSERVED,requires_mul_or_div,PZ1-FINAL-0252,0,0,32
PPO29,29,HISTORICAL_FINAL256_OBSERVED,add_sub_solvable,PZ1-FINAL-0253,1,24,32
PPO29,29,HISTORICAL_FINAL256_OBSERVED,requires_mul_or_div,PZ1-FINAL-0254,0,0,32
PPO29,29,HISTORICAL_FINAL256_OBSERVED,add_sub_solvable,PZ1-FINAL-0255,0,7,32
PPO29,29,HISTORICAL_FINAL256_OBSERVED,requires_mul_or_div,PZ1-FINAL-0256,0,1,32
PPO29,29,CONFIRM128_RESERVED,add_sub_solvable,PZ2-CONFIRM-0001,1,32,32
PPO29,29,CONFIRM128_RESERVED,requires_mul_or_div,PZ2-CONFIRM-0002,0,0,32
PPO29,29,CONFIRM128_RESERVED,add_sub_solvable,PZ2-CONFIRM-0003,0,4,32
PPO29,29,CONFIRM128_RESERVED,requires_mul_or_div,PZ2-CONFIRM-0004,0,0,32
PPO29,29,CONFIRM128_RESERVED,add_sub_solvable,PZ2-CONFIRM-0005,0,0,32
PPO29,29,CONFIRM128_RESERVED,requires_mul_or_div,PZ2-CONFIRM-0006,1,27,32
PPO29,29,CONFIRM128_RESERVED,add_sub_solvable,PZ2-CONFIRM-0007,1,22,32
PPO29,29,CONFIRM128_RESERVED,requires_mul_or_div,PZ2-CONFIRM-0008,0,0,32
PPO29,29,CONFIRM128_RESERVED,add_sub_solvable,PZ2-CONFIRM-0009,1,32,32
PPO29,29,CONFIRM128_RESERVED,requires_mul_or_div,PZ2-CONFIRM-0010,0,0,32
PPO29,29,CONFIRM128_RESERVED,add_sub_solvable,PZ2-CONFIRM-0011,0,0,32
PPO29,29,CONFIRM128_RESERVED,requires_mul_or_div,PZ2-CONFIRM-0012,0,0,32
PPO29,29,CONFIRM128_RESERVED,add_sub_solvable,PZ2-CONFIRM-0013,1,32,32
PPO29,29,CONFIRM128_RESERVED,requires_mul_or_div,PZ2-CONFIRM-0014,0,0,32
PPO29,29,CONFIRM128_RESERVED,add_sub_solvable,PZ2-CONFIRM-0015,1,32,32
PPO29,29,CONFIRM128_RESERVED,requires_mul_or_div,PZ2-CONFIRM-0016,0,0,32
PPO29,29,CONFIRM128_RESERVED,add_sub_solvable,PZ2-CONFIRM-0017,1,32,32
PPO29,29,CONFIRM128_RESERVED,requires_mul_or_div,PZ2-CONFIRM-0018,0,0,32
PPO29,29,CONFIRM128_RESERVED,add_sub_solvable,PZ2-CONFIRM-0019,0,0,32
PPO29,29,CONFIRM128_RESERVED,requires_mul_or_div,PZ2-CONFIRM-0020,0,0,32
PPO29,29,CONFIRM128_RESERVED,add_sub_solvable,PZ2-CONFIRM-0021,1,27,32
PPO29,29,CONFIRM128_RESERVED,requires_mul_or_div,PZ2-CONFIRM-0022,0,0,32
PPO29,29,CONFIRM128_RESERVED,add_sub_solvable,PZ2-CONFIRM-0023,1,30,32
PPO29,29,CONFIRM128_RESERVED,requires_mul_or_div,PZ2-CONFIRM-0024,0,0,32
PPO29,29,CONFIRM128_RESERVED,add_sub_solvable,PZ2-CONFIRM-0025,0,1,32
PPO29,29,CONFIRM128_RESERVED,requires_mul_or_div,PZ2-CONFIRM-0026,0,0,32
PPO29,29,CONFIRM128_RESERVED,add_sub_solvable,PZ2-CONFIRM-0027,0,7,32
PPO29,29,CONFIRM128_RESERVED,requires_mul_or_div,PZ2-CONFIRM-0028,0,0,32
PPO29,29,CONFIRM128_RESERVED,add_sub_solvable,PZ2-CONFIRM-0029,1,32,32
PPO29,29,CONFIRM128_RESERVED,requires_mul_or_div,PZ2-CONFIRM-0030,0,0,32
PPO29,29,CONFIRM128_RESERVED,add_sub_solvable,PZ2-CONFIRM-0031,1,32,32
PPO29,29,CONFIRM128_RESERVED,requires_mul_or_div,PZ2-CONFIRM-0032,0,0,32
PPO29,29,CONFIRM128_RESERVED,add_sub_solvable,PZ2-CONFIRM-0033,1,26,32
PPO29,29,CONFIRM128_RESERVED,requires_mul_or_div,PZ2-CONFIRM-0034,0,0,32
PPO29,29,CONFIRM128_RESERVED,add_sub_solvable,PZ2-CONFIRM-0035,1,20,32
PPO29,29,CONFIRM128_RESERVED,requires_mul_or_div,PZ2-CONFIRM-0036,0,0,32
PPO29,29,CONFIRM128_RESERVED,add_sub_solvable,PZ2-CONFIRM-0037,1,31,32
PPO29,29,CONFIRM128_RESERVED,requires_mul_or_div,PZ2-CONFIRM-0038,0,0,32
PPO29,29,CONFIRM128_RESERVED,add_sub_solvable,PZ2-CONFIRM-0039,0,0,32
PPO29,29,CONFIRM128_RESERVED,requires_mul_or_div,PZ2-CONFIRM-0040,0,0,32
PPO29,29,CONFIRM128_RESERVED,add_sub_solvable,PZ2-CONFIRM-0041,1,32,32
PPO29,29,CONFIRM128_RESERVED,requires_mul_or_div,PZ2-CONFIRM-0042,0,0,32
PPO29,29,CONFIRM128_RESERVED,add_sub_solvable,PZ2-CONFIRM-0043,1,31,32
PPO29,29,CONFIRM128_RESERVED,requires_mul_or_div,PZ2-CONFIRM-0044,0,0,32
PPO29,29,CONFIRM128_RESERVED,add_sub_solvable,PZ2-CONFIRM-0045,0,0,32
PPO29,29,CONFIRM128_RESERVED,requires_mul_or_div,PZ2-CONFIRM-0046,0,1,32
PPO29,29,CONFIRM128_RESERVED,add_sub_solvable,PZ2-CONFIRM-0047,0,3,32
PPO29,29,CONFIRM128_RESERVED,requires_mul_or_div,PZ2-CONFIRM-0048,0,0,32
PPO29,29,CONFIRM128_RESERVED,add_sub_solvable,PZ2-CONFIRM-0049,1,31,32
PPO29,29,CONFIRM128_RESERVED,requires_mul_or_div,PZ2-CONFIRM-0050,0,0,32
PPO29,29,CONFIRM128_RESERVED,add_sub_solvable,PZ2-CONFIRM-0051,0,10,32
PPO29,29,CONFIRM128_RESERVED,requires_mul_or_div,PZ2-CONFIRM-0052,0,0,32
PPO29,29,CONFIRM128_RESERVED,add_sub_solvable,PZ2-CONFIRM-0053,1,32,32
PPO29,29,CONFIRM128_RESERVED,requires_mul_or_div,PZ2-CONFIRM-0054,0,0,32
PPO29,29,CONFIRM128_RESERVED,add_sub_solvable,PZ2-CONFIRM-0055,1,31,32
PPO29,29,CONFIRM128_RESERVED,requires_mul_or_div,PZ2-CONFIRM-0056,1,29,32
PPO29,29,CONFIRM128_RESERVED,add_sub_solvable,PZ2-CONFIRM-0057,0,7,32
PPO29,29,CONFIRM128_RESERVED,requires_mul_or_div,PZ2-CONFIRM-0058,0,0,32
PPO29,29,CONFIRM128_RESERVED,add_sub_solvable,PZ2-CONFIRM-0059,1,27,32
PPO29,29,CONFIRM128_RESERVED,requires_mul_or_div,PZ2-CONFIRM-0060,0,0,32
PPO29,29,CONFIRM128_RESERVED,add_sub_solvable,PZ2-CONFIRM-0061,1,16,32
PPO29,29,CONFIRM128_RESERVED,requires_mul_or_div,PZ2-CONFIRM-0062,0,0,32
PPO29,29,CONFIRM128_RESERVED,add_sub_solvable,PZ2-CONFIRM-0063,0,5,32
PPO29,29,CONFIRM128_RESERVED,requires_mul_or_div,PZ2-CONFIRM-0064,0,0,32
PPO29,29,CONFIRM128_RESERVED,add_sub_solvable,PZ2-CONFIRM-0065,0,0,32
PPO29,29,CONFIRM128_RESERVED,requires_mul_or_div,PZ2-CONFIRM-0066,0,0,32
PPO29,29,CONFIRM128_RESERVED,add_sub_solvable,PZ2-CONFIRM-0067,0,0,32
PPO29,29,CONFIRM128_RESERVED,requires_mul_or_div,PZ2-CONFIRM-0068,0,1,32
PPO29,29,CONFIRM128_RESERVED,add_sub_solvable,PZ2-CONFIRM-0069,1,32,32
PPO29,29,CONFIRM128_RESERVED,requires_mul_or_div,PZ2-CONFIRM-0070,0,0,32
PPO29,29,CONFIRM128_RESERVED,add_sub_solvable,PZ2-CONFIRM-0071,1,32,32
PPO29,29,CONFIRM128_RESERVED,requires_mul_or_div,PZ2-CONFIRM-0072,0,0,32
PPO29,29,CONFIRM128_RESERVED,add_sub_solvable,PZ2-CONFIRM-0073,1,21,32
PPO29,29,CONFIRM128_RESERVED,requires_mul_or_div,PZ2-CONFIRM-0074,0,0,32
PPO29,29,CONFIRM128_RESERVED,add_sub_solvable,PZ2-CONFIRM-0075,1,20,32
PPO29,29,CONFIRM128_RESERVED,requires_mul_or_div,PZ2-CONFIRM-0076,0,0,32
PPO29,29,CONFIRM128_RESERVED,add_sub_solvable,PZ2-CONFIRM-0077,0,3,32
PPO29,29,CONFIRM128_RESERVED,requires_mul_or_div,PZ2-CONFIRM-0078,0,1,32
PPO29,29,CONFIRM128_RESERVED,add_sub_solvable,PZ2-CONFIRM-0079,0,0,32
PPO29,29,CONFIRM128_RESERVED,requires_mul_or_div,PZ2-CONFIRM-0080,0,0,32
PPO29,29,CONFIRM128_RESERVED,add_sub_solvable,PZ2-CONFIRM-0081,0,10,32
PPO29,29,CONFIRM128_RESERVED,requires_mul_or_div,PZ2-CONFIRM-0082,0,0,32
PPO29,29,CONFIRM128_RESERVED,add_sub_solvable,PZ2-CONFIRM-0083,1,32,32
PPO29,29,CONFIRM128_RESERVED,requires_mul_or_div,PZ2-CONFIRM-0084,0,0,32
PPO29,29,CONFIRM128_RESERVED,add_sub_solvable,PZ2-CONFIRM-0085,1,32,32
PPO29,29,CONFIRM128_RESERVED,requires_mul_or_div,PZ2-CONFIRM-0086,0,0,32
PPO29,29,CONFIRM128_RESERVED,add_sub_solvable,PZ2-CONFIRM-0087,0,8,32
PPO29,29,CONFIRM128_RESERVED,requires_mul_or_div,PZ2-CONFIRM-0088,0,0,32
PPO29,29,CONFIRM128_RESERVED,add_sub_solvable,PZ2-CONFIRM-0089,1,30,32
PPO29,29,CONFIRM128_RESERVED,requires_mul_or_div,PZ2-CONFIRM-0090,0,1,32
PPO29,29,CONFIRM128_RESERVED,add_sub_solvable,PZ2-CONFIRM-0091,1,23,32
PPO29,29,CONFIRM128_RESERVED,requires_mul_or_div,PZ2-CONFIRM-0092,0,0,32
PPO29,29,CONFIRM128_RESERVED,add_sub_solvable,PZ2-CONFIRM-0093,0,1,32
PPO29,29,CONFIRM128_RESERVED,requires_mul_or_div,PZ2-CONFIRM-0094,0,0,32
PPO29,29,CONFIRM128_RESERVED,add_sub_solvable,PZ2-CONFIRM-0095,1,32,32
PPO29,29,CONFIRM128_RESERVED,requires_mul_or_div,PZ2-CONFIRM-0096,0,0,32
PPO29,29,CONFIRM128_RESERVED,add_sub_solvable,PZ2-CONFIRM-0097,0,0,32
PPO29,29,CONFIRM128_RESERVED,requires_mul_or_div,PZ2-CONFIRM-0098,0,0,32
PPO29,29,CONFIRM128_RESERVED,add_sub_solvable,PZ2-CONFIRM-0099,1,31,32
PPO29,29,CONFIRM128_RESERVED,requires_mul_or_div,PZ2-CONFIRM-0100,0,0,32
PPO29,29,CONFIRM128_RESERVED,add_sub_solvable,PZ2-CONFIRM-0101,0,0,32
PPO29,29,CONFIRM128_RESERVED,requires_mul_or_div,PZ2-CONFIRM-0102,0,1,32
PPO29,29,CONFIRM128_RESERVED,add_sub_solvable,PZ2-CONFIRM-0103,1,27,32
PPO29,29,CONFIRM128_RESERVED,requires_mul_or_div,PZ2-CONFIRM-0104,0,9,32
PPO29,29,CONFIRM128_RESERVED,add_sub_solvable,PZ2-CONFIRM-0105,0,3,32
PPO29,29,CONFIRM128_RESERVED,requires_mul_or_div,PZ2-CONFIRM-0106,0,0,32
PPO29,29,CONFIRM128_RESERVED,add_sub_solvable,PZ2-CONFIRM-0107,0,0,32
PPO29,29,CONFIRM128_RESERVED,requires_mul_or_div,PZ2-CONFIRM-0108,0,0,32
PPO29,29,CONFIRM128_RESERVED,add_sub_solvable,PZ2-CONFIRM-0109,1,32,32
PPO29,29,CONFIRM128_RESERVED,requires_mul_or_div,PZ2-CONFIRM-0110,1,22,32
PPO29,29,CONFIRM128_RESERVED,add_sub_solvable,PZ2-CONFIRM-0111,0,0,32
PPO29,29,CONFIRM128_RESERVED,requires_mul_or_div,PZ2-CONFIRM-0112,0,0,32
PPO29,29,CONFIRM128_RESERVED,add_sub_solvable,PZ2-CONFIRM-0113,1,12,32
PPO29,29,CONFIRM128_RESERVED,requires_mul_or_div,PZ2-CONFIRM-0114,0,0,32
PPO29,29,CONFIRM128_RESERVED,add_sub_solvable,PZ2-CONFIRM-0115,0,0,32
PPO29,29,CONFIRM128_RESERVED,requires_mul_or_div,PZ2-CONFIRM-0116,0,0,32
PPO29,29,CONFIRM128_RESERVED,add_sub_solvable,PZ2-CONFIRM-0117,0,0,32
PPO29,29,CONFIRM128_RESERVED,requires_mul_or_div,PZ2-CONFIRM-0118,0,0,32
PPO29,29,CONFIRM128_RESERVED,add_sub_solvable,PZ2-CONFIRM-0119,0,6,32
PPO29,29,CONFIRM128_RESERVED,requires_mul_or_div,PZ2-CONFIRM-0120,0,0,32
PPO29,29,CONFIRM128_RESERVED,add_sub_solvable,PZ2-CONFIRM-0121,1,32,32
PPO29,29,CONFIRM128_RESERVED,requires_mul_or_div,PZ2-CONFIRM-0122,0,0,32
PPO29,29,CONFIRM128_RESERVED,add_sub_solvable,PZ2-CONFIRM-0123,1,20,32
PPO29,29,CONFIRM128_RESERVED,requires_mul_or_div,PZ2-CONFIRM-0124,0,0,32
PPO29,29,CONFIRM128_RESERVED,add_sub_solvable,PZ2-CONFIRM-0125,0,1,32
PPO29,29,CONFIRM128_RESERVED,requires_mul_or_div,PZ2-CONFIRM-0126,1,18,32
PPO29,29,CONFIRM128_RESERVED,add_sub_solvable,PZ2-CONFIRM-0127,1,32,32
PPO29,29,CONFIRM128_RESERVED,requires_mul_or_div,PZ2-CONFIRM-0128,0,0,32
GRPO29,29,HISTORICAL_FINAL256_OBSERVED,add_sub_solvable,PZ1-FINAL-0001,0,0,32
GRPO29,29,HISTORICAL_FINAL256_OBSERVED,requires_mul_or_div,PZ1-FINAL-0002,0,0,32
GRPO29,29,HISTORICAL_FINAL256_OBSERVED,add_sub_solvable,PZ1-FINAL-0003,1,10,32
GRPO29,29,HISTORICAL_FINAL256_OBSERVED,requires_mul_or_div,PZ1-FINAL-0004,0,0,32
GRPO29,29,HISTORICAL_FINAL256_OBSERVED,add_sub_solvable,PZ1-FINAL-0005,1,32,32
GRPO29,29,HISTORICAL_FINAL256_OBSERVED,requires_mul_or_div,PZ1-FINAL-0006,0,0,32
GRPO29,29,HISTORICAL_FINAL256_OBSERVED,add_sub_solvable,PZ1-FINAL-0007,0,0,32
GRPO29,29,HISTORICAL_FINAL256_OBSERVED,requires_mul_or_div,PZ1-FINAL-0008,0,0,32
GRPO29,29,HISTORICAL_FINAL256_OBSERVED,add_sub_solvable,PZ1-FINAL-0009,0,0,32
GRPO29,29,HISTORICAL_FINAL256_OBSERVED,requires_mul_or_div,PZ1-FINAL-0010,0,0,32
GRPO29,29,HISTORICAL_FINAL256_OBSERVED,add_sub_solvable,PZ1-FINAL-0011,1,31,32
GRPO29,29,HISTORICAL_FINAL256_OBSERVED,requires_mul_or_div,PZ1-FINAL-0012,0,0,32
GRPO29,29,HISTORICAL_FINAL256_OBSERVED,add_sub_solvable,PZ1-FINAL-0013,0,1,32
GRPO29,29,HISTORICAL_FINAL256_OBSERVED,requires_mul_or_div,PZ1-FINAL-0014,0,8,32
GRPO29,29,HISTORICAL_FINAL256_OBSERVED,add_sub_solvable,PZ1-FINAL-0015,1,28,32
GRPO29,29,HISTORICAL_FINAL256_OBSERVED,requires_mul_or_div,PZ1-FINAL-0016,0,3,32
GRPO29,29,HISTORICAL_FINAL256_OBSERVED,add_sub_solvable,PZ1-FINAL-0017,1,28,32
GRPO29,29,HISTORICAL_FINAL256_OBSERVED,requires_mul_or_div,PZ1-FINAL-0018,0,0,32
GRPO29,29,HISTORICAL_FINAL256_OBSERVED,add_sub_solvable,PZ1-FINAL-0019,1,28,32
GRPO29,29,HISTORICAL_FINAL256_OBSERVED,requires_mul_or_div,PZ1-FINAL-0020,0,2,32
GRPO29,29,HISTORICAL_FINAL256_OBSERVED,add_sub_solvable,PZ1-FINAL-0021,1,17,32
GRPO29,29,HISTORICAL_FINAL256_OBSERVED,requires_mul_or_div,PZ1-FINAL-0022,1,10,32
GRPO29,29,HISTORICAL_FINAL256_OBSERVED,add_sub_solvable,PZ1-FINAL-0023,0,4,32
GRPO29,29,HISTORICAL_FINAL256_OBSERVED,requires_mul_or_div,PZ1-FINAL-0024,0,1,32
GRPO29,29,HISTORICAL_FINAL256_OBSERVED,add_sub_solvable,PZ1-FINAL-0025,0,7,32
GRPO29,29,HISTORICAL_FINAL256_OBSERVED,requires_mul_or_div,PZ1-FINAL-0026,0,0,32
GRPO29,29,HISTORICAL_FINAL256_OBSERVED,add_sub_solvable,PZ1-FINAL-0027,0,6,32
GRPO29,29,HISTORICAL_FINAL256_OBSERVED,requires_mul_or_div,PZ1-FINAL-0028,0,0,32
GRPO29,29,HISTORICAL_FINAL256_OBSERVED,add_sub_solvable,PZ1-FINAL-0029,1,27,32
GRPO29,29,HISTORICAL_FINAL256_OBSERVED,requires_mul_or_div,PZ1-FINAL-0030,0,0,32
GRPO29,29,HISTORICAL_FINAL256_OBSERVED,add_sub_solvable,PZ1-FINAL-0031,0,10,32
GRPO29,29,HISTORICAL_FINAL256_OBSERVED,requires_mul_or_div,PZ1-FINAL-0032,0,4,32
GRPO29,29,HISTORICAL_FINAL256_OBSERVED,add_sub_solvable,PZ1-FINAL-0033,1,32,32
GRPO29,29,HISTORICAL_FINAL256_OBSERVED,requires_mul_or_div,PZ1-FINAL-0034,0,1,32
GRPO29,29,HISTORICAL_FINAL256_OBSERVED,add_sub_solvable,PZ1-FINAL-0035,1,24,32
GRPO29,29,HISTORICAL_FINAL256_OBSERVED,requires_mul_or_div,PZ1-FINAL-0036,0,0,32
GRPO29,29,HISTORICAL_FINAL256_OBSERVED,add_sub_solvable,PZ1-FINAL-0037,1,28,32
GRPO29,29,HISTORICAL_FINAL256_OBSERVED,requires_mul_or_div,PZ1-FINAL-0038,1,14,32
GRPO29,29,HISTORICAL_FINAL256_OBSERVED,add_sub_solvable,PZ1-FINAL-0039,1,22,32
GRPO29,29,HISTORICAL_FINAL256_OBSERVED,requires_mul_or_div,PZ1-FINAL-0040,0,1,32
GRPO29,29,HISTORICAL_FINAL256_OBSERVED,add_sub_solvable,PZ1-FINAL-0041,1,10,32
GRPO29,29,HISTORICAL_FINAL256_OBSERVED,requires_mul_or_div,PZ1-FINAL-0042,0,0,32
GRPO29,29,HISTORICAL_FINAL256_OBSERVED,add_sub_solvable,PZ1-FINAL-0043,1,28,32
GRPO29,29,HISTORICAL_FINAL256_OBSERVED,requires_mul_or_div,PZ1-FINAL-0044,0,0,32
GRPO29,29,HISTORICAL_FINAL256_OBSERVED,add_sub_solvable,PZ1-FINAL-0045,1,29,32
GRPO29,29,HISTORICAL_FINAL256_OBSERVED,requires_mul_or_div,PZ1-FINAL-0046,0,11,32
GRPO29,29,HISTORICAL_FINAL256_OBSERVED,add_sub_solvable,PZ1-FINAL-0047,1,30,32
GRPO29,29,HISTORICAL_FINAL256_OBSERVED,requires_mul_or_div,PZ1-FINAL-0048,0,0,32
GRPO29,29,HISTORICAL_FINAL256_OBSERVED,add_sub_solvable,PZ1-FINAL-0049,0,5,32
GRPO29,29,HISTORICAL_FINAL256_OBSERVED,requires_mul_or_div,PZ1-FINAL-0050,1,18,32
GRPO29,29,HISTORICAL_FINAL256_OBSERVED,add_sub_solvable,PZ1-FINAL-0051,0,1,32
GRPO29,29,HISTORICAL_FINAL256_OBSERVED,requires_mul_or_div,PZ1-FINAL-0052,1,23,32
GRPO29,29,HISTORICAL_FINAL256_OBSERVED,add_sub_solvable,PZ1-FINAL-0053,1,32,32
GRPO29,29,HISTORICAL_FINAL256_OBSERVED,requires_mul_or_div,PZ1-FINAL-0054,0,0,32
GRPO29,29,HISTORICAL_FINAL256_OBSERVED,add_sub_solvable,PZ1-FINAL-0055,0,10,32
GRPO29,29,HISTORICAL_FINAL256_OBSERVED,requires_mul_or_div,PZ1-FINAL-0056,1,22,32
GRPO29,29,HISTORICAL_FINAL256_OBSERVED,add_sub_solvable,PZ1-FINAL-0057,0,0,32
GRPO29,29,HISTORICAL_FINAL256_OBSERVED,requires_mul_or_div,PZ1-FINAL-0058,0,0,32
GRPO29,29,HISTORICAL_FINAL256_OBSERVED,add_sub_solvable,PZ1-FINAL-0059,1,32,32
GRPO29,29,HISTORICAL_FINAL256_OBSERVED,requires_mul_or_div,PZ1-FINAL-0060,0,3,32
GRPO29,29,HISTORICAL_FINAL256_OBSERVED,add_sub_solvable,PZ1-FINAL-0061,1,30,32
GRPO29,29,HISTORICAL_FINAL256_OBSERVED,requires_mul_or_div,PZ1-FINAL-0062,0,4,32
GRPO29,29,HISTORICAL_FINAL256_OBSERVED,add_sub_solvable,PZ1-FINAL-0063,1,29,32
GRPO29,29,HISTORICAL_FINAL256_OBSERVED,requires_mul_or_div,PZ1-FINAL-0064,0,0,32
GRPO29,29,HISTORICAL_FINAL256_OBSERVED,add_sub_solvable,PZ1-FINAL-0065,0,13,32
GRPO29,29,HISTORICAL_FINAL256_OBSERVED,requires_mul_or_div,PZ1-FINAL-0066,0,0,32
GRPO29,29,HISTORICAL_FINAL256_OBSERVED,add_sub_solvable,PZ1-FINAL-0067,0,8,32
GRPO29,29,HISTORICAL_FINAL256_OBSERVED,requires_mul_or_div,PZ1-FINAL-0068,0,0,32
GRPO29,29,HISTORICAL_FINAL256_OBSERVED,add_sub_solvable,PZ1-FINAL-0069,1,16,32
GRPO29,29,HISTORICAL_FINAL256_OBSERVED,requires_mul_or_div,PZ1-FINAL-0070,0,0,32
GRPO29,29,HISTORICAL_FINAL256_OBSERVED,add_sub_solvable,PZ1-FINAL-0071,1,31,32
GRPO29,29,HISTORICAL_FINAL256_OBSERVED,requires_mul_or_div,PZ1-FINAL-0072,0,0,32
GRPO29,29,HISTORICAL_FINAL256_OBSERVED,add_sub_solvable,PZ1-FINAL-0073,1,23,32
GRPO29,29,HISTORICAL_FINAL256_OBSERVED,requires_mul_or_div,PZ1-FINAL-0074,0,0,32
GRPO29,29,HISTORICAL_FINAL256_OBSERVED,add_sub_solvable,PZ1-FINAL-0075,1,20,32
GRPO29,29,HISTORICAL_FINAL256_OBSERVED,requires_mul_or_div,PZ1-FINAL-0076,0,5,32
GRPO29,29,HISTORICAL_FINAL256_OBSERVED,add_sub_solvable,PZ1-FINAL-0077,1,29,32
GRPO29,29,HISTORICAL_FINAL256_OBSERVED,requires_mul_or_div,PZ1-FINAL-0078,1,18,32
GRPO29,29,HISTORICAL_FINAL256_OBSERVED,add_sub_solvable,PZ1-FINAL-0079,0,0,32
GRPO29,29,HISTORICAL_FINAL256_OBSERVED,requires_mul_or_div,PZ1-FINAL-0080,0,0,32
GRPO29,29,HISTORICAL_FINAL256_OBSERVED,add_sub_solvable,PZ1-FINAL-0081,0,0,32
GRPO29,29,HISTORICAL_FINAL256_OBSERVED,requires_mul_or_div,PZ1-FINAL-0082,0,0,32
GRPO29,29,HISTORICAL_FINAL256_OBSERVED,add_sub_solvable,PZ1-FINAL-0083,1,32,32
GRPO29,29,HISTORICAL_FINAL256_OBSERVED,requires_mul_or_div,PZ1-FINAL-0084,0,0,32
GRPO29,29,HISTORICAL_FINAL256_OBSERVED,add_sub_solvable,PZ1-FINAL-0085,0,0,32
GRPO29,29,HISTORICAL_FINAL256_OBSERVED,requires_mul_or_div,PZ1-FINAL-0086,0,0,32
GRPO29,29,HISTORICAL_FINAL256_OBSERVED,add_sub_solvable,PZ1-FINAL-0087,1,28,32
GRPO29,29,HISTORICAL_FINAL256_OBSERVED,requires_mul_or_div,PZ1-FINAL-0088,0,0,32
GRPO29,29,HISTORICAL_FINAL256_OBSERVED,add_sub_solvable,PZ1-FINAL-0089,1,27,32
GRPO29,29,HISTORICAL_FINAL256_OBSERVED,requires_mul_or_div,PZ1-FINAL-0090,0,0,32
GRPO29,29,HISTORICAL_FINAL256_OBSERVED,add_sub_solvable,PZ1-FINAL-0091,1,32,32
GRPO29,29,HISTORICAL_FINAL256_OBSERVED,requires_mul_or_div,PZ1-FINAL-0092,0,2,32
GRPO29,29,HISTORICAL_FINAL256_OBSERVED,add_sub_solvable,PZ1-FINAL-0093,0,6,32
GRPO29,29,HISTORICAL_FINAL256_OBSERVED,requires_mul_or_div,PZ1-FINAL-0094,0,0,32
GRPO29,29,HISTORICAL_FINAL256_OBSERVED,add_sub_solvable,PZ1-FINAL-0095,1,31,32
GRPO29,29,HISTORICAL_FINAL256_OBSERVED,requires_mul_or_div,PZ1-FINAL-0096,0,0,32
GRPO29,29,HISTORICAL_FINAL256_OBSERVED,add_sub_solvable,PZ1-FINAL-0097,1,30,32
GRPO29,29,HISTORICAL_FINAL256_OBSERVED,requires_mul_or_div,PZ1-FINAL-0098,0,0,32
GRPO29,29,HISTORICAL_FINAL256_OBSERVED,add_sub_solvable,PZ1-FINAL-0099,0,0,32
GRPO29,29,HISTORICAL_FINAL256_OBSERVED,requires_mul_or_div,PZ1-FINAL-0100,0,7,32
GRPO29,29,HISTORICAL_FINAL256_OBSERVED,add_sub_solvable,PZ1-FINAL-0101,0,2,32
GRPO29,29,HISTORICAL_FINAL256_OBSERVED,requires_mul_or_div,PZ1-FINAL-0102,0,1,32
GRPO29,29,HISTORICAL_FINAL256_OBSERVED,add_sub_solvable,PZ1-FINAL-0103,0,1,32
GRPO29,29,HISTORICAL_FINAL256_OBSERVED,requires_mul_or_div,PZ1-FINAL-0104,0,0,32
GRPO29,29,HISTORICAL_FINAL256_OBSERVED,add_sub_solvable,PZ1-FINAL-0105,1,32,32
GRPO29,29,HISTORICAL_FINAL256_OBSERVED,requires_mul_or_div,PZ1-FINAL-0106,0,8,32
GRPO29,29,HISTORICAL_FINAL256_OBSERVED,add_sub_solvable,PZ1-FINAL-0107,0,12,32
GRPO29,29,HISTORICAL_FINAL256_OBSERVED,requires_mul_or_div,PZ1-FINAL-0108,0,10,32
GRPO29,29,HISTORICAL_FINAL256_OBSERVED,add_sub_solvable,PZ1-FINAL-0109,0,0,32
GRPO29,29,HISTORICAL_FINAL256_OBSERVED,requires_mul_or_div,PZ1-FINAL-0110,0,7,32
GRPO29,29,HISTORICAL_FINAL256_OBSERVED,add_sub_solvable,PZ1-FINAL-0111,1,23,32
GRPO29,29,HISTORICAL_FINAL256_OBSERVED,requires_mul_or_div,PZ1-FINAL-0112,0,0,32
GRPO29,29,HISTORICAL_FINAL256_OBSERVED,add_sub_solvable,PZ1-FINAL-0113,0,1,32
GRPO29,29,HISTORICAL_FINAL256_OBSERVED,requires_mul_or_div,PZ1-FINAL-0114,0,0,32
GRPO29,29,HISTORICAL_FINAL256_OBSERVED,add_sub_solvable,PZ1-FINAL-0115,1,18,32
GRPO29,29,HISTORICAL_FINAL256_OBSERVED,requires_mul_or_div,PZ1-FINAL-0116,0,0,32
GRPO29,29,HISTORICAL_FINAL256_OBSERVED,add_sub_solvable,PZ1-FINAL-0117,1,32,32
GRPO29,29,HISTORICAL_FINAL256_OBSERVED,requires_mul_or_div,PZ1-FINAL-0118,0,0,32
GRPO29,29,HISTORICAL_FINAL256_OBSERVED,add_sub_solvable,PZ1-FINAL-0119,1,31,32
GRPO29,29,HISTORICAL_FINAL256_OBSERVED,requires_mul_or_div,PZ1-FINAL-0120,0,2,32
GRPO29,29,HISTORICAL_FINAL256_OBSERVED,add_sub_solvable,PZ1-FINAL-0121,0,7,32
GRPO29,29,HISTORICAL_FINAL256_OBSERVED,requires_mul_or_div,PZ1-FINAL-0122,0,0,32
GRPO29,29,HISTORICAL_FINAL256_OBSERVED,add_sub_solvable,PZ1-FINAL-0123,1,31,32
GRPO29,29,HISTORICAL_FINAL256_OBSERVED,requires_mul_or_div,PZ1-FINAL-0124,1,26,32
GRPO29,29,HISTORICAL_FINAL256_OBSERVED,add_sub_solvable,PZ1-FINAL-0125,1,15,32
GRPO29,29,HISTORICAL_FINAL256_OBSERVED,requires_mul_or_div,PZ1-FINAL-0126,0,0,32
GRPO29,29,HISTORICAL_FINAL256_OBSERVED,add_sub_solvable,PZ1-FINAL-0127,1,18,32
GRPO29,29,HISTORICAL_FINAL256_OBSERVED,requires_mul_or_div,PZ1-FINAL-0128,0,0,32
GRPO29,29,HISTORICAL_FINAL256_OBSERVED,add_sub_solvable,PZ1-FINAL-0129,1,19,32
GRPO29,29,HISTORICAL_FINAL256_OBSERVED,requires_mul_or_div,PZ1-FINAL-0130,1,14,32
GRPO29,29,HISTORICAL_FINAL256_OBSERVED,add_sub_solvable,PZ1-FINAL-0131,1,17,32
GRPO29,29,HISTORICAL_FINAL256_OBSERVED,requires_mul_or_div,PZ1-FINAL-0132,0,0,32
GRPO29,29,HISTORICAL_FINAL256_OBSERVED,add_sub_solvable,PZ1-FINAL-0133,0,0,32
GRPO29,29,HISTORICAL_FINAL256_OBSERVED,requires_mul_or_div,PZ1-FINAL-0134,0,0,32
GRPO29,29,HISTORICAL_FINAL256_OBSERVED,add_sub_solvable,PZ1-FINAL-0135,0,9,32
GRPO29,29,HISTORICAL_FINAL256_OBSERVED,requires_mul_or_div,PZ1-FINAL-0136,0,0,32
GRPO29,29,HISTORICAL_FINAL256_OBSERVED,add_sub_solvable,PZ1-FINAL-0137,1,17,32
GRPO29,29,HISTORICAL_FINAL256_OBSERVED,requires_mul_or_div,PZ1-FINAL-0138,1,21,32
GRPO29,29,HISTORICAL_FINAL256_OBSERVED,add_sub_solvable,PZ1-FINAL-0139,0,14,32
GRPO29,29,HISTORICAL_FINAL256_OBSERVED,requires_mul_or_div,PZ1-FINAL-0140,0,2,32
GRPO29,29,HISTORICAL_FINAL256_OBSERVED,add_sub_solvable,PZ1-FINAL-0141,0,3,32
GRPO29,29,HISTORICAL_FINAL256_OBSERVED,requires_mul_or_div,PZ1-FINAL-0142,0,0,32
GRPO29,29,HISTORICAL_FINAL256_OBSERVED,add_sub_solvable,PZ1-FINAL-0143,0,3,32
GRPO29,29,HISTORICAL_FINAL256_OBSERVED,requires_mul_or_div,PZ1-FINAL-0144,0,0,32
GRPO29,29,HISTORICAL_FINAL256_OBSERVED,add_sub_solvable,PZ1-FINAL-0145,1,28,32
GRPO29,29,HISTORICAL_FINAL256_OBSERVED,requires_mul_or_div,PZ1-FINAL-0146,0,0,32
GRPO29,29,HISTORICAL_FINAL256_OBSERVED,add_sub_solvable,PZ1-FINAL-0147,1,23,32
GRPO29,29,HISTORICAL_FINAL256_OBSERVED,requires_mul_or_div,PZ1-FINAL-0148,1,23,32
GRPO29,29,HISTORICAL_FINAL256_OBSERVED,add_sub_solvable,PZ1-FINAL-0149,1,32,32
GRPO29,29,HISTORICAL_FINAL256_OBSERVED,requires_mul_or_div,PZ1-FINAL-0150,0,0,32
GRPO29,29,HISTORICAL_FINAL256_OBSERVED,add_sub_solvable,PZ1-FINAL-0151,0,6,32
GRPO29,29,HISTORICAL_FINAL256_OBSERVED,requires_mul_or_div,PZ1-FINAL-0152,0,0,32
GRPO29,29,HISTORICAL_FINAL256_OBSERVED,add_sub_solvable,PZ1-FINAL-0153,1,26,32
GRPO29,29,HISTORICAL_FINAL256_OBSERVED,requires_mul_or_div,PZ1-FINAL-0154,0,1,32
GRPO29,29,HISTORICAL_FINAL256_OBSERVED,add_sub_solvable,PZ1-FINAL-0155,1,30,32
GRPO29,29,HISTORICAL_FINAL256_OBSERVED,requires_mul_or_div,PZ1-FINAL-0156,0,0,32
GRPO29,29,HISTORICAL_FINAL256_OBSERVED,add_sub_solvable,PZ1-FINAL-0157,1,32,32
GRPO29,29,HISTORICAL_FINAL256_OBSERVED,requires_mul_or_div,PZ1-FINAL-0158,0,0,32
GRPO29,29,HISTORICAL_FINAL256_OBSERVED,add_sub_solvable,PZ1-FINAL-0159,1,29,32
GRPO29,29,HISTORICAL_FINAL256_OBSERVED,requires_mul_or_div,PZ1-FINAL-0160,0,0,32
GRPO29,29,HISTORICAL_FINAL256_OBSERVED,add_sub_solvable,PZ1-FINAL-0161,0,13,32
GRPO29,29,HISTORICAL_FINAL256_OBSERVED,requires_mul_or_div,PZ1-FINAL-0162,1,17,32
GRPO29,29,HISTORICAL_FINAL256_OBSERVED,add_sub_solvable,PZ1-FINAL-0163,1,30,32
GRPO29,29,HISTORICAL_FINAL256_OBSERVED,requires_mul_or_div,PZ1-FINAL-0164,0,1,32
GRPO29,29,HISTORICAL_FINAL256_OBSERVED,add_sub_solvable,PZ1-FINAL-0165,1,32,32
GRPO29,29,HISTORICAL_FINAL256_OBSERVED,requires_mul_or_div,PZ1-FINAL-0166,0,2,32
GRPO29,29,HISTORICAL_FINAL256_OBSERVED,add_sub_solvable,PZ1-FINAL-0167,1,13,32
GRPO29,29,HISTORICAL_FINAL256_OBSERVED,requires_mul_or_div,PZ1-FINAL-0168,0,0,32
GRPO29,29,HISTORICAL_FINAL256_OBSERVED,add_sub_solvable,PZ1-FINAL-0169,1,23,32
GRPO29,29,HISTORICAL_FINAL256_OBSERVED,requires_mul_or_div,PZ1-FINAL-0170,0,0,32
GRPO29,29,HISTORICAL_FINAL256_OBSERVED,add_sub_solvable,PZ1-FINAL-0171,1,32,32
GRPO29,29,HISTORICAL_FINAL256_OBSERVED,requires_mul_or_div,PZ1-FINAL-0172,0,0,32
GRPO29,29,HISTORICAL_FINAL256_OBSERVED,add_sub_solvable,PZ1-FINAL-0173,1,32,32
GRPO29,29,HISTORICAL_FINAL256_OBSERVED,requires_mul_or_div,PZ1-FINAL-0174,0,0,32
GRPO29,29,HISTORICAL_FINAL256_OBSERVED,add_sub_solvable,PZ1-FINAL-0175,1,30,32
GRPO29,29,HISTORICAL_FINAL256_OBSERVED,requires_mul_or_div,PZ1-FINAL-0176,0,0,32
GRPO29,29,HISTORICAL_FINAL256_OBSERVED,add_sub_solvable,PZ1-FINAL-0177,1,31,32
GRPO29,29,HISTORICAL_FINAL256_OBSERVED,requires_mul_or_div,PZ1-FINAL-0178,1,22,32
GRPO29,29,HISTORICAL_FINAL256_OBSERVED,add_sub_solvable,PZ1-FINAL-0179,1,20,32
GRPO29,29,HISTORICAL_FINAL256_OBSERVED,requires_mul_or_div,PZ1-FINAL-0180,0,0,32
GRPO29,29,HISTORICAL_FINAL256_OBSERVED,add_sub_solvable,PZ1-FINAL-0181,1,22,32
GRPO29,29,HISTORICAL_FINAL256_OBSERVED,requires_mul_or_div,PZ1-FINAL-0182,1,32,32
GRPO29,29,HISTORICAL_FINAL256_OBSERVED,add_sub_solvable,PZ1-FINAL-0183,0,8,32
GRPO29,29,HISTORICAL_FINAL256_OBSERVED,requires_mul_or_div,PZ1-FINAL-0184,0,4,32
GRPO29,29,HISTORICAL_FINAL256_OBSERVED,add_sub_solvable,PZ1-FINAL-0185,1,29,32
GRPO29,29,HISTORICAL_FINAL256_OBSERVED,requires_mul_or_div,PZ1-FINAL-0186,0,0,32
GRPO29,29,HISTORICAL_FINAL256_OBSERVED,add_sub_solvable,PZ1-FINAL-0187,1,28,32
GRPO29,29,HISTORICAL_FINAL256_OBSERVED,requires_mul_or_div,PZ1-FINAL-0188,0,0,32
GRPO29,29,HISTORICAL_FINAL256_OBSERVED,add_sub_solvable,PZ1-FINAL-0189,1,21,32
GRPO29,29,HISTORICAL_FINAL256_OBSERVED,requires_mul_or_div,PZ1-FINAL-0190,0,0,32
GRPO29,29,HISTORICAL_FINAL256_OBSERVED,add_sub_solvable,PZ1-FINAL-0191,1,17,32
GRPO29,29,HISTORICAL_FINAL256_OBSERVED,requires_mul_or_div,PZ1-FINAL-0192,0,3,32
GRPO29,29,HISTORICAL_FINAL256_OBSERVED,add_sub_solvable,PZ1-FINAL-0193,1,30,32
GRPO29,29,HISTORICAL_FINAL256_OBSERVED,requires_mul_or_div,PZ1-FINAL-0194,0,0,32
GRPO29,29,HISTORICAL_FINAL256_OBSERVED,add_sub_solvable,PZ1-FINAL-0195,1,14,32
GRPO29,29,HISTORICAL_FINAL256_OBSERVED,requires_mul_or_div,PZ1-FINAL-0196,0,0,32
GRPO29,29,HISTORICAL_FINAL256_OBSERVED,add_sub_solvable,PZ1-FINAL-0197,1,21,32
GRPO29,29,HISTORICAL_FINAL256_OBSERVED,requires_mul_or_div,PZ1-FINAL-0198,0,0,32
GRPO29,29,HISTORICAL_FINAL256_OBSERVED,add_sub_solvable,PZ1-FINAL-0199,1,32,32
GRPO29,29,HISTORICAL_FINAL256_OBSERVED,requires_mul_or_div,PZ1-FINAL-0200,0,0,32
GRPO29,29,HISTORICAL_FINAL256_OBSERVED,add_sub_solvable,PZ1-FINAL-0201,1,22,32
GRPO29,29,HISTORICAL_FINAL256_OBSERVED,requires_mul_or_div,PZ1-FINAL-0202,1,30,32
GRPO29,29,HISTORICAL_FINAL256_OBSERVED,add_sub_solvable,PZ1-FINAL-0203,1,32,32
GRPO29,29,HISTORICAL_FINAL256_OBSERVED,requires_mul_or_div,PZ1-FINAL-0204,0,0,32
GRPO29,29,HISTORICAL_FINAL256_OBSERVED,add_sub_solvable,PZ1-FINAL-0205,1,31,32
GRPO29,29,HISTORICAL_FINAL256_OBSERVED,requires_mul_or_div,PZ1-FINAL-0206,0,0,32
GRPO29,29,HISTORICAL_FINAL256_OBSERVED,add_sub_solvable,PZ1-FINAL-0207,1,18,32
GRPO29,29,HISTORICAL_FINAL256_OBSERVED,requires_mul_or_div,PZ1-FINAL-0208,0,0,32
GRPO29,29,HISTORICAL_FINAL256_OBSERVED,add_sub_solvable,PZ1-FINAL-0209,1,31,32
GRPO29,29,HISTORICAL_FINAL256_OBSERVED,requires_mul_or_div,PZ1-FINAL-0210,0,0,32
GRPO29,29,HISTORICAL_FINAL256_OBSERVED,add_sub_solvable,PZ1-FINAL-0211,0,0,32
GRPO29,29,HISTORICAL_FINAL256_OBSERVED,requires_mul_or_div,PZ1-FINAL-0212,0,0,32
GRPO29,29,HISTORICAL_FINAL256_OBSERVED,add_sub_solvable,PZ1-FINAL-0213,1,31,32
GRPO29,29,HISTORICAL_FINAL256_OBSERVED,requires_mul_or_div,PZ1-FINAL-0214,0,0,32
GRPO29,29,HISTORICAL_FINAL256_OBSERVED,add_sub_solvable,PZ1-FINAL-0215,0,3,32
GRPO29,29,HISTORICAL_FINAL256_OBSERVED,requires_mul_or_div,PZ1-FINAL-0216,0,0,32
GRPO29,29,HISTORICAL_FINAL256_OBSERVED,add_sub_solvable,PZ1-FINAL-0217,1,24,32
GRPO29,29,HISTORICAL_FINAL256_OBSERVED,requires_mul_or_div,PZ1-FINAL-0218,0,7,32
GRPO29,29,HISTORICAL_FINAL256_OBSERVED,add_sub_solvable,PZ1-FINAL-0219,1,28,32
GRPO29,29,HISTORICAL_FINAL256_OBSERVED,requires_mul_or_div,PZ1-FINAL-0220,0,0,32
GRPO29,29,HISTORICAL_FINAL256_OBSERVED,add_sub_solvable,PZ1-FINAL-0221,1,31,32
GRPO29,29,HISTORICAL_FINAL256_OBSERVED,requires_mul_or_div,PZ1-FINAL-0222,1,30,32
GRPO29,29,HISTORICAL_FINAL256_OBSERVED,add_sub_solvable,PZ1-FINAL-0223,1,31,32
GRPO29,29,HISTORICAL_FINAL256_OBSERVED,requires_mul_or_div,PZ1-FINAL-0224,0,0,32
GRPO29,29,HISTORICAL_FINAL256_OBSERVED,add_sub_solvable,PZ1-FINAL-0225,1,32,32
GRPO29,29,HISTORICAL_FINAL256_OBSERVED,requires_mul_or_div,PZ1-FINAL-0226,0,0,32
GRPO29,29,HISTORICAL_FINAL256_OBSERVED,add_sub_solvable,PZ1-FINAL-0227,1,20,32
GRPO29,29,HISTORICAL_FINAL256_OBSERVED,requires_mul_or_div,PZ1-FINAL-0228,0,0,32
GRPO29,29,HISTORICAL_FINAL256_OBSERVED,add_sub_solvable,PZ1-FINAL-0229,0,9,32
GRPO29,29,HISTORICAL_FINAL256_OBSERVED,requires_mul_or_div,PZ1-FINAL-0230,1,11,32
GRPO29,29,HISTORICAL_FINAL256_OBSERVED,add_sub_solvable,PZ1-FINAL-0231,1,27,32
GRPO29,29,HISTORICAL_FINAL256_OBSERVED,requires_mul_or_div,PZ1-FINAL-0232,0,2,32
GRPO29,29,HISTORICAL_FINAL256_OBSERVED,add_sub_solvable,PZ1-FINAL-0233,1,22,32
GRPO29,29,HISTORICAL_FINAL256_OBSERVED,requires_mul_or_div,PZ1-FINAL-0234,0,5,32
GRPO29,29,HISTORICAL_FINAL256_OBSERVED,add_sub_solvable,PZ1-FINAL-0235,1,32,32
GRPO29,29,HISTORICAL_FINAL256_OBSERVED,requires_mul_or_div,PZ1-FINAL-0236,1,28,32
GRPO29,29,HISTORICAL_FINAL256_OBSERVED,add_sub_solvable,PZ1-FINAL-0237,1,21,32
GRPO29,29,HISTORICAL_FINAL256_OBSERVED,requires_mul_or_div,PZ1-FINAL-0238,0,1,32
GRPO29,29,HISTORICAL_FINAL256_OBSERVED,add_sub_solvable,PZ1-FINAL-0239,1,25,32
GRPO29,29,HISTORICAL_FINAL256_OBSERVED,requires_mul_or_div,PZ1-FINAL-0240,0,0,32
GRPO29,29,HISTORICAL_FINAL256_OBSERVED,add_sub_solvable,PZ1-FINAL-0241,1,31,32
GRPO29,29,HISTORICAL_FINAL256_OBSERVED,requires_mul_or_div,PZ1-FINAL-0242,0,0,32
GRPO29,29,HISTORICAL_FINAL256_OBSERVED,add_sub_solvable,PZ1-FINAL-0243,1,30,32
GRPO29,29,HISTORICAL_FINAL256_OBSERVED,requires_mul_or_div,PZ1-FINAL-0244,0,0,32
GRPO29,29,HISTORICAL_FINAL256_OBSERVED,add_sub_solvable,PZ1-FINAL-0245,1,28,32
GRPO29,29,HISTORICAL_FINAL256_OBSERVED,requires_mul_or_div,PZ1-FINAL-0246,0,0,32
GRPO29,29,HISTORICAL_FINAL256_OBSERVED,add_sub_solvable,PZ1-FINAL-0247,0,15,32
GRPO29,29,HISTORICAL_FINAL256_OBSERVED,requires_mul_or_div,PZ1-FINAL-0248,0,14,32
GRPO29,29,HISTORICAL_FINAL256_OBSERVED,add_sub_solvable,PZ1-FINAL-0249,1,29,32
GRPO29,29,HISTORICAL_FINAL256_OBSERVED,requires_mul_or_div,PZ1-FINAL-0250,0,0,32
GRPO29,29,HISTORICAL_FINAL256_OBSERVED,add_sub_solvable,PZ1-FINAL-0251,0,0,32
GRPO29,29,HISTORICAL_FINAL256_OBSERVED,requires_mul_or_div,PZ1-FINAL-0252,0,0,32
GRPO29,29,HISTORICAL_FINAL256_OBSERVED,add_sub_solvable,PZ1-FINAL-0253,1,25,32
GRPO29,29,HISTORICAL_FINAL256_OBSERVED,requires_mul_or_div,PZ1-FINAL-0254,0,0,32
GRPO29,29,HISTORICAL_FINAL256_OBSERVED,add_sub_solvable,PZ1-FINAL-0255,1,14,32
GRPO29,29,HISTORICAL_FINAL256_OBSERVED,requires_mul_or_div,PZ1-FINAL-0256,0,4,32
GRPO29,29,CONFIRM128_RESERVED,add_sub_solvable,PZ2-CONFIRM-0001,1,31,32
GRPO29,29,CONFIRM128_RESERVED,requires_mul_or_div,PZ2-CONFIRM-0002,0,0,32
GRPO29,29,CONFIRM128_RESERVED,add_sub_solvable,PZ2-CONFIRM-0003,1,29,32
GRPO29,29,CONFIRM128_RESERVED,requires_mul_or_div,PZ2-CONFIRM-0004,0,5,32
GRPO29,29,CONFIRM128_RESERVED,add_sub_solvable,PZ2-CONFIRM-0005,0,3,32
GRPO29,29,CONFIRM128_RESERVED,requires_mul_or_div,PZ2-CONFIRM-0006,1,32,32
GRPO29,29,CONFIRM128_RESERVED,add_sub_solvable,PZ2-CONFIRM-0007,0,1,32
GRPO29,29,CONFIRM128_RESERVED,requires_mul_or_div,PZ2-CONFIRM-0008,0,0,32
GRPO29,29,CONFIRM128_RESERVED,add_sub_solvable,PZ2-CONFIRM-0009,0,19,32
GRPO29,29,CONFIRM128_RESERVED,requires_mul_or_div,PZ2-CONFIRM-0010,0,0,32
GRPO29,29,CONFIRM128_RESERVED,add_sub_solvable,PZ2-CONFIRM-0011,1,28,32
GRPO29,29,CONFIRM128_RESERVED,requires_mul_or_div,PZ2-CONFIRM-0012,0,0,32
GRPO29,29,CONFIRM128_RESERVED,add_sub_solvable,PZ2-CONFIRM-0013,1,27,32
GRPO29,29,CONFIRM128_RESERVED,requires_mul_or_div,PZ2-CONFIRM-0014,0,0,32
GRPO29,29,CONFIRM128_RESERVED,add_sub_solvable,PZ2-CONFIRM-0015,1,32,32
GRPO29,29,CONFIRM128_RESERVED,requires_mul_or_div,PZ2-CONFIRM-0016,0,0,32
GRPO29,29,CONFIRM128_RESERVED,add_sub_solvable,PZ2-CONFIRM-0017,1,29,32
GRPO29,29,CONFIRM128_RESERVED,requires_mul_or_div,PZ2-CONFIRM-0018,0,0,32
GRPO29,29,CONFIRM128_RESERVED,add_sub_solvable,PZ2-CONFIRM-0019,0,0,32
GRPO29,29,CONFIRM128_RESERVED,requires_mul_or_div,PZ2-CONFIRM-0020,0,0,32
GRPO29,29,CONFIRM128_RESERVED,add_sub_solvable,PZ2-CONFIRM-0021,0,5,32
GRPO29,29,CONFIRM128_RESERVED,requires_mul_or_div,PZ2-CONFIRM-0022,0,0,32
GRPO29,29,CONFIRM128_RESERVED,add_sub_solvable,PZ2-CONFIRM-0023,1,26,32
GRPO29,29,CONFIRM128_RESERVED,requires_mul_or_div,PZ2-CONFIRM-0024,0,0,32
GRPO29,29,CONFIRM128_RESERVED,add_sub_solvable,PZ2-CONFIRM-0025,0,4,32
GRPO29,29,CONFIRM128_RESERVED,requires_mul_or_div,PZ2-CONFIRM-0026,0,0,32
GRPO29,29,CONFIRM128_RESERVED,add_sub_solvable,PZ2-CONFIRM-0027,1,16,32
GRPO29,29,CONFIRM128_RESERVED,requires_mul_or_div,PZ2-CONFIRM-0028,0,1,32
GRPO29,29,CONFIRM128_RESERVED,add_sub_solvable,PZ2-CONFIRM-0029,1,32,32
GRPO29,29,CONFIRM128_RESERVED,requires_mul_or_div,PZ2-CONFIRM-0030,0,0,32
GRPO29,29,CONFIRM128_RESERVED,add_sub_solvable,PZ2-CONFIRM-0031,1,21,32
GRPO29,29,CONFIRM128_RESERVED,requires_mul_or_div,PZ2-CONFIRM-0032,0,0,32
GRPO29,29,CONFIRM128_RESERVED,add_sub_solvable,PZ2-CONFIRM-0033,1,31,32
GRPO29,29,CONFIRM128_RESERVED,requires_mul_or_div,PZ2-CONFIRM-0034,0,1,32
GRPO29,29,CONFIRM128_RESERVED,add_sub_solvable,PZ2-CONFIRM-0035,1,32,32
GRPO29,29,CONFIRM128_RESERVED,requires_mul_or_div,PZ2-CONFIRM-0036,0,0,32
GRPO29,29,CONFIRM128_RESERVED,add_sub_solvable,PZ2-CONFIRM-0037,1,32,32
GRPO29,29,CONFIRM128_RESERVED,requires_mul_or_div,PZ2-CONFIRM-0038,0,3,32
GRPO29,29,CONFIRM128_RESERVED,add_sub_solvable,PZ2-CONFIRM-0039,1,29,32
GRPO29,29,CONFIRM128_RESERVED,requires_mul_or_div,PZ2-CONFIRM-0040,0,0,32
GRPO29,29,CONFIRM128_RESERVED,add_sub_solvable,PZ2-CONFIRM-0041,1,18,32
GRPO29,29,CONFIRM128_RESERVED,requires_mul_or_div,PZ2-CONFIRM-0042,0,0,32
GRPO29,29,CONFIRM128_RESERVED,add_sub_solvable,PZ2-CONFIRM-0043,1,31,32
GRPO29,29,CONFIRM128_RESERVED,requires_mul_or_div,PZ2-CONFIRM-0044,0,1,32
GRPO29,29,CONFIRM128_RESERVED,add_sub_solvable,PZ2-CONFIRM-0045,1,28,32
GRPO29,29,CONFIRM128_RESERVED,requires_mul_or_div,PZ2-CONFIRM-0046,0,1,32
GRPO29,29,CONFIRM128_RESERVED,add_sub_solvable,PZ2-CONFIRM-0047,1,16,32
GRPO29,29,CONFIRM128_RESERVED,requires_mul_or_div,PZ2-CONFIRM-0048,0,1,32
GRPO29,29,CONFIRM128_RESERVED,add_sub_solvable,PZ2-CONFIRM-0049,1,16,32
GRPO29,29,CONFIRM128_RESERVED,requires_mul_or_div,PZ2-CONFIRM-0050,0,3,32
GRPO29,29,CONFIRM128_RESERVED,add_sub_solvable,PZ2-CONFIRM-0051,1,20,32
GRPO29,29,CONFIRM128_RESERVED,requires_mul_or_div,PZ2-CONFIRM-0052,0,0,32
GRPO29,29,CONFIRM128_RESERVED,add_sub_solvable,PZ2-CONFIRM-0053,1,32,32
GRPO29,29,CONFIRM128_RESERVED,requires_mul_or_div,PZ2-CONFIRM-0054,0,0,32
GRPO29,29,CONFIRM128_RESERVED,add_sub_solvable,PZ2-CONFIRM-0055,1,28,32
GRPO29,29,CONFIRM128_RESERVED,requires_mul_or_div,PZ2-CONFIRM-0056,1,29,32
GRPO29,29,CONFIRM128_RESERVED,add_sub_solvable,PZ2-CONFIRM-0057,1,29,32
GRPO29,29,CONFIRM128_RESERVED,requires_mul_or_div,PZ2-CONFIRM-0058,0,11,32
GRPO29,29,CONFIRM128_RESERVED,add_sub_solvable,PZ2-CONFIRM-0059,1,19,32
GRPO29,29,CONFIRM128_RESERVED,requires_mul_or_div,PZ2-CONFIRM-0060,0,0,32
GRPO29,29,CONFIRM128_RESERVED,add_sub_solvable,PZ2-CONFIRM-0061,0,1,32
GRPO29,29,CONFIRM128_RESERVED,requires_mul_or_div,PZ2-CONFIRM-0062,0,2,32
GRPO29,29,CONFIRM128_RESERVED,add_sub_solvable,PZ2-CONFIRM-0063,1,30,32
GRPO29,29,CONFIRM128_RESERVED,requires_mul_or_div,PZ2-CONFIRM-0064,0,5,32
GRPO29,29,CONFIRM128_RESERVED,add_sub_solvable,PZ2-CONFIRM-0065,0,5,32
GRPO29,29,CONFIRM128_RESERVED,requires_mul_or_div,PZ2-CONFIRM-0066,0,0,32
GRPO29,29,CONFIRM128_RESERVED,add_sub_solvable,PZ2-CONFIRM-0067,0,0,32
GRPO29,29,CONFIRM128_RESERVED,requires_mul_or_div,PZ2-CONFIRM-0068,0,0,32
GRPO29,29,CONFIRM128_RESERVED,add_sub_solvable,PZ2-CONFIRM-0069,1,32,32
GRPO29,29,CONFIRM128_RESERVED,requires_mul_or_div,PZ2-CONFIRM-0070,0,0,32
GRPO29,29,CONFIRM128_RESERVED,add_sub_solvable,PZ2-CONFIRM-0071,1,31,32
GRPO29,29,CONFIRM128_RESERVED,requires_mul_or_div,PZ2-CONFIRM-0072,0,0,32
GRPO29,29,CONFIRM128_RESERVED,add_sub_solvable,PZ2-CONFIRM-0073,1,22,32
GRPO29,29,CONFIRM128_RESERVED,requires_mul_or_div,PZ2-CONFIRM-0074,0,2,32
GRPO29,29,CONFIRM128_RESERVED,add_sub_solvable,PZ2-CONFIRM-0075,0,12,32
GRPO29,29,CONFIRM128_RESERVED,requires_mul_or_div,PZ2-CONFIRM-0076,0,0,32
GRPO29,29,CONFIRM128_RESERVED,add_sub_solvable,PZ2-CONFIRM-0077,1,25,32
GRPO29,29,CONFIRM128_RESERVED,requires_mul_or_div,PZ2-CONFIRM-0078,0,2,32
GRPO29,29,CONFIRM128_RESERVED,add_sub_solvable,PZ2-CONFIRM-0079,0,3,32
GRPO29,29,CONFIRM128_RESERVED,requires_mul_or_div,PZ2-CONFIRM-0080,0,0,32
GRPO29,29,CONFIRM128_RESERVED,add_sub_solvable,PZ2-CONFIRM-0081,1,16,32
GRPO29,29,CONFIRM128_RESERVED,requires_mul_or_div,PZ2-CONFIRM-0082,0,0,32
GRPO29,29,CONFIRM128_RESERVED,add_sub_solvable,PZ2-CONFIRM-0083,0,2,32
GRPO29,29,CONFIRM128_RESERVED,requires_mul_or_div,PZ2-CONFIRM-0084,0,0,32
GRPO29,29,CONFIRM128_RESERVED,add_sub_solvable,PZ2-CONFIRM-0085,1,32,32
GRPO29,29,CONFIRM128_RESERVED,requires_mul_or_div,PZ2-CONFIRM-0086,0,0,32
GRPO29,29,CONFIRM128_RESERVED,add_sub_solvable,PZ2-CONFIRM-0087,1,27,32
GRPO29,29,CONFIRM128_RESERVED,requires_mul_or_div,PZ2-CONFIRM-0088,0,0,32
GRPO29,29,CONFIRM128_RESERVED,add_sub_solvable,PZ2-CONFIRM-0089,1,24,32
GRPO29,29,CONFIRM128_RESERVED,requires_mul_or_div,PZ2-CONFIRM-0090,0,8,32
GRPO29,29,CONFIRM128_RESERVED,add_sub_solvable,PZ2-CONFIRM-0091,0,1,32
GRPO29,29,CONFIRM128_RESERVED,requires_mul_or_div,PZ2-CONFIRM-0092,0,0,32
GRPO29,29,CONFIRM128_RESERVED,add_sub_solvable,PZ2-CONFIRM-0093,0,0,32
GRPO29,29,CONFIRM128_RESERVED,requires_mul_or_div,PZ2-CONFIRM-0094,0,12,32
GRPO29,29,CONFIRM128_RESERVED,add_sub_solvable,PZ2-CONFIRM-0095,1,31,32
GRPO29,29,CONFIRM128_RESERVED,requires_mul_or_div,PZ2-CONFIRM-0096,0,0,32
GRPO29,29,CONFIRM128_RESERVED,add_sub_solvable,PZ2-CONFIRM-0097,0,0,32
GRPO29,29,CONFIRM128_RESERVED,requires_mul_or_div,PZ2-CONFIRM-0098,0,0,32
GRPO29,29,CONFIRM128_RESERVED,add_sub_solvable,PZ2-CONFIRM-0099,1,26,32
GRPO29,29,CONFIRM128_RESERVED,requires_mul_or_div,PZ2-CONFIRM-0100,0,0,32
GRPO29,29,CONFIRM128_RESERVED,add_sub_solvable,PZ2-CONFIRM-0101,1,15,32
GRPO29,29,CONFIRM128_RESERVED,requires_mul_or_div,PZ2-CONFIRM-0102,0,0,32
GRPO29,29,CONFIRM128_RESERVED,add_sub_solvable,PZ2-CONFIRM-0103,0,10,32
GRPO29,29,CONFIRM128_RESERVED,requires_mul_or_div,PZ2-CONFIRM-0104,0,4,32
GRPO29,29,CONFIRM128_RESERVED,add_sub_solvable,PZ2-CONFIRM-0105,0,0,32
GRPO29,29,CONFIRM128_RESERVED,requires_mul_or_div,PZ2-CONFIRM-0106,0,1,32
GRPO29,29,CONFIRM128_RESERVED,add_sub_solvable,PZ2-CONFIRM-0107,0,1,32
GRPO29,29,CONFIRM128_RESERVED,requires_mul_or_div,PZ2-CONFIRM-0108,0,0,32
GRPO29,29,CONFIRM128_RESERVED,add_sub_solvable,PZ2-CONFIRM-0109,0,10,32
GRPO29,29,CONFIRM128_RESERVED,requires_mul_or_div,PZ2-CONFIRM-0110,1,13,32
GRPO29,29,CONFIRM128_RESERVED,add_sub_solvable,PZ2-CONFIRM-0111,1,31,32
GRPO29,29,CONFIRM128_RESERVED,requires_mul_or_div,PZ2-CONFIRM-0112,0,0,32
GRPO29,29,CONFIRM128_RESERVED,add_sub_solvable,PZ2-CONFIRM-0113,0,8,32
GRPO29,29,CONFIRM128_RESERVED,requires_mul_or_div,PZ2-CONFIRM-0114,0,6,32
GRPO29,29,CONFIRM128_RESERVED,add_sub_solvable,PZ2-CONFIRM-0115,0,15,32
GRPO29,29,CONFIRM128_RESERVED,requires_mul_or_div,PZ2-CONFIRM-0116,0,1,32
GRPO29,29,CONFIRM128_RESERVED,add_sub_solvable,PZ2-CONFIRM-0117,0,6,32
GRPO29,29,CONFIRM128_RESERVED,requires_mul_or_div,PZ2-CONFIRM-0118,0,0,32
GRPO29,29,CONFIRM128_RESERVED,add_sub_solvable,PZ2-CONFIRM-0119,1,29,32
GRPO29,29,CONFIRM128_RESERVED,requires_mul_or_div,PZ2-CONFIRM-0120,0,0,32
GRPO29,29,CONFIRM128_RESERVED,add_sub_solvable,PZ2-CONFIRM-0121,1,30,32
GRPO29,29,CONFIRM128_RESERVED,requires_mul_or_div,PZ2-CONFIRM-0122,0,0,32
GRPO29,29,CONFIRM128_RESERVED,add_sub_solvable,PZ2-CONFIRM-0123,0,9,32
GRPO29,29,CONFIRM128_RESERVED,requires_mul_or_div,PZ2-CONFIRM-0124,0,0,32
GRPO29,29,CONFIRM128_RESERVED,add_sub_solvable,PZ2-CONFIRM-0125,0,0,32
GRPO29,29,CONFIRM128_RESERVED,requires_mul_or_div,PZ2-CONFIRM-0126,1,20,32
GRPO29,29,CONFIRM128_RESERVED,add_sub_solvable,PZ2-CONFIRM-0127,1,29,32
GRPO29,29,CONFIRM128_RESERVED,requires_mul_or_div,PZ2-CONFIRM-0128,0,7,32
PPO43,43,HISTORICAL_FINAL256_OBSERVED,add_sub_solvable,PZ1-FINAL-0001,0,0,32
PPO43,43,HISTORICAL_FINAL256_OBSERVED,requires_mul_or_div,PZ1-FINAL-0002,0,0,32
PPO43,43,HISTORICAL_FINAL256_OBSERVED,add_sub_solvable,PZ1-FINAL-0003,0,3,32
PPO43,43,HISTORICAL_FINAL256_OBSERVED,requires_mul_or_div,PZ1-FINAL-0004,0,0,32
PPO43,43,HISTORICAL_FINAL256_OBSERVED,add_sub_solvable,PZ1-FINAL-0005,1,32,32
PPO43,43,HISTORICAL_FINAL256_OBSERVED,requires_mul_or_div,PZ1-FINAL-0006,0,0,32
PPO43,43,HISTORICAL_FINAL256_OBSERVED,add_sub_solvable,PZ1-FINAL-0007,0,9,32
PPO43,43,HISTORICAL_FINAL256_OBSERVED,requires_mul_or_div,PZ1-FINAL-0008,0,0,32
PPO43,43,HISTORICAL_FINAL256_OBSERVED,add_sub_solvable,PZ1-FINAL-0009,0,14,32
PPO43,43,HISTORICAL_FINAL256_OBSERVED,requires_mul_or_div,PZ1-FINAL-0010,0,0,32
PPO43,43,HISTORICAL_FINAL256_OBSERVED,add_sub_solvable,PZ1-FINAL-0011,1,32,32
PPO43,43,HISTORICAL_FINAL256_OBSERVED,requires_mul_or_div,PZ1-FINAL-0012,0,0,32
PPO43,43,HISTORICAL_FINAL256_OBSERVED,add_sub_solvable,PZ1-FINAL-0013,1,30,32
PPO43,43,HISTORICAL_FINAL256_OBSERVED,requires_mul_or_div,PZ1-FINAL-0014,0,0,32
PPO43,43,HISTORICAL_FINAL256_OBSERVED,add_sub_solvable,PZ1-FINAL-0015,1,30,32
PPO43,43,HISTORICAL_FINAL256_OBSERVED,requires_mul_or_div,PZ1-FINAL-0016,0,3,32
PPO43,43,HISTORICAL_FINAL256_OBSERVED,add_sub_solvable,PZ1-FINAL-0017,1,32,32
PPO43,43,HISTORICAL_FINAL256_OBSERVED,requires_mul_or_div,PZ1-FINAL-0018,0,0,32
PPO43,43,HISTORICAL_FINAL256_OBSERVED,add_sub_solvable,PZ1-FINAL-0019,0,10,32
PPO43,43,HISTORICAL_FINAL256_OBSERVED,requires_mul_or_div,PZ1-FINAL-0020,0,1,32
PPO43,43,HISTORICAL_FINAL256_OBSERVED,add_sub_solvable,PZ1-FINAL-0021,0,0,32
PPO43,43,HISTORICAL_FINAL256_OBSERVED,requires_mul_or_div,PZ1-FINAL-0022,0,1,32
PPO43,43,HISTORICAL_FINAL256_OBSERVED,add_sub_solvable,PZ1-FINAL-0023,1,26,32
PPO43,43,HISTORICAL_FINAL256_OBSERVED,requires_mul_or_div,PZ1-FINAL-0024,0,3,32
PPO43,43,HISTORICAL_FINAL256_OBSERVED,add_sub_solvable,PZ1-FINAL-0025,1,32,32
PPO43,43,HISTORICAL_FINAL256_OBSERVED,requires_mul_or_div,PZ1-FINAL-0026,0,0,32
PPO43,43,HISTORICAL_FINAL256_OBSERVED,add_sub_solvable,PZ1-FINAL-0027,1,32,32
PPO43,43,HISTORICAL_FINAL256_OBSERVED,requires_mul_or_div,PZ1-FINAL-0028,0,0,32
PPO43,43,HISTORICAL_FINAL256_OBSERVED,add_sub_solvable,PZ1-FINAL-0029,1,18,32
PPO43,43,HISTORICAL_FINAL256_OBSERVED,requires_mul_or_div,PZ1-FINAL-0030,0,4,32
PPO43,43,HISTORICAL_FINAL256_OBSERVED,add_sub_solvable,PZ1-FINAL-0031,1,16,32
PPO43,43,HISTORICAL_FINAL256_OBSERVED,requires_mul_or_div,PZ1-FINAL-0032,0,0,32
PPO43,43,HISTORICAL_FINAL256_OBSERVED,add_sub_solvable,PZ1-FINAL-0033,1,32,32
PPO43,43,HISTORICAL_FINAL256_OBSERVED,requires_mul_or_div,PZ1-FINAL-0034,0,0,32
PPO43,43,HISTORICAL_FINAL256_OBSERVED,add_sub_solvable,PZ1-FINAL-0035,1,32,32
PPO43,43,HISTORICAL_FINAL256_OBSERVED,requires_mul_or_div,PZ1-FINAL-0036,0,0,32
PPO43,43,HISTORICAL_FINAL256_OBSERVED,add_sub_solvable,PZ1-FINAL-0037,0,0,32
PPO43,43,HISTORICAL_FINAL256_OBSERVED,requires_mul_or_div,PZ1-FINAL-0038,0,4,32
PPO43,43,HISTORICAL_FINAL256_OBSERVED,add_sub_solvable,PZ1-FINAL-0039,0,21,32
PPO43,43,HISTORICAL_FINAL256_OBSERVED,requires_mul_or_div,PZ1-FINAL-0040,0,0,32
PPO43,43,HISTORICAL_FINAL256_OBSERVED,add_sub_solvable,PZ1-FINAL-0041,0,0,32
PPO43,43,HISTORICAL_FINAL256_OBSERVED,requires_mul_or_div,PZ1-FINAL-0042,0,0,32
PPO43,43,HISTORICAL_FINAL256_OBSERVED,add_sub_solvable,PZ1-FINAL-0043,1,28,32
PPO43,43,HISTORICAL_FINAL256_OBSERVED,requires_mul_or_div,PZ1-FINAL-0044,0,0,32
PPO43,43,HISTORICAL_FINAL256_OBSERVED,add_sub_solvable,PZ1-FINAL-0045,1,31,32
PPO43,43,HISTORICAL_FINAL256_OBSERVED,requires_mul_or_div,PZ1-FINAL-0046,0,10,32
PPO43,43,HISTORICAL_FINAL256_OBSERVED,add_sub_solvable,PZ1-FINAL-0047,0,4,32
PPO43,43,HISTORICAL_FINAL256_OBSERVED,requires_mul_or_div,PZ1-FINAL-0048,0,0,32
PPO43,43,HISTORICAL_FINAL256_OBSERVED,add_sub_solvable,PZ1-FINAL-0049,1,28,32
PPO43,43,HISTORICAL_FINAL256_OBSERVED,requires_mul_or_div,PZ1-FINAL-0050,1,29,32
PPO43,43,HISTORICAL_FINAL256_OBSERVED,add_sub_solvable,PZ1-FINAL-0051,1,16,32
PPO43,43,HISTORICAL_FINAL256_OBSERVED,requires_mul_or_div,PZ1-FINAL-0052,0,1,32
PPO43,43,HISTORICAL_FINAL256_OBSERVED,add_sub_solvable,PZ1-FINAL-0053,1,32,32
PPO43,43,HISTORICAL_FINAL256_OBSERVED,requires_mul_or_div,PZ1-FINAL-0054,0,0,32
PPO43,43,HISTORICAL_FINAL256_OBSERVED,add_sub_solvable,PZ1-FINAL-0055,1,29,32
PPO43,43,HISTORICAL_FINAL256_OBSERVED,requires_mul_or_div,PZ1-FINAL-0056,0,2,32
PPO43,43,HISTORICAL_FINAL256_OBSERVED,add_sub_solvable,PZ1-FINAL-0057,1,28,32
PPO43,43,HISTORICAL_FINAL256_OBSERVED,requires_mul_or_div,PZ1-FINAL-0058,0,0,32
PPO43,43,HISTORICAL_FINAL256_OBSERVED,add_sub_solvable,PZ1-FINAL-0059,0,0,32
PPO43,43,HISTORICAL_FINAL256_OBSERVED,requires_mul_or_div,PZ1-FINAL-0060,0,1,32
PPO43,43,HISTORICAL_FINAL256_OBSERVED,add_sub_solvable,PZ1-FINAL-0061,1,31,32
PPO43,43,HISTORICAL_FINAL256_OBSERVED,requires_mul_or_div,PZ1-FINAL-0062,0,0,32
PPO43,43,HISTORICAL_FINAL256_OBSERVED,add_sub_solvable,PZ1-FINAL-0063,1,31,32
PPO43,43,HISTORICAL_FINAL256_OBSERVED,requires_mul_or_div,PZ1-FINAL-0064,0,0,32
PPO43,43,HISTORICAL_FINAL256_OBSERVED,add_sub_solvable,PZ1-FINAL-0065,0,0,32
PPO43,43,HISTORICAL_FINAL256_OBSERVED,requires_mul_or_div,PZ1-FINAL-0066,0,0,32
PPO43,43,HISTORICAL_FINAL256_OBSERVED,add_sub_solvable,PZ1-FINAL-0067,0,0,32
PPO43,43,HISTORICAL_FINAL256_OBSERVED,requires_mul_or_div,PZ1-FINAL-0068,0,0,32
PPO43,43,HISTORICAL_FINAL256_OBSERVED,add_sub_solvable,PZ1-FINAL-0069,0,14,32
PPO43,43,HISTORICAL_FINAL256_OBSERVED,requires_mul_or_div,PZ1-FINAL-0070,0,0,32
PPO43,43,HISTORICAL_FINAL256_OBSERVED,add_sub_solvable,PZ1-FINAL-0071,1,32,32
PPO43,43,HISTORICAL_FINAL256_OBSERVED,requires_mul_or_div,PZ1-FINAL-0072,0,0,32
PPO43,43,HISTORICAL_FINAL256_OBSERVED,add_sub_solvable,PZ1-FINAL-0073,0,2,32
PPO43,43,HISTORICAL_FINAL256_OBSERVED,requires_mul_or_div,PZ1-FINAL-0074,0,0,32
PPO43,43,HISTORICAL_FINAL256_OBSERVED,add_sub_solvable,PZ1-FINAL-0075,0,11,32
PPO43,43,HISTORICAL_FINAL256_OBSERVED,requires_mul_or_div,PZ1-FINAL-0076,0,1,32
PPO43,43,HISTORICAL_FINAL256_OBSERVED,add_sub_solvable,PZ1-FINAL-0077,1,31,32
PPO43,43,HISTORICAL_FINAL256_OBSERVED,requires_mul_or_div,PZ1-FINAL-0078,0,3,32
PPO43,43,HISTORICAL_FINAL256_OBSERVED,add_sub_solvable,PZ1-FINAL-0079,0,7,32
PPO43,43,HISTORICAL_FINAL256_OBSERVED,requires_mul_or_div,PZ1-FINAL-0080,0,0,32
PPO43,43,HISTORICAL_FINAL256_OBSERVED,add_sub_solvable,PZ1-FINAL-0081,0,0,32
PPO43,43,HISTORICAL_FINAL256_OBSERVED,requires_mul_or_div,PZ1-FINAL-0082,0,0,32
PPO43,43,HISTORICAL_FINAL256_OBSERVED,add_sub_solvable,PZ1-FINAL-0083,1,32,32
PPO43,43,HISTORICAL_FINAL256_OBSERVED,requires_mul_or_div,PZ1-FINAL-0084,0,0,32
PPO43,43,HISTORICAL_FINAL256_OBSERVED,add_sub_solvable,PZ1-FINAL-0085,0,0,32
PPO43,43,HISTORICAL_FINAL256_OBSERVED,requires_mul_or_div,PZ1-FINAL-0086,0,1,32
PPO43,43,HISTORICAL_FINAL256_OBSERVED,add_sub_solvable,PZ1-FINAL-0087,1,29,32
PPO43,43,HISTORICAL_FINAL256_OBSERVED,requires_mul_or_div,PZ1-FINAL-0088,0,0,32
PPO43,43,HISTORICAL_FINAL256_OBSERVED,add_sub_solvable,PZ1-FINAL-0089,0,0,32
PPO43,43,HISTORICAL_FINAL256_OBSERVED,requires_mul_or_div,PZ1-FINAL-0090,0,0,32
PPO43,43,HISTORICAL_FINAL256_OBSERVED,add_sub_solvable,PZ1-FINAL-0091,1,32,32
PPO43,43,HISTORICAL_FINAL256_OBSERVED,requires_mul_or_div,PZ1-FINAL-0092,0,0,32
PPO43,43,HISTORICAL_FINAL256_OBSERVED,add_sub_solvable,PZ1-FINAL-0093,1,28,32
PPO43,43,HISTORICAL_FINAL256_OBSERVED,requires_mul_or_div,PZ1-FINAL-0094,0,0,32
PPO43,43,HISTORICAL_FINAL256_OBSERVED,add_sub_solvable,PZ1-FINAL-0095,1,32,32
PPO43,43,HISTORICAL_FINAL256_OBSERVED,requires_mul_or_div,PZ1-FINAL-0096,0,0,32
PPO43,43,HISTORICAL_FINAL256_OBSERVED,add_sub_solvable,PZ1-FINAL-0097,1,30,32
PPO43,43,HISTORICAL_FINAL256_OBSERVED,requires_mul_or_div,PZ1-FINAL-0098,0,0,32
PPO43,43,HISTORICAL_FINAL256_OBSERVED,add_sub_solvable,PZ1-FINAL-0099,1,30,32
PPO43,43,HISTORICAL_FINAL256_OBSERVED,requires_mul_or_div,PZ1-FINAL-0100,0,0,32
PPO43,43,HISTORICAL_FINAL256_OBSERVED,add_sub_solvable,PZ1-FINAL-0101,1,24,32
PPO43,43,HISTORICAL_FINAL256_OBSERVED,requires_mul_or_div,PZ1-FINAL-0102,0,0,32
PPO43,43,HISTORICAL_FINAL256_OBSERVED,add_sub_solvable,PZ1-FINAL-0103,1,26,32
PPO43,43,HISTORICAL_FINAL256_OBSERVED,requires_mul_or_div,PZ1-FINAL-0104,0,0,32
PPO43,43,HISTORICAL_FINAL256_OBSERVED,add_sub_solvable,PZ1-FINAL-0105,1,32,32
PPO43,43,HISTORICAL_FINAL256_OBSERVED,requires_mul_or_div,PZ1-FINAL-0106,0,0,32
PPO43,43,HISTORICAL_FINAL256_OBSERVED,add_sub_solvable,PZ1-FINAL-0107,0,0,32
PPO43,43,HISTORICAL_FINAL256_OBSERVED,requires_mul_or_div,PZ1-FINAL-0108,0,2,32
PPO43,43,HISTORICAL_FINAL256_OBSERVED,add_sub_solvable,PZ1-FINAL-0109,0,0,32
PPO43,43,HISTORICAL_FINAL256_OBSERVED,requires_mul_or_div,PZ1-FINAL-0110,0,0,32
PPO43,43,HISTORICAL_FINAL256_OBSERVED,add_sub_solvable,PZ1-FINAL-0111,0,0,32
PPO43,43,HISTORICAL_FINAL256_OBSERVED,requires_mul_or_div,PZ1-FINAL-0112,0,0,32
PPO43,43,HISTORICAL_FINAL256_OBSERVED,add_sub_solvable,PZ1-FINAL-0113,0,0,32
PPO43,43,HISTORICAL_FINAL256_OBSERVED,requires_mul_or_div,PZ1-FINAL-0114,0,0,32
PPO43,43,HISTORICAL_FINAL256_OBSERVED,add_sub_solvable,PZ1-FINAL-0115,0,7,32
PPO43,43,HISTORICAL_FINAL256_OBSERVED,requires_mul_or_div,PZ1-FINAL-0116,0,0,32
PPO43,43,HISTORICAL_FINAL256_OBSERVED,add_sub_solvable,PZ1-FINAL-0117,0,0,32
PPO43,43,HISTORICAL_FINAL256_OBSERVED,requires_mul_or_div,PZ1-FINAL-0118,0,0,32
PPO43,43,HISTORICAL_FINAL256_OBSERVED,add_sub_solvable,PZ1-FINAL-0119,1,32,32
PPO43,43,HISTORICAL_FINAL256_OBSERVED,requires_mul_or_div,PZ1-FINAL-0120,0,2,32
PPO43,43,HISTORICAL_FINAL256_OBSERVED,add_sub_solvable,PZ1-FINAL-0121,0,1,32
PPO43,43,HISTORICAL_FINAL256_OBSERVED,requires_mul_or_div,PZ1-FINAL-0122,0,0,32
PPO43,43,HISTORICAL_FINAL256_OBSERVED,add_sub_solvable,PZ1-FINAL-0123,1,32,32
PPO43,43,HISTORICAL_FINAL256_OBSERVED,requires_mul_or_div,PZ1-FINAL-0124,0,15,32
PPO43,43,HISTORICAL_FINAL256_OBSERVED,add_sub_solvable,PZ1-FINAL-0125,0,3,32
PPO43,43,HISTORICAL_FINAL256_OBSERVED,requires_mul_or_div,PZ1-FINAL-0126,0,0,32
PPO43,43,HISTORICAL_FINAL256_OBSERVED,add_sub_solvable,PZ1-FINAL-0127,0,11,32
PPO43,43,HISTORICAL_FINAL256_OBSERVED,requires_mul_or_div,PZ1-FINAL-0128,0,0,32
PPO43,43,HISTORICAL_FINAL256_OBSERVED,add_sub_solvable,PZ1-FINAL-0129,0,0,32
PPO43,43,HISTORICAL_FINAL256_OBSERVED,requires_mul_or_div,PZ1-FINAL-0130,0,0,32
PPO43,43,HISTORICAL_FINAL256_OBSERVED,add_sub_solvable,PZ1-FINAL-0131,0,0,32
PPO43,43,HISTORICAL_FINAL256_OBSERVED,requires_mul_or_div,PZ1-FINAL-0132,0,0,32
PPO43,43,HISTORICAL_FINAL256_OBSERVED,add_sub_solvable,PZ1-FINAL-0133,1,28,32
PPO43,43,HISTORICAL_FINAL256_OBSERVED,requires_mul_or_div,PZ1-FINAL-0134,0,0,32
PPO43,43,HISTORICAL_FINAL256_OBSERVED,add_sub_solvable,PZ1-FINAL-0135,0,9,32
PPO43,43,HISTORICAL_FINAL256_OBSERVED,requires_mul_or_div,PZ1-FINAL-0136,0,0,32
PPO43,43,HISTORICAL_FINAL256_OBSERVED,add_sub_solvable,PZ1-FINAL-0137,0,0,32
PPO43,43,HISTORICAL_FINAL256_OBSERVED,requires_mul_or_div,PZ1-FINAL-0138,0,0,32
PPO43,43,HISTORICAL_FINAL256_OBSERVED,add_sub_solvable,PZ1-FINAL-0139,1,26,32
PPO43,43,HISTORICAL_FINAL256_OBSERVED,requires_mul_or_div,PZ1-FINAL-0140,0,0,32
PPO43,43,HISTORICAL_FINAL256_OBSERVED,add_sub_solvable,PZ1-FINAL-0141,1,16,32
PPO43,43,HISTORICAL_FINAL256_OBSERVED,requires_mul_or_div,PZ1-FINAL-0142,0,0,32
PPO43,43,HISTORICAL_FINAL256_OBSERVED,add_sub_solvable,PZ1-FINAL-0143,0,0,32
PPO43,43,HISTORICAL_FINAL256_OBSERVED,requires_mul_or_div,PZ1-FINAL-0144,0,0,32
PPO43,43,HISTORICAL_FINAL256_OBSERVED,add_sub_solvable,PZ1-FINAL-0145,0,1,32
PPO43,43,HISTORICAL_FINAL256_OBSERVED,requires_mul_or_div,PZ1-FINAL-0146,0,0,32
PPO43,43,HISTORICAL_FINAL256_OBSERVED,add_sub_solvable,PZ1-FINAL-0147,0,4,32
PPO43,43,HISTORICAL_FINAL256_OBSERVED,requires_mul_or_div,PZ1-FINAL-0148,0,12,32
PPO43,43,HISTORICAL_FINAL256_OBSERVED,add_sub_solvable,PZ1-FINAL-0149,1,32,32
PPO43,43,HISTORICAL_FINAL256_OBSERVED,requires_mul_or_div,PZ1-FINAL-0150,0,1,32
PPO43,43,HISTORICAL_FINAL256_OBSERVED,add_sub_solvable,PZ1-FINAL-0151,0,1,32
PPO43,43,HISTORICAL_FINAL256_OBSERVED,requires_mul_or_div,PZ1-FINAL-0152,0,0,32
PPO43,43,HISTORICAL_FINAL256_OBSERVED,add_sub_solvable,PZ1-FINAL-0153,1,29,32
PPO43,43,HISTORICAL_FINAL256_OBSERVED,requires_mul_or_div,PZ1-FINAL-0154,0,2,32
PPO43,43,HISTORICAL_FINAL256_OBSERVED,add_sub_solvable,PZ1-FINAL-0155,1,32,32
PPO43,43,HISTORICAL_FINAL256_OBSERVED,requires_mul_or_div,PZ1-FINAL-0156,0,0,32
PPO43,43,HISTORICAL_FINAL256_OBSERVED,add_sub_solvable,PZ1-FINAL-0157,1,32,32
PPO43,43,HISTORICAL_FINAL256_OBSERVED,requires_mul_or_div,PZ1-FINAL-0158,0,0,32
PPO43,43,HISTORICAL_FINAL256_OBSERVED,add_sub_solvable,PZ1-FINAL-0159,1,23,32
PPO43,43,HISTORICAL_FINAL256_OBSERVED,requires_mul_or_div,PZ1-FINAL-0160,0,0,32
PPO43,43,HISTORICAL_FINAL256_OBSERVED,add_sub_solvable,PZ1-FINAL-0161,0,0,32
PPO43,43,HISTORICAL_FINAL256_OBSERVED,requires_mul_or_div,PZ1-FINAL-0162,0,2,32
PPO43,43,HISTORICAL_FINAL256_OBSERVED,add_sub_solvable,PZ1-FINAL-0163,0,2,32
PPO43,43,HISTORICAL_FINAL256_OBSERVED,requires_mul_or_div,PZ1-FINAL-0164,0,0,32
PPO43,43,HISTORICAL_FINAL256_OBSERVED,add_sub_solvable,PZ1-FINAL-0165,1,32,32
PPO43,43,HISTORICAL_FINAL256_OBSERVED,requires_mul_or_div,PZ1-FINAL-0166,0,0,32
PPO43,43,HISTORICAL_FINAL256_OBSERVED,add_sub_solvable,PZ1-FINAL-0167,1,27,32
PPO43,43,HISTORICAL_FINAL256_OBSERVED,requires_mul_or_div,PZ1-FINAL-0168,0,0,32
PPO43,43,HISTORICAL_FINAL256_OBSERVED,add_sub_solvable,PZ1-FINAL-0169,0,1,32
PPO43,43,HISTORICAL_FINAL256_OBSERVED,requires_mul_or_div,PZ1-FINAL-0170,0,0,32
PPO43,43,HISTORICAL_FINAL256_OBSERVED,add_sub_solvable,PZ1-FINAL-0171,1,31,32
PPO43,43,HISTORICAL_FINAL256_OBSERVED,requires_mul_or_div,PZ1-FINAL-0172,0,0,32
PPO43,43,HISTORICAL_FINAL256_OBSERVED,add_sub_solvable,PZ1-FINAL-0173,1,32,32
PPO43,43,HISTORICAL_FINAL256_OBSERVED,requires_mul_or_div,PZ1-FINAL-0174,0,0,32
PPO43,43,HISTORICAL_FINAL256_OBSERVED,add_sub_solvable,PZ1-FINAL-0175,1,22,32
PPO43,43,HISTORICAL_FINAL256_OBSERVED,requires_mul_or_div,PZ1-FINAL-0176,0,0,32
PPO43,43,HISTORICAL_FINAL256_OBSERVED,add_sub_solvable,PZ1-FINAL-0177,1,31,32
PPO43,43,HISTORICAL_FINAL256_OBSERVED,requires_mul_or_div,PZ1-FINAL-0178,0,0,32
PPO43,43,HISTORICAL_FINAL256_OBSERVED,add_sub_solvable,PZ1-FINAL-0179,1,28,32
PPO43,43,HISTORICAL_FINAL256_OBSERVED,requires_mul_or_div,PZ1-FINAL-0180,0,0,32
PPO43,43,HISTORICAL_FINAL256_OBSERVED,add_sub_solvable,PZ1-FINAL-0181,0,0,32
PPO43,43,HISTORICAL_FINAL256_OBSERVED,requires_mul_or_div,PZ1-FINAL-0182,0,1,32
PPO43,43,HISTORICAL_FINAL256_OBSERVED,add_sub_solvable,PZ1-FINAL-0183,1,28,32
PPO43,43,HISTORICAL_FINAL256_OBSERVED,requires_mul_or_div,PZ1-FINAL-0184,0,7,32
PPO43,43,HISTORICAL_FINAL256_OBSERVED,add_sub_solvable,PZ1-FINAL-0185,1,32,32
PPO43,43,HISTORICAL_FINAL256_OBSERVED,requires_mul_or_div,PZ1-FINAL-0186,0,0,32
PPO43,43,HISTORICAL_FINAL256_OBSERVED,add_sub_solvable,PZ1-FINAL-0187,0,1,32
PPO43,43,HISTORICAL_FINAL256_OBSERVED,requires_mul_or_div,PZ1-FINAL-0188,0,0,32
PPO43,43,HISTORICAL_FINAL256_OBSERVED,add_sub_solvable,PZ1-FINAL-0189,1,28,32
PPO43,43,HISTORICAL_FINAL256_OBSERVED,requires_mul_or_div,PZ1-FINAL-0190,0,0,32
PPO43,43,HISTORICAL_FINAL256_OBSERVED,add_sub_solvable,PZ1-FINAL-0191,0,0,32
PPO43,43,HISTORICAL_FINAL256_OBSERVED,requires_mul_or_div,PZ1-FINAL-0192,0,0,32
PPO43,43,HISTORICAL_FINAL256_OBSERVED,add_sub_solvable,PZ1-FINAL-0193,1,30,32
PPO43,43,HISTORICAL_FINAL256_OBSERVED,requires_mul_or_div,PZ1-FINAL-0194,0,0,32
PPO43,43,HISTORICAL_FINAL256_OBSERVED,add_sub_solvable,PZ1-FINAL-0195,1,32,32
PPO43,43,HISTORICAL_FINAL256_OBSERVED,requires_mul_or_div,PZ1-FINAL-0196,0,0,32
PPO43,43,HISTORICAL_FINAL256_OBSERVED,add_sub_solvable,PZ1-FINAL-0197,1,23,32
PPO43,43,HISTORICAL_FINAL256_OBSERVED,requires_mul_or_div,PZ1-FINAL-0198,0,0,32
PPO43,43,HISTORICAL_FINAL256_OBSERVED,add_sub_solvable,PZ1-FINAL-0199,1,32,32
PPO43,43,HISTORICAL_FINAL256_OBSERVED,requires_mul_or_div,PZ1-FINAL-0200,0,0,32
PPO43,43,HISTORICAL_FINAL256_OBSERVED,add_sub_solvable,PZ1-FINAL-0201,1,32,32
PPO43,43,HISTORICAL_FINAL256_OBSERVED,requires_mul_or_div,PZ1-FINAL-0202,0,1,32
PPO43,43,HISTORICAL_FINAL256_OBSERVED,add_sub_solvable,PZ1-FINAL-0203,1,32,32
PPO43,43,HISTORICAL_FINAL256_OBSERVED,requires_mul_or_div,PZ1-FINAL-0204,0,0,32
PPO43,43,HISTORICAL_FINAL256_OBSERVED,add_sub_solvable,PZ1-FINAL-0205,1,31,32
PPO43,43,HISTORICAL_FINAL256_OBSERVED,requires_mul_or_div,PZ1-FINAL-0206,0,11,32
PPO43,43,HISTORICAL_FINAL256_OBSERVED,add_sub_solvable,PZ1-FINAL-0207,1,21,32
PPO43,43,HISTORICAL_FINAL256_OBSERVED,requires_mul_or_div,PZ1-FINAL-0208,0,0,32
PPO43,43,HISTORICAL_FINAL256_OBSERVED,add_sub_solvable,PZ1-FINAL-0209,0,1,32
PPO43,43,HISTORICAL_FINAL256_OBSERVED,requires_mul_or_div,PZ1-FINAL-0210,0,0,32
PPO43,43,HISTORICAL_FINAL256_OBSERVED,add_sub_solvable,PZ1-FINAL-0211,1,22,32
PPO43,43,HISTORICAL_FINAL256_OBSERVED,requires_mul_or_div,PZ1-FINAL-0212,0,0,32
PPO43,43,HISTORICAL_FINAL256_OBSERVED,add_sub_solvable,PZ1-FINAL-0213,1,32,32
PPO43,43,HISTORICAL_FINAL256_OBSERVED,requires_mul_or_div,PZ1-FINAL-0214,0,1,32
PPO43,43,HISTORICAL_FINAL256_OBSERVED,add_sub_solvable,PZ1-FINAL-0215,1,26,32
PPO43,43,HISTORICAL_FINAL256_OBSERVED,requires_mul_or_div,PZ1-FINAL-0216,0,0,32
PPO43,43,HISTORICAL_FINAL256_OBSERVED,add_sub_solvable,PZ1-FINAL-0217,1,30,32
PPO43,43,HISTORICAL_FINAL256_OBSERVED,requires_mul_or_div,PZ1-FINAL-0218,0,1,32
PPO43,43,HISTORICAL_FINAL256_OBSERVED,add_sub_solvable,PZ1-FINAL-0219,0,1,32
PPO43,43,HISTORICAL_FINAL256_OBSERVED,requires_mul_or_div,PZ1-FINAL-0220,0,0,32
PPO43,43,HISTORICAL_FINAL256_OBSERVED,add_sub_solvable,PZ1-FINAL-0221,1,31,32
PPO43,43,HISTORICAL_FINAL256_OBSERVED,requires_mul_or_div,PZ1-FINAL-0222,0,0,32
PPO43,43,HISTORICAL_FINAL256_OBSERVED,add_sub_solvable,PZ1-FINAL-0223,1,32,32
PPO43,43,HISTORICAL_FINAL256_OBSERVED,requires_mul_or_div,PZ1-FINAL-0224,0,0,32
PPO43,43,HISTORICAL_FINAL256_OBSERVED,add_sub_solvable,PZ1-FINAL-0225,1,32,32
PPO43,43,HISTORICAL_FINAL256_OBSERVED,requires_mul_or_div,PZ1-FINAL-0226,0,0,32
PPO43,43,HISTORICAL_FINAL256_OBSERVED,add_sub_solvable,PZ1-FINAL-0227,1,13,32
PPO43,43,HISTORICAL_FINAL256_OBSERVED,requires_mul_or_div,PZ1-FINAL-0228,0,2,32
PPO43,43,HISTORICAL_FINAL256_OBSERVED,add_sub_solvable,PZ1-FINAL-0229,0,7,32
PPO43,43,HISTORICAL_FINAL256_OBSERVED,requires_mul_or_div,PZ1-FINAL-0230,0,4,32
PPO43,43,HISTORICAL_FINAL256_OBSERVED,add_sub_solvable,PZ1-FINAL-0231,0,0,32
PPO43,43,HISTORICAL_FINAL256_OBSERVED,requires_mul_or_div,PZ1-FINAL-0232,0,0,32
PPO43,43,HISTORICAL_FINAL256_OBSERVED,add_sub_solvable,PZ1-FINAL-0233,1,26,32
PPO43,43,HISTORICAL_FINAL256_OBSERVED,requires_mul_or_div,PZ1-FINAL-0234,0,8,32
PPO43,43,HISTORICAL_FINAL256_OBSERVED,add_sub_solvable,PZ1-FINAL-0235,1,32,32
PPO43,43,HISTORICAL_FINAL256_OBSERVED,requires_mul_or_div,PZ1-FINAL-0236,0,0,32
PPO43,43,HISTORICAL_FINAL256_OBSERVED,add_sub_solvable,PZ1-FINAL-0237,0,0,32
PPO43,43,HISTORICAL_FINAL256_OBSERVED,requires_mul_or_div,PZ1-FINAL-0238,0,5,32
PPO43,43,HISTORICAL_FINAL256_OBSERVED,add_sub_solvable,PZ1-FINAL-0239,0,1,32
PPO43,43,HISTORICAL_FINAL256_OBSERVED,requires_mul_or_div,PZ1-FINAL-0240,0,0,32
PPO43,43,HISTORICAL_FINAL256_OBSERVED,add_sub_solvable,PZ1-FINAL-0241,1,31,32
PPO43,43,HISTORICAL_FINAL256_OBSERVED,requires_mul_or_div,PZ1-FINAL-0242,0,0,32
PPO43,43,HISTORICAL_FINAL256_OBSERVED,add_sub_solvable,PZ1-FINAL-0243,1,32,32
PPO43,43,HISTORICAL_FINAL256_OBSERVED,requires_mul_or_div,PZ1-FINAL-0244,0,3,32
PPO43,43,HISTORICAL_FINAL256_OBSERVED,add_sub_solvable,PZ1-FINAL-0245,1,29,32
PPO43,43,HISTORICAL_FINAL256_OBSERVED,requires_mul_or_div,PZ1-FINAL-0246,0,0,32
PPO43,43,HISTORICAL_FINAL256_OBSERVED,add_sub_solvable,PZ1-FINAL-0247,1,28,32
PPO43,43,HISTORICAL_FINAL256_OBSERVED,requires_mul_or_div,PZ1-FINAL-0248,0,0,32
PPO43,43,HISTORICAL_FINAL256_OBSERVED,add_sub_solvable,PZ1-FINAL-0249,1,31,32
PPO43,43,HISTORICAL_FINAL256_OBSERVED,requires_mul_or_div,PZ1-FINAL-0250,0,0,32
PPO43,43,HISTORICAL_FINAL256_OBSERVED,add_sub_solvable,PZ1-FINAL-0251,0,1,32
PPO43,43,HISTORICAL_FINAL256_OBSERVED,requires_mul_or_div,PZ1-FINAL-0252,0,0,32
PPO43,43,HISTORICAL_FINAL256_OBSERVED,add_sub_solvable,PZ1-FINAL-0253,0,4,32
PPO43,43,HISTORICAL_FINAL256_OBSERVED,requires_mul_or_div,PZ1-FINAL-0254,0,0,32
PPO43,43,HISTORICAL_FINAL256_OBSERVED,add_sub_solvable,PZ1-FINAL-0255,0,0,32
PPO43,43,HISTORICAL_FINAL256_OBSERVED,requires_mul_or_div,PZ1-FINAL-0256,0,0,32
PPO43,43,CONFIRM128_RESERVED,add_sub_solvable,PZ2-CONFIRM-0001,1,32,32
PPO43,43,CONFIRM128_RESERVED,requires_mul_or_div,PZ2-CONFIRM-0002,0,0,32
PPO43,43,CONFIRM128_RESERVED,add_sub_solvable,PZ2-CONFIRM-0003,0,2,32
PPO43,43,CONFIRM128_RESERVED,requires_mul_or_div,PZ2-CONFIRM-0004,0,1,32
PPO43,43,CONFIRM128_RESERVED,add_sub_solvable,PZ2-CONFIRM-0005,0,0,32
PPO43,43,CONFIRM128_RESERVED,requires_mul_or_div,PZ2-CONFIRM-0006,0,10,32
PPO43,43,CONFIRM128_RESERVED,add_sub_solvable,PZ2-CONFIRM-0007,1,30,32
PPO43,43,CONFIRM128_RESERVED,requires_mul_or_div,PZ2-CONFIRM-0008,0,0,32
PPO43,43,CONFIRM128_RESERVED,add_sub_solvable,PZ2-CONFIRM-0009,1,30,32
PPO43,43,CONFIRM128_RESERVED,requires_mul_or_div,PZ2-CONFIRM-0010,0,0,32
PPO43,43,CONFIRM128_RESERVED,add_sub_solvable,PZ2-CONFIRM-0011,0,0,32
PPO43,43,CONFIRM128_RESERVED,requires_mul_or_div,PZ2-CONFIRM-0012,0,0,32
PPO43,43,CONFIRM128_RESERVED,add_sub_solvable,PZ2-CONFIRM-0013,1,32,32
PPO43,43,CONFIRM128_RESERVED,requires_mul_or_div,PZ2-CONFIRM-0014,0,0,32
PPO43,43,CONFIRM128_RESERVED,add_sub_solvable,PZ2-CONFIRM-0015,1,32,32
PPO43,43,CONFIRM128_RESERVED,requires_mul_or_div,PZ2-CONFIRM-0016,0,3,32
PPO43,43,CONFIRM128_RESERVED,add_sub_solvable,PZ2-CONFIRM-0017,1,32,32
PPO43,43,CONFIRM128_RESERVED,requires_mul_or_div,PZ2-CONFIRM-0018,1,18,32
PPO43,43,CONFIRM128_RESERVED,add_sub_solvable,PZ2-CONFIRM-0019,0,0,32
PPO43,43,CONFIRM128_RESERVED,requires_mul_or_div,PZ2-CONFIRM-0020,0,0,32
PPO43,43,CONFIRM128_RESERVED,add_sub_solvable,PZ2-CONFIRM-0021,1,25,32
PPO43,43,CONFIRM128_RESERVED,requires_mul_or_div,PZ2-CONFIRM-0022,0,0,32
PPO43,43,CONFIRM128_RESERVED,add_sub_solvable,PZ2-CONFIRM-0023,1,25,32
PPO43,43,CONFIRM128_RESERVED,requires_mul_or_div,PZ2-CONFIRM-0024,0,0,32
PPO43,43,CONFIRM128_RESERVED,add_sub_solvable,PZ2-CONFIRM-0025,0,0,32
PPO43,43,CONFIRM128_RESERVED,requires_mul_or_div,PZ2-CONFIRM-0026,0,0,32
PPO43,43,CONFIRM128_RESERVED,add_sub_solvable,PZ2-CONFIRM-0027,0,1,32
PPO43,43,CONFIRM128_RESERVED,requires_mul_or_div,PZ2-CONFIRM-0028,0,8,32
PPO43,43,CONFIRM128_RESERVED,add_sub_solvable,PZ2-CONFIRM-0029,1,32,32
PPO43,43,CONFIRM128_RESERVED,requires_mul_or_div,PZ2-CONFIRM-0030,0,0,32
PPO43,43,CONFIRM128_RESERVED,add_sub_solvable,PZ2-CONFIRM-0031,1,32,32
PPO43,43,CONFIRM128_RESERVED,requires_mul_or_div,PZ2-CONFIRM-0032,0,0,32
PPO43,43,CONFIRM128_RESERVED,add_sub_solvable,PZ2-CONFIRM-0033,1,32,32
PPO43,43,CONFIRM128_RESERVED,requires_mul_or_div,PZ2-CONFIRM-0034,0,2,32
PPO43,43,CONFIRM128_RESERVED,add_sub_solvable,PZ2-CONFIRM-0035,0,15,32
PPO43,43,CONFIRM128_RESERVED,requires_mul_or_div,PZ2-CONFIRM-0036,0,0,32
PPO43,43,CONFIRM128_RESERVED,add_sub_solvable,PZ2-CONFIRM-0037,1,32,32
PPO43,43,CONFIRM128_RESERVED,requires_mul_or_div,PZ2-CONFIRM-0038,0,0,32
PPO43,43,CONFIRM128_RESERVED,add_sub_solvable,PZ2-CONFIRM-0039,0,0,32
PPO43,43,CONFIRM128_RESERVED,requires_mul_or_div,PZ2-CONFIRM-0040,0,0,32
PPO43,43,CONFIRM128_RESERVED,add_sub_solvable,PZ2-CONFIRM-0041,0,3,32
PPO43,43,CONFIRM128_RESERVED,requires_mul_or_div,PZ2-CONFIRM-0042,0,0,32
PPO43,43,CONFIRM128_RESERVED,add_sub_solvable,PZ2-CONFIRM-0043,1,31,32
PPO43,43,CONFIRM128_RESERVED,requires_mul_or_div,PZ2-CONFIRM-0044,0,0,32
PPO43,43,CONFIRM128_RESERVED,add_sub_solvable,PZ2-CONFIRM-0045,1,31,32
PPO43,43,CONFIRM128_RESERVED,requires_mul_or_div,PZ2-CONFIRM-0046,0,1,32
PPO43,43,CONFIRM128_RESERVED,add_sub_solvable,PZ2-CONFIRM-0047,0,1,32
PPO43,43,CONFIRM128_RESERVED,requires_mul_or_div,PZ2-CONFIRM-0048,0,1,32
PPO43,43,CONFIRM128_RESERVED,add_sub_solvable,PZ2-CONFIRM-0049,0,1,32
PPO43,43,CONFIRM128_RESERVED,requires_mul_or_div,PZ2-CONFIRM-0050,0,4,32
PPO43,43,CONFIRM128_RESERVED,add_sub_solvable,PZ2-CONFIRM-0051,1,29,32
PPO43,43,CONFIRM128_RESERVED,requires_mul_or_div,PZ2-CONFIRM-0052,0,0,32
PPO43,43,CONFIRM128_RESERVED,add_sub_solvable,PZ2-CONFIRM-0053,1,32,32
PPO43,43,CONFIRM128_RESERVED,requires_mul_or_div,PZ2-CONFIRM-0054,0,0,32
PPO43,43,CONFIRM128_RESERVED,add_sub_solvable,PZ2-CONFIRM-0055,0,11,32
PPO43,43,CONFIRM128_RESERVED,requires_mul_or_div,PZ2-CONFIRM-0056,0,4,32
PPO43,43,CONFIRM128_RESERVED,add_sub_solvable,PZ2-CONFIRM-0057,0,1,32
PPO43,43,CONFIRM128_RESERVED,requires_mul_or_div,PZ2-CONFIRM-0058,1,21,32
PPO43,43,CONFIRM128_RESERVED,add_sub_solvable,PZ2-CONFIRM-0059,1,27,32
PPO43,43,CONFIRM128_RESERVED,requires_mul_or_div,PZ2-CONFIRM-0060,0,0,32
PPO43,43,CONFIRM128_RESERVED,add_sub_solvable,PZ2-CONFIRM-0061,1,15,32
PPO43,43,CONFIRM128_RESERVED,requires_mul_or_div,PZ2-CONFIRM-0062,0,0,32
PPO43,43,CONFIRM128_RESERVED,add_sub_solvable,PZ2-CONFIRM-0063,0,2,32
PPO43,43,CONFIRM128_RESERVED,requires_mul_or_div,PZ2-CONFIRM-0064,0,0,32
PPO43,43,CONFIRM128_RESERVED,add_sub_solvable,PZ2-CONFIRM-0065,0,0,32
PPO43,43,CONFIRM128_RESERVED,requires_mul_or_div,PZ2-CONFIRM-0066,0,0,32
PPO43,43,CONFIRM128_RESERVED,add_sub_solvable,PZ2-CONFIRM-0067,1,28,32
PPO43,43,CONFIRM128_RESERVED,requires_mul_or_div,PZ2-CONFIRM-0068,0,3,32
PPO43,43,CONFIRM128_RESERVED,add_sub_solvable,PZ2-CONFIRM-0069,1,32,32
PPO43,43,CONFIRM128_RESERVED,requires_mul_or_div,PZ2-CONFIRM-0070,0,0,32
PPO43,43,CONFIRM128_RESERVED,add_sub_solvable,PZ2-CONFIRM-0071,1,32,32
PPO43,43,CONFIRM128_RESERVED,requires_mul_or_div,PZ2-CONFIRM-0072,0,0,32
PPO43,43,CONFIRM128_RESERVED,add_sub_solvable,PZ2-CONFIRM-0073,1,30,32
PPO43,43,CONFIRM128_RESERVED,requires_mul_or_div,PZ2-CONFIRM-0074,0,0,32
PPO43,43,CONFIRM128_RESERVED,add_sub_solvable,PZ2-CONFIRM-0075,1,26,32
PPO43,43,CONFIRM128_RESERVED,requires_mul_or_div,PZ2-CONFIRM-0076,0,0,32
PPO43,43,CONFIRM128_RESERVED,add_sub_solvable,PZ2-CONFIRM-0077,0,9,32
PPO43,43,CONFIRM128_RESERVED,requires_mul_or_div,PZ2-CONFIRM-0078,0,0,32
PPO43,43,CONFIRM128_RESERVED,add_sub_solvable,PZ2-CONFIRM-0079,0,0,32
PPO43,43,CONFIRM128_RESERVED,requires_mul_or_div,PZ2-CONFIRM-0080,0,4,32
PPO43,43,CONFIRM128_RESERVED,add_sub_solvable,PZ2-CONFIRM-0081,1,28,32
PPO43,43,CONFIRM128_RESERVED,requires_mul_or_div,PZ2-CONFIRM-0082,0,2,32
PPO43,43,CONFIRM128_RESERVED,add_sub_solvable,PZ2-CONFIRM-0083,1,31,32
PPO43,43,CONFIRM128_RESERVED,requires_mul_or_div,PZ2-CONFIRM-0084,0,0,32
PPO43,43,CONFIRM128_RESERVED,add_sub_solvable,PZ2-CONFIRM-0085,1,32,32
PPO43,43,CONFIRM128_RESERVED,requires_mul_or_div,PZ2-CONFIRM-0086,0,0,32
PPO43,43,CONFIRM128_RESERVED,add_sub_solvable,PZ2-CONFIRM-0087,0,1,32
PPO43,43,CONFIRM128_RESERVED,requires_mul_or_div,PZ2-CONFIRM-0088,0,0,32
PPO43,43,CONFIRM128_RESERVED,add_sub_solvable,PZ2-CONFIRM-0089,1,25,32
PPO43,43,CONFIRM128_RESERVED,requires_mul_or_div,PZ2-CONFIRM-0090,0,0,32
PPO43,43,CONFIRM128_RESERVED,add_sub_solvable,PZ2-CONFIRM-0091,1,25,32
PPO43,43,CONFIRM128_RESERVED,requires_mul_or_div,PZ2-CONFIRM-0092,0,0,32
PPO43,43,CONFIRM128_RESERVED,add_sub_solvable,PZ2-CONFIRM-0093,0,3,32
PPO43,43,CONFIRM128_RESERVED,requires_mul_or_div,PZ2-CONFIRM-0094,0,4,32
PPO43,43,CONFIRM128_RESERVED,add_sub_solvable,PZ2-CONFIRM-0095,1,32,32
PPO43,43,CONFIRM128_RESERVED,requires_mul_or_div,PZ2-CONFIRM-0096,0,0,32
PPO43,43,CONFIRM128_RESERVED,add_sub_solvable,PZ2-CONFIRM-0097,0,0,32
PPO43,43,CONFIRM128_RESERVED,requires_mul_or_div,PZ2-CONFIRM-0098,0,0,32
PPO43,43,CONFIRM128_RESERVED,add_sub_solvable,PZ2-CONFIRM-0099,1,31,32
PPO43,43,CONFIRM128_RESERVED,requires_mul_or_div,PZ2-CONFIRM-0100,0,0,32
PPO43,43,CONFIRM128_RESERVED,add_sub_solvable,PZ2-CONFIRM-0101,1,21,32
PPO43,43,CONFIRM128_RESERVED,requires_mul_or_div,PZ2-CONFIRM-0102,0,1,32
PPO43,43,CONFIRM128_RESERVED,add_sub_solvable,PZ2-CONFIRM-0103,1,18,32
PPO43,43,CONFIRM128_RESERVED,requires_mul_or_div,PZ2-CONFIRM-0104,0,4,32
PPO43,43,CONFIRM128_RESERVED,add_sub_solvable,PZ2-CONFIRM-0105,0,9,32
PPO43,43,CONFIRM128_RESERVED,requires_mul_or_div,PZ2-CONFIRM-0106,0,0,32
PPO43,43,CONFIRM128_RESERVED,add_sub_solvable,PZ2-CONFIRM-0107,0,0,32
PPO43,43,CONFIRM128_RESERVED,requires_mul_or_div,PZ2-CONFIRM-0108,0,0,32
PPO43,43,CONFIRM128_RESERVED,add_sub_solvable,PZ2-CONFIRM-0109,1,27,32
PPO43,43,CONFIRM128_RESERVED,requires_mul_or_div,PZ2-CONFIRM-0110,1,6,32
PPO43,43,CONFIRM128_RESERVED,add_sub_solvable,PZ2-CONFIRM-0111,1,25,32
PPO43,43,CONFIRM128_RESERVED,requires_mul_or_div,PZ2-CONFIRM-0112,0,0,32
PPO43,43,CONFIRM128_RESERVED,add_sub_solvable,PZ2-CONFIRM-0113,1,21,32
PPO43,43,CONFIRM128_RESERVED,requires_mul_or_div,PZ2-CONFIRM-0114,0,0,32
PPO43,43,CONFIRM128_RESERVED,add_sub_solvable,PZ2-CONFIRM-0115,1,26,32
PPO43,43,CONFIRM128_RESERVED,requires_mul_or_div,PZ2-CONFIRM-0116,0,0,32
PPO43,43,CONFIRM128_RESERVED,add_sub_solvable,PZ2-CONFIRM-0117,0,2,32
PPO43,43,CONFIRM128_RESERVED,requires_mul_or_div,PZ2-CONFIRM-0118,0,0,32
PPO43,43,CONFIRM128_RESERVED,add_sub_solvable,PZ2-CONFIRM-0119,0,0,32
PPO43,43,CONFIRM128_RESERVED,requires_mul_or_div,PZ2-CONFIRM-0120,0,0,32
PPO43,43,CONFIRM128_RESERVED,add_sub_solvable,PZ2-CONFIRM-0121,1,32,32
PPO43,43,CONFIRM128_RESERVED,requires_mul_or_div,PZ2-CONFIRM-0122,0,0,32
PPO43,43,CONFIRM128_RESERVED,add_sub_solvable,PZ2-CONFIRM-0123,1,30,32
PPO43,43,CONFIRM128_RESERVED,requires_mul_or_div,PZ2-CONFIRM-0124,0,0,32
PPO43,43,CONFIRM128_RESERVED,add_sub_solvable,PZ2-CONFIRM-0125,0,5,32
PPO43,43,CONFIRM128_RESERVED,requires_mul_or_div,PZ2-CONFIRM-0126,0,0,32
PPO43,43,CONFIRM128_RESERVED,add_sub_solvable,PZ2-CONFIRM-0127,1,32,32
PPO43,43,CONFIRM128_RESERVED,requires_mul_or_div,PZ2-CONFIRM-0128,0,0,32
GRPO43,43,HISTORICAL_FINAL256_OBSERVED,add_sub_solvable,PZ1-FINAL-0001,1,25,32
GRPO43,43,HISTORICAL_FINAL256_OBSERVED,requires_mul_or_div,PZ1-FINAL-0002,0,0,32
GRPO43,43,HISTORICAL_FINAL256_OBSERVED,add_sub_solvable,PZ1-FINAL-0003,1,17,32
GRPO43,43,HISTORICAL_FINAL256_OBSERVED,requires_mul_or_div,PZ1-FINAL-0004,0,0,32
GRPO43,43,HISTORICAL_FINAL256_OBSERVED,add_sub_solvable,PZ1-FINAL-0005,1,31,32
GRPO43,43,HISTORICAL_FINAL256_OBSERVED,requires_mul_or_div,PZ1-FINAL-0006,0,0,32
GRPO43,43,HISTORICAL_FINAL256_OBSERVED,add_sub_solvable,PZ1-FINAL-0007,0,0,32
GRPO43,43,HISTORICAL_FINAL256_OBSERVED,requires_mul_or_div,PZ1-FINAL-0008,0,1,32
GRPO43,43,HISTORICAL_FINAL256_OBSERVED,add_sub_solvable,PZ1-FINAL-0009,1,20,32
GRPO43,43,HISTORICAL_FINAL256_OBSERVED,requires_mul_or_div,PZ1-FINAL-0010,0,0,32
GRPO43,43,HISTORICAL_FINAL256_OBSERVED,add_sub_solvable,PZ1-FINAL-0011,1,32,32
GRPO43,43,HISTORICAL_FINAL256_OBSERVED,requires_mul_or_div,PZ1-FINAL-0012,0,0,32
GRPO43,43,HISTORICAL_FINAL256_OBSERVED,add_sub_solvable,PZ1-FINAL-0013,0,3,32
GRPO43,43,HISTORICAL_FINAL256_OBSERVED,requires_mul_or_div,PZ1-FINAL-0014,0,14,32
GRPO43,43,HISTORICAL_FINAL256_OBSERVED,add_sub_solvable,PZ1-FINAL-0015,1,26,32
GRPO43,43,HISTORICAL_FINAL256_OBSERVED,requires_mul_or_div,PZ1-FINAL-0016,0,4,32
GRPO43,43,HISTORICAL_FINAL256_OBSERVED,add_sub_solvable,PZ1-FINAL-0017,1,32,32
GRPO43,43,HISTORICAL_FINAL256_OBSERVED,requires_mul_or_div,PZ1-FINAL-0018,0,0,32
GRPO43,43,HISTORICAL_FINAL256_OBSERVED,add_sub_solvable,PZ1-FINAL-0019,0,2,32
GRPO43,43,HISTORICAL_FINAL256_OBSERVED,requires_mul_or_div,PZ1-FINAL-0020,0,2,32
GRPO43,43,HISTORICAL_FINAL256_OBSERVED,add_sub_solvable,PZ1-FINAL-0021,0,8,32
GRPO43,43,HISTORICAL_FINAL256_OBSERVED,requires_mul_or_div,PZ1-FINAL-0022,1,15,32
GRPO43,43,HISTORICAL_FINAL256_OBSERVED,add_sub_solvable,PZ1-FINAL-0023,1,19,32
GRPO43,43,HISTORICAL_FINAL256_OBSERVED,requires_mul_or_div,PZ1-FINAL-0024,0,1,32
GRPO43,43,HISTORICAL_FINAL256_OBSERVED,add_sub_solvable,PZ1-FINAL-0025,0,0,32
GRPO43,43,HISTORICAL_FINAL256_OBSERVED,requires_mul_or_div,PZ1-FINAL-0026,0,2,32
GRPO43,43,HISTORICAL_FINAL256_OBSERVED,add_sub_solvable,PZ1-FINAL-0027,1,30,32
GRPO43,43,HISTORICAL_FINAL256_OBSERVED,requires_mul_or_div,PZ1-FINAL-0028,0,0,32
GRPO43,43,HISTORICAL_FINAL256_OBSERVED,add_sub_solvable,PZ1-FINAL-0029,0,3,32
GRPO43,43,HISTORICAL_FINAL256_OBSERVED,requires_mul_or_div,PZ1-FINAL-0030,0,0,32
GRPO43,43,HISTORICAL_FINAL256_OBSERVED,add_sub_solvable,PZ1-FINAL-0031,1,18,32
GRPO43,43,HISTORICAL_FINAL256_OBSERVED,requires_mul_or_div,PZ1-FINAL-0032,0,2,32
GRPO43,43,HISTORICAL_FINAL256_OBSERVED,add_sub_solvable,PZ1-FINAL-0033,1,32,32
GRPO43,43,HISTORICAL_FINAL256_OBSERVED,requires_mul_or_div,PZ1-FINAL-0034,0,0,32
GRPO43,43,HISTORICAL_FINAL256_OBSERVED,add_sub_solvable,PZ1-FINAL-0035,1,31,32
GRPO43,43,HISTORICAL_FINAL256_OBSERVED,requires_mul_or_div,PZ1-FINAL-0036,0,0,32
GRPO43,43,HISTORICAL_FINAL256_OBSERVED,add_sub_solvable,PZ1-FINAL-0037,0,2,32
GRPO43,43,HISTORICAL_FINAL256_OBSERVED,requires_mul_or_div,PZ1-FINAL-0038,0,8,32
GRPO43,43,HISTORICAL_FINAL256_OBSERVED,add_sub_solvable,PZ1-FINAL-0039,1,20,32
GRPO43,43,HISTORICAL_FINAL256_OBSERVED,requires_mul_or_div,PZ1-FINAL-0040,0,1,32
GRPO43,43,HISTORICAL_FINAL256_OBSERVED,add_sub_solvable,PZ1-FINAL-0041,1,28,32
GRPO43,43,HISTORICAL_FINAL256_OBSERVED,requires_mul_or_div,PZ1-FINAL-0042,0,0,32
GRPO43,43,HISTORICAL_FINAL256_OBSERVED,add_sub_solvable,PZ1-FINAL-0043,1,31,32
GRPO43,43,HISTORICAL_FINAL256_OBSERVED,requires_mul_or_div,PZ1-FINAL-0044,0,0,32
GRPO43,43,HISTORICAL_FINAL256_OBSERVED,add_sub_solvable,PZ1-FINAL-0045,1,32,32
GRPO43,43,HISTORICAL_FINAL256_OBSERVED,requires_mul_or_div,PZ1-FINAL-0046,1,28,32
GRPO43,43,HISTORICAL_FINAL256_OBSERVED,add_sub_solvable,PZ1-FINAL-0047,0,10,32
GRPO43,43,HISTORICAL_FINAL256_OBSERVED,requires_mul_or_div,PZ1-FINAL-0048,0,0,32
GRPO43,43,HISTORICAL_FINAL256_OBSERVED,add_sub_solvable,PZ1-FINAL-0049,1,30,32
GRPO43,43,HISTORICAL_FINAL256_OBSERVED,requires_mul_or_div,PZ1-FINAL-0050,1,19,32
GRPO43,43,HISTORICAL_FINAL256_OBSERVED,add_sub_solvable,PZ1-FINAL-0051,0,0,32
GRPO43,43,HISTORICAL_FINAL256_OBSERVED,requires_mul_or_div,PZ1-FINAL-0052,0,13,32
GRPO43,43,HISTORICAL_FINAL256_OBSERVED,add_sub_solvable,PZ1-FINAL-0053,1,32,32
GRPO43,43,HISTORICAL_FINAL256_OBSERVED,requires_mul_or_div,PZ1-FINAL-0054,0,0,32
GRPO43,43,HISTORICAL_FINAL256_OBSERVED,add_sub_solvable,PZ1-FINAL-0055,1,28,32
GRPO43,43,HISTORICAL_FINAL256_OBSERVED,requires_mul_or_div,PZ1-FINAL-0056,0,2,32
GRPO43,43,HISTORICAL_FINAL256_OBSERVED,add_sub_solvable,PZ1-FINAL-0057,0,4,32
GRPO43,43,HISTORICAL_FINAL256_OBSERVED,requires_mul_or_div,PZ1-FINAL-0058,0,0,32
GRPO43,43,HISTORICAL_FINAL256_OBSERVED,add_sub_solvable,PZ1-FINAL-0059,1,27,32
GRPO43,43,HISTORICAL_FINAL256_OBSERVED,requires_mul_or_div,PZ1-FINAL-0060,0,1,32
GRPO43,43,HISTORICAL_FINAL256_OBSERVED,add_sub_solvable,PZ1-FINAL-0061,1,28,32
GRPO43,43,HISTORICAL_FINAL256_OBSERVED,requires_mul_or_div,PZ1-FINAL-0062,0,0,32
GRPO43,43,HISTORICAL_FINAL256_OBSERVED,add_sub_solvable,PZ1-FINAL-0063,1,27,32
GRPO43,43,HISTORICAL_FINAL256_OBSERVED,requires_mul_or_div,PZ1-FINAL-0064,0,0,32
GRPO43,43,HISTORICAL_FINAL256_OBSERVED,add_sub_solvable,PZ1-FINAL-0065,0,2,32
GRPO43,43,HISTORICAL_FINAL256_OBSERVED,requires_mul_or_div,PZ1-FINAL-0066,0,0,32
GRPO43,43,HISTORICAL_FINAL256_OBSERVED,add_sub_solvable,PZ1-FINAL-0067,0,2,32
GRPO43,43,HISTORICAL_FINAL256_OBSERVED,requires_mul_or_div,PZ1-FINAL-0068,0,0,32
GRPO43,43,HISTORICAL_FINAL256_OBSERVED,add_sub_solvable,PZ1-FINAL-0069,1,6,32
GRPO43,43,HISTORICAL_FINAL256_OBSERVED,requires_mul_or_div,PZ1-FINAL-0070,0,0,32
GRPO43,43,HISTORICAL_FINAL256_OBSERVED,add_sub_solvable,PZ1-FINAL-0071,1,30,32
GRPO43,43,HISTORICAL_FINAL256_OBSERVED,requires_mul_or_div,PZ1-FINAL-0072,0,0,32
GRPO43,43,HISTORICAL_FINAL256_OBSERVED,add_sub_solvable,PZ1-FINAL-0073,0,6,32
GRPO43,43,HISTORICAL_FINAL256_OBSERVED,requires_mul_or_div,PZ1-FINAL-0074,0,0,32
GRPO43,43,HISTORICAL_FINAL256_OBSERVED,add_sub_solvable,PZ1-FINAL-0075,1,14,32
GRPO43,43,HISTORICAL_FINAL256_OBSERVED,requires_mul_or_div,PZ1-FINAL-0076,0,5,32
GRPO43,43,HISTORICAL_FINAL256_OBSERVED,add_sub_solvable,PZ1-FINAL-0077,1,26,32
GRPO43,43,HISTORICAL_FINAL256_OBSERVED,requires_mul_or_div,PZ1-FINAL-0078,1,17,32
GRPO43,43,HISTORICAL_FINAL256_OBSERVED,add_sub_solvable,PZ1-FINAL-0079,0,4,32
GRPO43,43,HISTORICAL_FINAL256_OBSERVED,requires_mul_or_div,PZ1-FINAL-0080,0,1,32
GRPO43,43,HISTORICAL_FINAL256_OBSERVED,add_sub_solvable,PZ1-FINAL-0081,0,0,32
GRPO43,43,HISTORICAL_FINAL256_OBSERVED,requires_mul_or_div,PZ1-FINAL-0082,0,0,32
GRPO43,43,HISTORICAL_FINAL256_OBSERVED,add_sub_solvable,PZ1-FINAL-0083,1,32,32
GRPO43,43,HISTORICAL_FINAL256_OBSERVED,requires_mul_or_div,PZ1-FINAL-0084,0,0,32
GRPO43,43,HISTORICAL_FINAL256_OBSERVED,add_sub_solvable,PZ1-FINAL-0085,0,0,32
GRPO43,43,HISTORICAL_FINAL256_OBSERVED,requires_mul_or_div,PZ1-FINAL-0086,0,1,32
GRPO43,43,HISTORICAL_FINAL256_OBSERVED,add_sub_solvable,PZ1-FINAL-0087,0,1,32
GRPO43,43,HISTORICAL_FINAL256_OBSERVED,requires_mul_or_div,PZ1-FINAL-0088,0,4,32
GRPO43,43,HISTORICAL_FINAL256_OBSERVED,add_sub_solvable,PZ1-FINAL-0089,0,4,32
GRPO43,43,HISTORICAL_FINAL256_OBSERVED,requires_mul_or_div,PZ1-FINAL-0090,0,0,32
GRPO43,43,HISTORICAL_FINAL256_OBSERVED,add_sub_solvable,PZ1-FINAL-0091,1,31,32
GRPO43,43,HISTORICAL_FINAL256_OBSERVED,requires_mul_or_div,PZ1-FINAL-0092,0,0,32
GRPO43,43,HISTORICAL_FINAL256_OBSERVED,add_sub_solvable,PZ1-FINAL-0093,1,23,32
GRPO43,43,HISTORICAL_FINAL256_OBSERVED,requires_mul_or_div,PZ1-FINAL-0094,0,0,32
GRPO43,43,HISTORICAL_FINAL256_OBSERVED,add_sub_solvable,PZ1-FINAL-0095,1,29,32
GRPO43,43,HISTORICAL_FINAL256_OBSERVED,requires_mul_or_div,PZ1-FINAL-0096,0,0,32
GRPO43,43,HISTORICAL_FINAL256_OBSERVED,add_sub_solvable,PZ1-FINAL-0097,1,29,32
GRPO43,43,HISTORICAL_FINAL256_OBSERVED,requires_mul_or_div,PZ1-FINAL-0098,0,0,32
GRPO43,43,HISTORICAL_FINAL256_OBSERVED,add_sub_solvable,PZ1-FINAL-0099,0,2,32
GRPO43,43,HISTORICAL_FINAL256_OBSERVED,requires_mul_or_div,PZ1-FINAL-0100,1,24,32
GRPO43,43,HISTORICAL_FINAL256_OBSERVED,add_sub_solvable,PZ1-FINAL-0101,1,19,32
GRPO43,43,HISTORICAL_FINAL256_OBSERVED,requires_mul_or_div,PZ1-FINAL-0102,0,2,32
GRPO43,43,HISTORICAL_FINAL256_OBSERVED,add_sub_solvable,PZ1-FINAL-0103,0,9,32
GRPO43,43,HISTORICAL_FINAL256_OBSERVED,requires_mul_or_div,PZ1-FINAL-0104,0,0,32
GRPO43,43,HISTORICAL_FINAL256_OBSERVED,add_sub_solvable,PZ1-FINAL-0105,1,32,32
GRPO43,43,HISTORICAL_FINAL256_OBSERVED,requires_mul_or_div,PZ1-FINAL-0106,0,2,32
GRPO43,43,HISTORICAL_FINAL256_OBSERVED,add_sub_solvable,PZ1-FINAL-0107,0,0,32
GRPO43,43,HISTORICAL_FINAL256_OBSERVED,requires_mul_or_div,PZ1-FINAL-0108,0,0,32
GRPO43,43,HISTORICAL_FINAL256_OBSERVED,add_sub_solvable,PZ1-FINAL-0109,0,0,32
GRPO43,43,HISTORICAL_FINAL256_OBSERVED,requires_mul_or_div,PZ1-FINAL-0110,1,28,32
GRPO43,43,HISTORICAL_FINAL256_OBSERVED,add_sub_solvable,PZ1-FINAL-0111,0,1,32
GRPO43,43,HISTORICAL_FINAL256_OBSERVED,requires_mul_or_div,PZ1-FINAL-0112,0,0,32
GRPO43,43,HISTORICAL_FINAL256_OBSERVED,add_sub_solvable,PZ1-FINAL-0113,0,0,32
GRPO43,43,HISTORICAL_FINAL256_OBSERVED,requires_mul_or_div,PZ1-FINAL-0114,0,0,32
GRPO43,43,HISTORICAL_FINAL256_OBSERVED,add_sub_solvable,PZ1-FINAL-0115,1,22,32
GRPO43,43,HISTORICAL_FINAL256_OBSERVED,requires_mul_or_div,PZ1-FINAL-0116,0,0,32
GRPO43,43,HISTORICAL_FINAL256_OBSERVED,add_sub_solvable,PZ1-FINAL-0117,0,0,32
GRPO43,43,HISTORICAL_FINAL256_OBSERVED,requires_mul_or_div,PZ1-FINAL-0118,0,0,32
GRPO43,43,HISTORICAL_FINAL256_OBSERVED,add_sub_solvable,PZ1-FINAL-0119,1,29,32
GRPO43,43,HISTORICAL_FINAL256_OBSERVED,requires_mul_or_div,PZ1-FINAL-0120,0,9,32
GRPO43,43,HISTORICAL_FINAL256_OBSERVED,add_sub_solvable,PZ1-FINAL-0121,0,3,32
GRPO43,43,HISTORICAL_FINAL256_OBSERVED,requires_mul_or_div,PZ1-FINAL-0122,0,0,32
GRPO43,43,HISTORICAL_FINAL256_OBSERVED,add_sub_solvable,PZ1-FINAL-0123,1,32,32
GRPO43,43,HISTORICAL_FINAL256_OBSERVED,requires_mul_or_div,PZ1-FINAL-0124,1,32,32
GRPO43,43,HISTORICAL_FINAL256_OBSERVED,add_sub_solvable,PZ1-FINAL-0125,0,5,32
GRPO43,43,HISTORICAL_FINAL256_OBSERVED,requires_mul_or_div,PZ1-FINAL-0126,0,0,32
GRPO43,43,HISTORICAL_FINAL256_OBSERVED,add_sub_solvable,PZ1-FINAL-0127,1,23,32
GRPO43,43,HISTORICAL_FINAL256_OBSERVED,requires_mul_or_div,PZ1-FINAL-0128,0,0,32
GRPO43,43,HISTORICAL_FINAL256_OBSERVED,add_sub_solvable,PZ1-FINAL-0129,1,27,32
GRPO43,43,HISTORICAL_FINAL256_OBSERVED,requires_mul_or_div,PZ1-FINAL-0130,0,1,32
GRPO43,43,HISTORICAL_FINAL256_OBSERVED,add_sub_solvable,PZ1-FINAL-0131,0,0,32
GRPO43,43,HISTORICAL_FINAL256_OBSERVED,requires_mul_or_div,PZ1-FINAL-0132,0,0,32
GRPO43,43,HISTORICAL_FINAL256_OBSERVED,add_sub_solvable,PZ1-FINAL-0133,0,10,32
GRPO43,43,HISTORICAL_FINAL256_OBSERVED,requires_mul_or_div,PZ1-FINAL-0134,0,0,32
GRPO43,43,HISTORICAL_FINAL256_OBSERVED,add_sub_solvable,PZ1-FINAL-0135,0,0,32
GRPO43,43,HISTORICAL_FINAL256_OBSERVED,requires_mul_or_div,PZ1-FINAL-0136,0,0,32
GRPO43,43,HISTORICAL_FINAL256_OBSERVED,add_sub_solvable,PZ1-FINAL-0137,0,0,32
GRPO43,43,HISTORICAL_FINAL256_OBSERVED,requires_mul_or_div,PZ1-FINAL-0138,1,21,32
GRPO43,43,HISTORICAL_FINAL256_OBSERVED,add_sub_solvable,PZ1-FINAL-0139,1,23,32
GRPO43,43,HISTORICAL_FINAL256_OBSERVED,requires_mul_or_div,PZ1-FINAL-0140,0,1,32
GRPO43,43,HISTORICAL_FINAL256_OBSERVED,add_sub_solvable,PZ1-FINAL-0141,0,9,32
GRPO43,43,HISTORICAL_FINAL256_OBSERVED,requires_mul_or_div,PZ1-FINAL-0142,0,0,32
GRPO43,43,HISTORICAL_FINAL256_OBSERVED,add_sub_solvable,PZ1-FINAL-0143,0,0,32
GRPO43,43,HISTORICAL_FINAL256_OBSERVED,requires_mul_or_div,PZ1-FINAL-0144,0,0,32
GRPO43,43,HISTORICAL_FINAL256_OBSERVED,add_sub_solvable,PZ1-FINAL-0145,1,18,32
GRPO43,43,HISTORICAL_FINAL256_OBSERVED,requires_mul_or_div,PZ1-FINAL-0146,0,0,32
GRPO43,43,HISTORICAL_FINAL256_OBSERVED,add_sub_solvable,PZ1-FINAL-0147,1,20,32
GRPO43,43,HISTORICAL_FINAL256_OBSERVED,requires_mul_or_div,PZ1-FINAL-0148,0,1,32
GRPO43,43,HISTORICAL_FINAL256_OBSERVED,add_sub_solvable,PZ1-FINAL-0149,1,32,32
GRPO43,43,HISTORICAL_FINAL256_OBSERVED,requires_mul_or_div,PZ1-FINAL-0150,0,0,32
GRPO43,43,HISTORICAL_FINAL256_OBSERVED,add_sub_solvable,PZ1-FINAL-0151,1,14,32
GRPO43,43,HISTORICAL_FINAL256_OBSERVED,requires_mul_or_div,PZ1-FINAL-0152,0,0,32
GRPO43,43,HISTORICAL_FINAL256_OBSERVED,add_sub_solvable,PZ1-FINAL-0153,1,24,32
GRPO43,43,HISTORICAL_FINAL256_OBSERVED,requires_mul_or_div,PZ1-FINAL-0154,0,0,32
GRPO43,43,HISTORICAL_FINAL256_OBSERVED,add_sub_solvable,PZ1-FINAL-0155,1,22,32
GRPO43,43,HISTORICAL_FINAL256_OBSERVED,requires_mul_or_div,PZ1-FINAL-0156,0,0,32
GRPO43,43,HISTORICAL_FINAL256_OBSERVED,add_sub_solvable,PZ1-FINAL-0157,1,32,32
GRPO43,43,HISTORICAL_FINAL256_OBSERVED,requires_mul_or_div,PZ1-FINAL-0158,0,0,32
GRPO43,43,HISTORICAL_FINAL256_OBSERVED,add_sub_solvable,PZ1-FINAL-0159,1,31,32
GRPO43,43,HISTORICAL_FINAL256_OBSERVED,requires_mul_or_div,PZ1-FINAL-0160,0,0,32
GRPO43,43,HISTORICAL_FINAL256_OBSERVED,add_sub_solvable,PZ1-FINAL-0161,0,0,32
GRPO43,43,HISTORICAL_FINAL256_OBSERVED,requires_mul_or_div,PZ1-FINAL-0162,1,25,32
GRPO43,43,HISTORICAL_FINAL256_OBSERVED,add_sub_solvable,PZ1-FINAL-0163,0,4,32
GRPO43,43,HISTORICAL_FINAL256_OBSERVED,requires_mul_or_div,PZ1-FINAL-0164,0,0,32
GRPO43,43,HISTORICAL_FINAL256_OBSERVED,add_sub_solvable,PZ1-FINAL-0165,1,32,32
GRPO43,43,HISTORICAL_FINAL256_OBSERVED,requires_mul_or_div,PZ1-FINAL-0166,0,2,32
GRPO43,43,HISTORICAL_FINAL256_OBSERVED,add_sub_solvable,PZ1-FINAL-0167,1,29,32
GRPO43,43,HISTORICAL_FINAL256_OBSERVED,requires_mul_or_div,PZ1-FINAL-0168,0,0,32
GRPO43,43,HISTORICAL_FINAL256_OBSERVED,add_sub_solvable,PZ1-FINAL-0169,0,4,32
GRPO43,43,HISTORICAL_FINAL256_OBSERVED,requires_mul_or_div,PZ1-FINAL-0170,0,0,32
GRPO43,43,HISTORICAL_FINAL256_OBSERVED,add_sub_solvable,PZ1-FINAL-0171,1,28,32
GRPO43,43,HISTORICAL_FINAL256_OBSERVED,requires_mul_or_div,PZ1-FINAL-0172,0,0,32
GRPO43,43,HISTORICAL_FINAL256_OBSERVED,add_sub_solvable,PZ1-FINAL-0173,1,31,32
GRPO43,43,HISTORICAL_FINAL256_OBSERVED,requires_mul_or_div,PZ1-FINAL-0174,0,0,32
GRPO43,43,HISTORICAL_FINAL256_OBSERVED,add_sub_solvable,PZ1-FINAL-0175,0,20,32
GRPO43,43,HISTORICAL_FINAL256_OBSERVED,requires_mul_or_div,PZ1-FINAL-0176,0,0,32
GRPO43,43,HISTORICAL_FINAL256_OBSERVED,add_sub_solvable,PZ1-FINAL-0177,1,31,32
GRPO43,43,HISTORICAL_FINAL256_OBSERVED,requires_mul_or_div,PZ1-FINAL-0178,0,10,32
GRPO43,43,HISTORICAL_FINAL256_OBSERVED,add_sub_solvable,PZ1-FINAL-0179,1,28,32
GRPO43,43,HISTORICAL_FINAL256_OBSERVED,requires_mul_or_div,PZ1-FINAL-0180,0,0,32
GRPO43,43,HISTORICAL_FINAL256_OBSERVED,add_sub_solvable,PZ1-FINAL-0181,0,0,32
GRPO43,43,HISTORICAL_FINAL256_OBSERVED,requires_mul_or_div,PZ1-FINAL-0182,1,31,32
GRPO43,43,HISTORICAL_FINAL256_OBSERVED,add_sub_solvable,PZ1-FINAL-0183,1,31,32
GRPO43,43,HISTORICAL_FINAL256_OBSERVED,requires_mul_or_div,PZ1-FINAL-0184,1,22,32
GRPO43,43,HISTORICAL_FINAL256_OBSERVED,add_sub_solvable,PZ1-FINAL-0185,1,31,32
GRPO43,43,HISTORICAL_FINAL256_OBSERVED,requires_mul_or_div,PZ1-FINAL-0186,0,0,32
GRPO43,43,HISTORICAL_FINAL256_OBSERVED,add_sub_solvable,PZ1-FINAL-0187,1,27,32
GRPO43,43,HISTORICAL_FINAL256_OBSERVED,requires_mul_or_div,PZ1-FINAL-0188,0,0,32
GRPO43,43,HISTORICAL_FINAL256_OBSERVED,add_sub_solvable,PZ1-FINAL-0189,1,26,32
GRPO43,43,HISTORICAL_FINAL256_OBSERVED,requires_mul_or_div,PZ1-FINAL-0190,0,0,32
GRPO43,43,HISTORICAL_FINAL256_OBSERVED,add_sub_solvable,PZ1-FINAL-0191,0,3,32
GRPO43,43,HISTORICAL_FINAL256_OBSERVED,requires_mul_or_div,PZ1-FINAL-0192,0,0,32
GRPO43,43,HISTORICAL_FINAL256_OBSERVED,add_sub_solvable,PZ1-FINAL-0193,1,29,32
GRPO43,43,HISTORICAL_FINAL256_OBSERVED,requires_mul_or_div,PZ1-FINAL-0194,0,0,32
GRPO43,43,HISTORICAL_FINAL256_OBSERVED,add_sub_solvable,PZ1-FINAL-0195,1,15,32
GRPO43,43,HISTORICAL_FINAL256_OBSERVED,requires_mul_or_div,PZ1-FINAL-0196,0,0,32
GRPO43,43,HISTORICAL_FINAL256_OBSERVED,add_sub_solvable,PZ1-FINAL-0197,0,1,32
GRPO43,43,HISTORICAL_FINAL256_OBSERVED,requires_mul_or_div,PZ1-FINAL-0198,0,0,32
GRPO43,43,HISTORICAL_FINAL256_OBSERVED,add_sub_solvable,PZ1-FINAL-0199,1,32,32
GRPO43,43,HISTORICAL_FINAL256_OBSERVED,requires_mul_or_div,PZ1-FINAL-0200,0,0,32
GRPO43,43,HISTORICAL_FINAL256_OBSERVED,add_sub_solvable,PZ1-FINAL-0201,1,30,32
GRPO43,43,HISTORICAL_FINAL256_OBSERVED,requires_mul_or_div,PZ1-FINAL-0202,1,29,32
GRPO43,43,HISTORICAL_FINAL256_OBSERVED,add_sub_solvable,PZ1-FINAL-0203,1,32,32
GRPO43,43,HISTORICAL_FINAL256_OBSERVED,requires_mul_or_div,PZ1-FINAL-0204,0,0,32
GRPO43,43,HISTORICAL_FINAL256_OBSERVED,add_sub_solvable,PZ1-FINAL-0205,1,30,32
GRPO43,43,HISTORICAL_FINAL256_OBSERVED,requires_mul_or_div,PZ1-FINAL-0206,0,0,32
GRPO43,43,HISTORICAL_FINAL256_OBSERVED,add_sub_solvable,PZ1-FINAL-0207,1,28,32
GRPO43,43,HISTORICAL_FINAL256_OBSERVED,requires_mul_or_div,PZ1-FINAL-0208,0,0,32
GRPO43,43,HISTORICAL_FINAL256_OBSERVED,add_sub_solvable,PZ1-FINAL-0209,0,10,32
GRPO43,43,HISTORICAL_FINAL256_OBSERVED,requires_mul_or_div,PZ1-FINAL-0210,0,0,32
GRPO43,43,HISTORICAL_FINAL256_OBSERVED,add_sub_solvable,PZ1-FINAL-0211,0,3,32
GRPO43,43,HISTORICAL_FINAL256_OBSERVED,requires_mul_or_div,PZ1-FINAL-0212,0,0,32
GRPO43,43,HISTORICAL_FINAL256_OBSERVED,add_sub_solvable,PZ1-FINAL-0213,1,32,32
GRPO43,43,HISTORICAL_FINAL256_OBSERVED,requires_mul_or_div,PZ1-FINAL-0214,0,0,32
GRPO43,43,HISTORICAL_FINAL256_OBSERVED,add_sub_solvable,PZ1-FINAL-0215,0,0,32
GRPO43,43,HISTORICAL_FINAL256_OBSERVED,requires_mul_or_div,PZ1-FINAL-0216,0,0,32
GRPO43,43,HISTORICAL_FINAL256_OBSERVED,add_sub_solvable,PZ1-FINAL-0217,0,0,32
GRPO43,43,HISTORICAL_FINAL256_OBSERVED,requires_mul_or_div,PZ1-FINAL-0218,1,12,32
GRPO43,43,HISTORICAL_FINAL256_OBSERVED,add_sub_solvable,PZ1-FINAL-0219,1,23,32
GRPO43,43,HISTORICAL_FINAL256_OBSERVED,requires_mul_or_div,PZ1-FINAL-0220,0,0,32
GRPO43,43,HISTORICAL_FINAL256_OBSERVED,add_sub_solvable,PZ1-FINAL-0221,1,31,32
GRPO43,43,HISTORICAL_FINAL256_OBSERVED,requires_mul_or_div,PZ1-FINAL-0222,0,7,32
GRPO43,43,HISTORICAL_FINAL256_OBSERVED,add_sub_solvable,PZ1-FINAL-0223,1,31,32
GRPO43,43,HISTORICAL_FINAL256_OBSERVED,requires_mul_or_div,PZ1-FINAL-0224,0,0,32
GRPO43,43,HISTORICAL_FINAL256_OBSERVED,add_sub_solvable,PZ1-FINAL-0225,1,32,32
GRPO43,43,HISTORICAL_FINAL256_OBSERVED,requires_mul_or_div,PZ1-FINAL-0226,0,0,32
GRPO43,43,HISTORICAL_FINAL256_OBSERVED,add_sub_solvable,PZ1-FINAL-0227,0,0,32
GRPO43,43,HISTORICAL_FINAL256_OBSERVED,requires_mul_or_div,PZ1-FINAL-0228,0,0,32
GRPO43,43,HISTORICAL_FINAL256_OBSERVED,add_sub_solvable,PZ1-FINAL-0229,1,32,32
GRPO43,43,HISTORICAL_FINAL256_OBSERVED,requires_mul_or_div,PZ1-FINAL-0230,0,6,32
GRPO43,43,HISTORICAL_FINAL256_OBSERVED,add_sub_solvable,PZ1-FINAL-0231,0,2,32
GRPO43,43,HISTORICAL_FINAL256_OBSERVED,requires_mul_or_div,PZ1-FINAL-0232,0,12,32
GRPO43,43,HISTORICAL_FINAL256_OBSERVED,add_sub_solvable,PZ1-FINAL-0233,1,26,32
GRPO43,43,HISTORICAL_FINAL256_OBSERVED,requires_mul_or_div,PZ1-FINAL-0234,0,7,32
GRPO43,43,HISTORICAL_FINAL256_OBSERVED,add_sub_solvable,PZ1-FINAL-0235,1,32,32
GRPO43,43,HISTORICAL_FINAL256_OBSERVED,requires_mul_or_div,PZ1-FINAL-0236,0,4,32
GRPO43,43,HISTORICAL_FINAL256_OBSERVED,add_sub_solvable,PZ1-FINAL-0237,0,0,32
GRPO43,43,HISTORICAL_FINAL256_OBSERVED,requires_mul_or_div,PZ1-FINAL-0238,0,2,32
GRPO43,43,HISTORICAL_FINAL256_OBSERVED,add_sub_solvable,PZ1-FINAL-0239,0,4,32
GRPO43,43,HISTORICAL_FINAL256_OBSERVED,requires_mul_or_div,PZ1-FINAL-0240,0,0,32
GRPO43,43,HISTORICAL_FINAL256_OBSERVED,add_sub_solvable,PZ1-FINAL-0241,1,27,32
GRPO43,43,HISTORICAL_FINAL256_OBSERVED,requires_mul_or_div,PZ1-FINAL-0242,0,0,32
GRPO43,43,HISTORICAL_FINAL256_OBSERVED,add_sub_solvable,PZ1-FINAL-0243,1,26,32
GRPO43,43,HISTORICAL_FINAL256_OBSERVED,requires_mul_or_div,PZ1-FINAL-0244,0,0,32
GRPO43,43,HISTORICAL_FINAL256_OBSERVED,add_sub_solvable,PZ1-FINAL-0245,1,27,32
GRPO43,43,HISTORICAL_FINAL256_OBSERVED,requires_mul_or_div,PZ1-FINAL-0246,0,0,32
GRPO43,43,HISTORICAL_FINAL256_OBSERVED,add_sub_solvable,PZ1-FINAL-0247,0,10,32
GRPO43,43,HISTORICAL_FINAL256_OBSERVED,requires_mul_or_div,PZ1-FINAL-0248,0,2,32
GRPO43,43,HISTORICAL_FINAL256_OBSERVED,add_sub_solvable,PZ1-FINAL-0249,1,29,32
GRPO43,43,HISTORICAL_FINAL256_OBSERVED,requires_mul_or_div,PZ1-FINAL-0250,0,0,32
GRPO43,43,HISTORICAL_FINAL256_OBSERVED,add_sub_solvable,PZ1-FINAL-0251,0,1,32
GRPO43,43,HISTORICAL_FINAL256_OBSERVED,requires_mul_or_div,PZ1-FINAL-0252,0,0,32
GRPO43,43,HISTORICAL_FINAL256_OBSERVED,add_sub_solvable,PZ1-FINAL-0253,1,22,32
GRPO43,43,HISTORICAL_FINAL256_OBSERVED,requires_mul_or_div,PZ1-FINAL-0254,0,0,32
GRPO43,43,HISTORICAL_FINAL256_OBSERVED,add_sub_solvable,PZ1-FINAL-0255,0,9,32
GRPO43,43,HISTORICAL_FINAL256_OBSERVED,requires_mul_or_div,PZ1-FINAL-0256,0,4,32
GRPO43,43,CONFIRM128_RESERVED,add_sub_solvable,PZ2-CONFIRM-0001,1,32,32
GRPO43,43,CONFIRM128_RESERVED,requires_mul_or_div,PZ2-CONFIRM-0002,0,0,32
GRPO43,43,CONFIRM128_RESERVED,add_sub_solvable,PZ2-CONFIRM-0003,0,3,32
GRPO43,43,CONFIRM128_RESERVED,requires_mul_or_div,PZ2-CONFIRM-0004,0,3,32
GRPO43,43,CONFIRM128_RESERVED,add_sub_solvable,PZ2-CONFIRM-0005,0,0,32
GRPO43,43,CONFIRM128_RESERVED,requires_mul_or_div,PZ2-CONFIRM-0006,1,29,32
GRPO43,43,CONFIRM128_RESERVED,add_sub_solvable,PZ2-CONFIRM-0007,0,5,32
GRPO43,43,CONFIRM128_RESERVED,requires_mul_or_div,PZ2-CONFIRM-0008,0,0,32
GRPO43,43,CONFIRM128_RESERVED,add_sub_solvable,PZ2-CONFIRM-0009,1,31,32
GRPO43,43,CONFIRM128_RESERVED,requires_mul_or_div,PZ2-CONFIRM-0010,0,0,32
GRPO43,43,CONFIRM128_RESERVED,add_sub_solvable,PZ2-CONFIRM-0011,0,0,32
GRPO43,43,CONFIRM128_RESERVED,requires_mul_or_div,PZ2-CONFIRM-0012,0,0,32
GRPO43,43,CONFIRM128_RESERVED,add_sub_solvable,PZ2-CONFIRM-0013,1,29,32
GRPO43,43,CONFIRM128_RESERVED,requires_mul_or_div,PZ2-CONFIRM-0014,0,0,32
GRPO43,43,CONFIRM128_RESERVED,add_sub_solvable,PZ2-CONFIRM-0015,1,32,32
GRPO43,43,CONFIRM128_RESERVED,requires_mul_or_div,PZ2-CONFIRM-0016,0,0,32
GRPO43,43,CONFIRM128_RESERVED,add_sub_solvable,PZ2-CONFIRM-0017,1,31,32
GRPO43,43,CONFIRM128_RESERVED,requires_mul_or_div,PZ2-CONFIRM-0018,0,0,32
GRPO43,43,CONFIRM128_RESERVED,add_sub_solvable,PZ2-CONFIRM-0019,0,0,32
GRPO43,43,CONFIRM128_RESERVED,requires_mul_or_div,PZ2-CONFIRM-0020,0,0,32
GRPO43,43,CONFIRM128_RESERVED,add_sub_solvable,PZ2-CONFIRM-0021,1,20,32
GRPO43,43,CONFIRM128_RESERVED,requires_mul_or_div,PZ2-CONFIRM-0022,0,0,32
GRPO43,43,CONFIRM128_RESERVED,add_sub_solvable,PZ2-CONFIRM-0023,1,31,32
GRPO43,43,CONFIRM128_RESERVED,requires_mul_or_div,PZ2-CONFIRM-0024,0,0,32
GRPO43,43,CONFIRM128_RESERVED,add_sub_solvable,PZ2-CONFIRM-0025,0,9,32
GRPO43,43,CONFIRM128_RESERVED,requires_mul_or_div,PZ2-CONFIRM-0026,0,0,32
GRPO43,43,CONFIRM128_RESERVED,add_sub_solvable,PZ2-CONFIRM-0027,0,3,32
GRPO43,43,CONFIRM128_RESERVED,requires_mul_or_div,PZ2-CONFIRM-0028,0,0,32
GRPO43,43,CONFIRM128_RESERVED,add_sub_solvable,PZ2-CONFIRM-0029,1,31,32
GRPO43,43,CONFIRM128_RESERVED,requires_mul_or_div,PZ2-CONFIRM-0030,0,1,32
GRPO43,43,CONFIRM128_RESERVED,add_sub_solvable,PZ2-CONFIRM-0031,1,31,32
GRPO43,43,CONFIRM128_RESERVED,requires_mul_or_div,PZ2-CONFIRM-0032,0,0,32
GRPO43,43,CONFIRM128_RESERVED,add_sub_solvable,PZ2-CONFIRM-0033,1,20,32
GRPO43,43,CONFIRM128_RESERVED,requires_mul_or_div,PZ2-CONFIRM-0034,0,3,32
GRPO43,43,CONFIRM128_RESERVED,add_sub_solvable,PZ2-CONFIRM-0035,1,26,32
GRPO43,43,CONFIRM128_RESERVED,requires_mul_or_div,PZ2-CONFIRM-0036,0,0,32
GRPO43,43,CONFIRM128_RESERVED,add_sub_solvable,PZ2-CONFIRM-0037,1,31,32
GRPO43,43,CONFIRM128_RESERVED,requires_mul_or_div,PZ2-CONFIRM-0038,0,1,32
GRPO43,43,CONFIRM128_RESERVED,add_sub_solvable,PZ2-CONFIRM-0039,0,5,32
GRPO43,43,CONFIRM128_RESERVED,requires_mul_or_div,PZ2-CONFIRM-0040,0,0,32
GRPO43,43,CONFIRM128_RESERVED,add_sub_solvable,PZ2-CONFIRM-0041,1,23,32
GRPO43,43,CONFIRM128_RESERVED,requires_mul_or_div,PZ2-CONFIRM-0042,0,0,32
GRPO43,43,CONFIRM128_RESERVED,add_sub_solvable,PZ2-CONFIRM-0043,1,31,32
GRPO43,43,CONFIRM128_RESERVED,requires_mul_or_div,PZ2-CONFIRM-0044,0,0,32
GRPO43,43,CONFIRM128_RESERVED,add_sub_solvable,PZ2-CONFIRM-0045,0,0,32
GRPO43,43,CONFIRM128_RESERVED,requires_mul_or_div,PZ2-CONFIRM-0046,0,2,32
GRPO43,43,CONFIRM128_RESERVED,add_sub_solvable,PZ2-CONFIRM-0047,1,30,32
GRPO43,43,CONFIRM128_RESERVED,requires_mul_or_div,PZ2-CONFIRM-0048,0,3,32
GRPO43,43,CONFIRM128_RESERVED,add_sub_solvable,PZ2-CONFIRM-0049,0,10,32
GRPO43,43,CONFIRM128_RESERVED,requires_mul_or_div,PZ2-CONFIRM-0050,0,5,32
GRPO43,43,CONFIRM128_RESERVED,add_sub_solvable,PZ2-CONFIRM-0051,1,24,32
GRPO43,43,CONFIRM128_RESERVED,requires_mul_or_div,PZ2-CONFIRM-0052,0,0,32
GRPO43,43,CONFIRM128_RESERVED,add_sub_solvable,PZ2-CONFIRM-0053,1,31,32
GRPO43,43,CONFIRM128_RESERVED,requires_mul_or_div,PZ2-CONFIRM-0054,0,0,32
GRPO43,43,CONFIRM128_RESERVED,add_sub_solvable,PZ2-CONFIRM-0055,0,14,32
GRPO43,43,CONFIRM128_RESERVED,requires_mul_or_div,PZ2-CONFIRM-0056,1,29,32
GRPO43,43,CONFIRM128_RESERVED,add_sub_solvable,PZ2-CONFIRM-0057,1,21,32
GRPO43,43,CONFIRM128_RESERVED,requires_mul_or_div,PZ2-CONFIRM-0058,0,6,32
GRPO43,43,CONFIRM128_RESERVED,add_sub_solvable,PZ2-CONFIRM-0059,1,20,32
GRPO43,43,CONFIRM128_RESERVED,requires_mul_or_div,PZ2-CONFIRM-0060,0,0,32
GRPO43,43,CONFIRM128_RESERVED,add_sub_solvable,PZ2-CONFIRM-0061,0,6,32
GRPO43,43,CONFIRM128_RESERVED,requires_mul_or_div,PZ2-CONFIRM-0062,0,1,32
GRPO43,43,CONFIRM128_RESERVED,add_sub_solvable,PZ2-CONFIRM-0063,0,2,32
GRPO43,43,CONFIRM128_RESERVED,requires_mul_or_div,PZ2-CONFIRM-0064,0,1,32
GRPO43,43,CONFIRM128_RESERVED,add_sub_solvable,PZ2-CONFIRM-0065,0,0,32
GRPO43,43,CONFIRM128_RESERVED,requires_mul_or_div,PZ2-CONFIRM-0066,0,1,32
GRPO43,43,CONFIRM128_RESERVED,add_sub_solvable,PZ2-CONFIRM-0067,0,0,32
GRPO43,43,CONFIRM128_RESERVED,requires_mul_or_div,PZ2-CONFIRM-0068,0,0,32
GRPO43,43,CONFIRM128_RESERVED,add_sub_solvable,PZ2-CONFIRM-0069,1,32,32
GRPO43,43,CONFIRM128_RESERVED,requires_mul_or_div,PZ2-CONFIRM-0070,0,0,32
GRPO43,43,CONFIRM128_RESERVED,add_sub_solvable,PZ2-CONFIRM-0071,1,31,32
GRPO43,43,CONFIRM128_RESERVED,requires_mul_or_div,PZ2-CONFIRM-0072,0,0,32
GRPO43,43,CONFIRM128_RESERVED,add_sub_solvable,PZ2-CONFIRM-0073,1,18,32
GRPO43,43,CONFIRM128_RESERVED,requires_mul_or_div,PZ2-CONFIRM-0074,0,0,32
GRPO43,43,CONFIRM128_RESERVED,add_sub_solvable,PZ2-CONFIRM-0075,1,26,32
GRPO43,43,CONFIRM128_RESERVED,requires_mul_or_div,PZ2-CONFIRM-0076,0,0,32
GRPO43,43,CONFIRM128_RESERVED,add_sub_solvable,PZ2-CONFIRM-0077,0,0,32
GRPO43,43,CONFIRM128_RESERVED,requires_mul_or_div,PZ2-CONFIRM-0078,0,6,32
GRPO43,43,CONFIRM128_RESERVED,add_sub_solvable,PZ2-CONFIRM-0079,0,0,32
GRPO43,43,CONFIRM128_RESERVED,requires_mul_or_div,PZ2-CONFIRM-0080,0,0,32
GRPO43,43,CONFIRM128_RESERVED,add_sub_solvable,PZ2-CONFIRM-0081,1,25,32
GRPO43,43,CONFIRM128_RESERVED,requires_mul_or_div,PZ2-CONFIRM-0082,0,0,32
GRPO43,43,CONFIRM128_RESERVED,add_sub_solvable,PZ2-CONFIRM-0083,1,31,32
GRPO43,43,CONFIRM128_RESERVED,requires_mul_or_div,PZ2-CONFIRM-0084,0,1,32
GRPO43,43,CONFIRM128_RESERVED,add_sub_solvable,PZ2-CONFIRM-0085,1,32,32
GRPO43,43,CONFIRM128_RESERVED,requires_mul_or_div,PZ2-CONFIRM-0086,0,0,32
GRPO43,43,CONFIRM128_RESERVED,add_sub_solvable,PZ2-CONFIRM-0087,0,9,32
GRPO43,43,CONFIRM128_RESERVED,requires_mul_or_div,PZ2-CONFIRM-0088,0,0,32
GRPO43,43,CONFIRM128_RESERVED,add_sub_solvable,PZ2-CONFIRM-0089,1,28,32
GRPO43,43,CONFIRM128_RESERVED,requires_mul_or_div,PZ2-CONFIRM-0090,0,1,32
GRPO43,43,CONFIRM128_RESERVED,add_sub_solvable,PZ2-CONFIRM-0091,1,19,32
GRPO43,43,CONFIRM128_RESERVED,requires_mul_or_div,PZ2-CONFIRM-0092,0,1,32
GRPO43,43,CONFIRM128_RESERVED,add_sub_solvable,PZ2-CONFIRM-0093,0,1,32
GRPO43,43,CONFIRM128_RESERVED,requires_mul_or_div,PZ2-CONFIRM-0094,0,7,32
GRPO43,43,CONFIRM128_RESERVED,add_sub_solvable,PZ2-CONFIRM-0095,1,31,32
GRPO43,43,CONFIRM128_RESERVED,requires_mul_or_div,PZ2-CONFIRM-0096,0,0,32
GRPO43,43,CONFIRM128_RESERVED,add_sub_solvable,PZ2-CONFIRM-0097,0,0,32
GRPO43,43,CONFIRM128_RESERVED,requires_mul_or_div,PZ2-CONFIRM-0098,0,0,32
GRPO43,43,CONFIRM128_RESERVED,add_sub_solvable,PZ2-CONFIRM-0099,1,27,32
GRPO43,43,CONFIRM128_RESERVED,requires_mul_or_div,PZ2-CONFIRM-0100,0,0,32
GRPO43,43,CONFIRM128_RESERVED,add_sub_solvable,PZ2-CONFIRM-0101,0,0,32
GRPO43,43,CONFIRM128_RESERVED,requires_mul_or_div,PZ2-CONFIRM-0102,0,1,32
GRPO43,43,CONFIRM128_RESERVED,add_sub_solvable,PZ2-CONFIRM-0103,1,28,32
GRPO43,43,CONFIRM128_RESERVED,requires_mul_or_div,PZ2-CONFIRM-0104,0,6,32
GRPO43,43,CONFIRM128_RESERVED,add_sub_solvable,PZ2-CONFIRM-0105,0,4,32
GRPO43,43,CONFIRM128_RESERVED,requires_mul_or_div,PZ2-CONFIRM-0106,0,1,32
GRPO43,43,CONFIRM128_RESERVED,add_sub_solvable,PZ2-CONFIRM-0107,0,0,32
GRPO43,43,CONFIRM128_RESERVED,requires_mul_or_div,PZ2-CONFIRM-0108,0,0,32
GRPO43,43,CONFIRM128_RESERVED,add_sub_solvable,PZ2-CONFIRM-0109,1,28,32
GRPO43,43,CONFIRM128_RESERVED,requires_mul_or_div,PZ2-CONFIRM-0110,1,25,32
GRPO43,43,CONFIRM128_RESERVED,add_sub_solvable,PZ2-CONFIRM-0111,0,14,32
GRPO43,43,CONFIRM128_RESERVED,requires_mul_or_div,PZ2-CONFIRM-0112,0,0,32
GRPO43,43,CONFIRM128_RESERVED,add_sub_solvable,PZ2-CONFIRM-0113,1,28,32
GRPO43,43,CONFIRM128_RESERVED,requires_mul_or_div,PZ2-CONFIRM-0114,0,2,32
GRPO43,43,CONFIRM128_RESERVED,add_sub_solvable,PZ2-CONFIRM-0115,0,0,32
GRPO43,43,CONFIRM128_RESERVED,requires_mul_or_div,PZ2-CONFIRM-0116,0,0,32
GRPO43,43,CONFIRM128_RESERVED,add_sub_solvable,PZ2-CONFIRM-0117,0,7,32
GRPO43,43,CONFIRM128_RESERVED,requires_mul_or_div,PZ2-CONFIRM-0118,0,1,32
GRPO43,43,CONFIRM128_RESERVED,add_sub_solvable,PZ2-CONFIRM-0119,0,5,32
GRPO43,43,CONFIRM128_RESERVED,requires_mul_or_div,PZ2-CONFIRM-0120,0,1,32
GRPO43,43,CONFIRM128_RESERVED,add_sub_solvable,PZ2-CONFIRM-0121,1,32,32
GRPO43,43,CONFIRM128_RESERVED,requires_mul_or_div,PZ2-CONFIRM-0122,0,0,32
GRPO43,43,CONFIRM128_RESERVED,add_sub_solvable,PZ2-CONFIRM-0123,1,19,32
GRPO43,43,CONFIRM128_RESERVED,requires_mul_or_div,PZ2-CONFIRM-0124,0,0,32
GRPO43,43,CONFIRM128_RESERVED,add_sub_solvable,PZ2-CONFIRM-0125,0,1,32
GRPO43,43,CONFIRM128_RESERVED,requires_mul_or_div,PZ2-CONFIRM-0126,1,26,32
GRPO43,43,CONFIRM128_RESERVED,add_sub_solvable,PZ2-CONFIRM-0127,0,16,32
GRPO43,43,CONFIRM128_RESERVED,requires_mul_or_div,PZ2-CONFIRM-0128,0,2,32
RFT43,43,HISTORICAL_FINAL256_OBSERVED,add_sub_solvable,PZ1-FINAL-0001,0,0,32
RFT43,43,HISTORICAL_FINAL256_OBSERVED,requires_mul_or_div,PZ1-FINAL-0002,0,0,32
RFT43,43,HISTORICAL_FINAL256_OBSERVED,add_sub_solvable,PZ1-FINAL-0003,1,32,32
RFT43,43,HISTORICAL_FINAL256_OBSERVED,requires_mul_or_div,PZ1-FINAL-0004,0,0,32
RFT43,43,HISTORICAL_FINAL256_OBSERVED,add_sub_solvable,PZ1-FINAL-0005,1,32,32
RFT43,43,HISTORICAL_FINAL256_OBSERVED,requires_mul_or_div,PZ1-FINAL-0006,0,0,32
RFT43,43,HISTORICAL_FINAL256_OBSERVED,add_sub_solvable,PZ1-FINAL-0007,0,0,32
RFT43,43,HISTORICAL_FINAL256_OBSERVED,requires_mul_or_div,PZ1-FINAL-0008,0,0,32
RFT43,43,HISTORICAL_FINAL256_OBSERVED,add_sub_solvable,PZ1-FINAL-0009,1,32,32
RFT43,43,HISTORICAL_FINAL256_OBSERVED,requires_mul_or_div,PZ1-FINAL-0010,0,0,32
RFT43,43,HISTORICAL_FINAL256_OBSERVED,add_sub_solvable,PZ1-FINAL-0011,1,31,32
RFT43,43,HISTORICAL_FINAL256_OBSERVED,requires_mul_or_div,PZ1-FINAL-0012,0,0,32
RFT43,43,HISTORICAL_FINAL256_OBSERVED,add_sub_solvable,PZ1-FINAL-0013,1,32,32
RFT43,43,HISTORICAL_FINAL256_OBSERVED,requires_mul_or_div,PZ1-FINAL-0014,1,14,32
RFT43,43,HISTORICAL_FINAL256_OBSERVED,add_sub_solvable,PZ1-FINAL-0015,1,30,32
RFT43,43,HISTORICAL_FINAL256_OBSERVED,requires_mul_or_div,PZ1-FINAL-0016,0,0,32
RFT43,43,HISTORICAL_FINAL256_OBSERVED,add_sub_solvable,PZ1-FINAL-0017,1,27,32
RFT43,43,HISTORICAL_FINAL256_OBSERVED,requires_mul_or_div,PZ1-FINAL-0018,0,0,32
RFT43,43,HISTORICAL_FINAL256_OBSERVED,add_sub_solvable,PZ1-FINAL-0019,0,0,32
RFT43,43,HISTORICAL_FINAL256_OBSERVED,requires_mul_or_div,PZ1-FINAL-0020,0,0,32
RFT43,43,HISTORICAL_FINAL256_OBSERVED,add_sub_solvable,PZ1-FINAL-0021,0,2,32
RFT43,43,HISTORICAL_FINAL256_OBSERVED,requires_mul_or_div,PZ1-FINAL-0022,0,0,32
RFT43,43,HISTORICAL_FINAL256_OBSERVED,add_sub_solvable,PZ1-FINAL-0023,1,32,32
RFT43,43,HISTORICAL_FINAL256_OBSERVED,requires_mul_or_div,PZ1-FINAL-0024,0,0,32
RFT43,43,HISTORICAL_FINAL256_OBSERVED,add_sub_solvable,PZ1-FINAL-0025,1,32,32
RFT43,43,HISTORICAL_FINAL256_OBSERVED,requires_mul_or_div,PZ1-FINAL-0026,0,0,32
RFT43,43,HISTORICAL_FINAL256_OBSERVED,add_sub_solvable,PZ1-FINAL-0027,1,32,32
RFT43,43,HISTORICAL_FINAL256_OBSERVED,requires_mul_or_div,PZ1-FINAL-0028,0,0,32
RFT43,43,HISTORICAL_FINAL256_OBSERVED,add_sub_solvable,PZ1-FINAL-0029,1,31,32
RFT43,43,HISTORICAL_FINAL256_OBSERVED,requires_mul_or_div,PZ1-FINAL-0030,0,0,32
RFT43,43,HISTORICAL_FINAL256_OBSERVED,add_sub_solvable,PZ1-FINAL-0031,0,11,32
RFT43,43,HISTORICAL_FINAL256_OBSERVED,requires_mul_or_div,PZ1-FINAL-0032,0,0,32
RFT43,43,HISTORICAL_FINAL256_OBSERVED,add_sub_solvable,PZ1-FINAL-0033,1,32,32
RFT43,43,HISTORICAL_FINAL256_OBSERVED,requires_mul_or_div,PZ1-FINAL-0034,0,0,32
RFT43,43,HISTORICAL_FINAL256_OBSERVED,add_sub_solvable,PZ1-FINAL-0035,1,32,32
RFT43,43,HISTORICAL_FINAL256_OBSERVED,requires_mul_or_div,PZ1-FINAL-0036,0,0,32
RFT43,43,HISTORICAL_FINAL256_OBSERVED,add_sub_solvable,PZ1-FINAL-0037,0,0,32
RFT43,43,HISTORICAL_FINAL256_OBSERVED,requires_mul_or_div,PZ1-FINAL-0038,1,25,32
RFT43,43,HISTORICAL_FINAL256_OBSERVED,add_sub_solvable,PZ1-FINAL-0039,0,0,32
RFT43,43,HISTORICAL_FINAL256_OBSERVED,requires_mul_or_div,PZ1-FINAL-0040,0,0,32
RFT43,43,HISTORICAL_FINAL256_OBSERVED,add_sub_solvable,PZ1-FINAL-0041,0,0,32
RFT43,43,HISTORICAL_FINAL256_OBSERVED,requires_mul_or_div,PZ1-FINAL-0042,0,0,32
RFT43,43,HISTORICAL_FINAL256_OBSERVED,add_sub_solvable,PZ1-FINAL-0043,1,17,32
RFT43,43,HISTORICAL_FINAL256_OBSERVED,requires_mul_or_div,PZ1-FINAL-0044,0,0,32
RFT43,43,HISTORICAL_FINAL256_OBSERVED,add_sub_solvable,PZ1-FINAL-0045,1,32,32
RFT43,43,HISTORICAL_FINAL256_OBSERVED,requires_mul_or_div,PZ1-FINAL-0046,1,29,32
RFT43,43,HISTORICAL_FINAL256_OBSERVED,add_sub_solvable,PZ1-FINAL-0047,0,0,32
RFT43,43,HISTORICAL_FINAL256_OBSERVED,requires_mul_or_div,PZ1-FINAL-0048,0,0,32
RFT43,43,HISTORICAL_FINAL256_OBSERVED,add_sub_solvable,PZ1-FINAL-0049,1,31,32
RFT43,43,HISTORICAL_FINAL256_OBSERVED,requires_mul_or_div,PZ1-FINAL-0050,0,4,32
RFT43,43,HISTORICAL_FINAL256_OBSERVED,add_sub_solvable,PZ1-FINAL-0051,1,30,32
RFT43,43,HISTORICAL_FINAL256_OBSERVED,requires_mul_or_div,PZ1-FINAL-0052,0,3,32
RFT43,43,HISTORICAL_FINAL256_OBSERVED,add_sub_solvable,PZ1-FINAL-0053,1,32,32
RFT43,43,HISTORICAL_FINAL256_OBSERVED,requires_mul_or_div,PZ1-FINAL-0054,0,0,32
RFT43,43,HISTORICAL_FINAL256_OBSERVED,add_sub_solvable,PZ1-FINAL-0055,1,31,32
RFT43,43,HISTORICAL_FINAL256_OBSERVED,requires_mul_or_div,PZ1-FINAL-0056,0,0,32
RFT43,43,HISTORICAL_FINAL256_OBSERVED,add_sub_solvable,PZ1-FINAL-0057,1,20,32
RFT43,43,HISTORICAL_FINAL256_OBSERVED,requires_mul_or_div,PZ1-FINAL-0058,0,0,32
RFT43,43,HISTORICAL_FINAL256_OBSERVED,add_sub_solvable,PZ1-FINAL-0059,0,0,32
RFT43,43,HISTORICAL_FINAL256_OBSERVED,requires_mul_or_div,PZ1-FINAL-0060,0,0,32
RFT43,43,HISTORICAL_FINAL256_OBSERVED,add_sub_solvable,PZ1-FINAL-0061,1,32,32
RFT43,43,HISTORICAL_FINAL256_OBSERVED,requires_mul_or_div,PZ1-FINAL-0062,0,0,32
RFT43,43,HISTORICAL_FINAL256_OBSERVED,add_sub_solvable,PZ1-FINAL-0063,1,31,32
RFT43,43,HISTORICAL_FINAL256_OBSERVED,requires_mul_or_div,PZ1-FINAL-0064,0,0,32
RFT43,43,HISTORICAL_FINAL256_OBSERVED,add_sub_solvable,PZ1-FINAL-0065,0,0,32
RFT43,43,HISTORICAL_FINAL256_OBSERVED,requires_mul_or_div,PZ1-FINAL-0066,0,0,32
RFT43,43,HISTORICAL_FINAL256_OBSERVED,add_sub_solvable,PZ1-FINAL-0067,0,0,32
RFT43,43,HISTORICAL_FINAL256_OBSERVED,requires_mul_or_div,PZ1-FINAL-0068,0,0,32
RFT43,43,HISTORICAL_FINAL256_OBSERVED,add_sub_solvable,PZ1-FINAL-0069,0,0,32
RFT43,43,HISTORICAL_FINAL256_OBSERVED,requires_mul_or_div,PZ1-FINAL-0070,0,0,32
RFT43,43,HISTORICAL_FINAL256_OBSERVED,add_sub_solvable,PZ1-FINAL-0071,1,32,32
RFT43,43,HISTORICAL_FINAL256_OBSERVED,requires_mul_or_div,PZ1-FINAL-0072,0,0,32
RFT43,43,HISTORICAL_FINAL256_OBSERVED,add_sub_solvable,PZ1-FINAL-0073,0,0,32
RFT43,43,HISTORICAL_FINAL256_OBSERVED,requires_mul_or_div,PZ1-FINAL-0074,0,0,32
RFT43,43,HISTORICAL_FINAL256_OBSERVED,add_sub_solvable,PZ1-FINAL-0075,0,0,32
RFT43,43,HISTORICAL_FINAL256_OBSERVED,requires_mul_or_div,PZ1-FINAL-0076,0,3,32
RFT43,43,HISTORICAL_FINAL256_OBSERVED,add_sub_solvable,PZ1-FINAL-0077,1,32,32
RFT43,43,HISTORICAL_FINAL256_OBSERVED,requires_mul_or_div,PZ1-FINAL-0078,0,0,32
RFT43,43,HISTORICAL_FINAL256_OBSERVED,add_sub_solvable,PZ1-FINAL-0079,1,31,32
RFT43,43,HISTORICAL_FINAL256_OBSERVED,requires_mul_or_div,PZ1-FINAL-0080,0,0,32
RFT43,43,HISTORICAL_FINAL256_OBSERVED,add_sub_solvable,PZ1-FINAL-0081,0,0,32
RFT43,43,HISTORICAL_FINAL256_OBSERVED,requires_mul_or_div,PZ1-FINAL-0082,0,0,32
RFT43,43,HISTORICAL_FINAL256_OBSERVED,add_sub_solvable,PZ1-FINAL-0083,1,32,32
RFT43,43,HISTORICAL_FINAL256_OBSERVED,requires_mul_or_div,PZ1-FINAL-0084,0,0,32
RFT43,43,HISTORICAL_FINAL256_OBSERVED,add_sub_solvable,PZ1-FINAL-0085,0,0,32
RFT43,43,HISTORICAL_FINAL256_OBSERVED,requires_mul_or_div,PZ1-FINAL-0086,0,0,32
RFT43,43,HISTORICAL_FINAL256_OBSERVED,add_sub_solvable,PZ1-FINAL-0087,1,32,32
RFT43,43,HISTORICAL_FINAL256_OBSERVED,requires_mul_or_div,PZ1-FINAL-0088,0,0,32
RFT43,43,HISTORICAL_FINAL256_OBSERVED,add_sub_solvable,PZ1-FINAL-0089,0,0,32
RFT43,43,HISTORICAL_FINAL256_OBSERVED,requires_mul_or_div,PZ1-FINAL-0090,0,0,32
RFT43,43,HISTORICAL_FINAL256_OBSERVED,add_sub_solvable,PZ1-FINAL-0091,1,32,32
RFT43,43,HISTORICAL_FINAL256_OBSERVED,requires_mul_or_div,PZ1-FINAL-0092,0,7,32
RFT43,43,HISTORICAL_FINAL256_OBSERVED,add_sub_solvable,PZ1-FINAL-0093,1,32,32
RFT43,43,HISTORICAL_FINAL256_OBSERVED,requires_mul_or_div,PZ1-FINAL-0094,0,0,32
RFT43,43,HISTORICAL_FINAL256_OBSERVED,add_sub_solvable,PZ1-FINAL-0095,1,32,32
RFT43,43,HISTORICAL_FINAL256_OBSERVED,requires_mul_or_div,PZ1-FINAL-0096,0,0,32
RFT43,43,HISTORICAL_FINAL256_OBSERVED,add_sub_solvable,PZ1-FINAL-0097,1,30,32
RFT43,43,HISTORICAL_FINAL256_OBSERVED,requires_mul_or_div,PZ1-FINAL-0098,0,0,32
RFT43,43,HISTORICAL_FINAL256_OBSERVED,add_sub_solvable,PZ1-FINAL-0099,1,32,32
RFT43,43,HISTORICAL_FINAL256_OBSERVED,requires_mul_or_div,PZ1-FINAL-0100,1,17,32
RFT43,43,HISTORICAL_FINAL256_OBSERVED,add_sub_solvable,PZ1-FINAL-0101,1,31,32
RFT43,43,HISTORICAL_FINAL256_OBSERVED,requires_mul_or_div,PZ1-FINAL-0102,0,0,32
RFT43,43,HISTORICAL_FINAL256_OBSERVED,add_sub_solvable,PZ1-FINAL-0103,1,29,32
RFT43,43,HISTORICAL_FINAL256_OBSERVED,requires_mul_or_div,PZ1-FINAL-0104,0,0,32
RFT43,43,HISTORICAL_FINAL256_OBSERVED,add_sub_solvable,PZ1-FINAL-0105,1,32,32
RFT43,43,HISTORICAL_FINAL256_OBSERVED,requires_mul_or_div,PZ1-FINAL-0106,0,0,32
RFT43,43,HISTORICAL_FINAL256_OBSERVED,add_sub_solvable,PZ1-FINAL-0107,1,24,32
RFT43,43,HISTORICAL_FINAL256_OBSERVED,requires_mul_or_div,PZ1-FINAL-0108,0,0,32
RFT43,43,HISTORICAL_FINAL256_OBSERVED,add_sub_solvable,PZ1-FINAL-0109,0,18,32
RFT43,43,HISTORICAL_FINAL256_OBSERVED,requires_mul_or_div,PZ1-FINAL-0110,1,17,32
RFT43,43,HISTORICAL_FINAL256_OBSERVED,add_sub_solvable,PZ1-FINAL-0111,0,0,32
RFT43,43,HISTORICAL_FINAL256_OBSERVED,requires_mul_or_div,PZ1-FINAL-0112,0,0,32
RFT43,43,HISTORICAL_FINAL256_OBSERVED,add_sub_solvable,PZ1-FINAL-0113,0,0,32
RFT43,43,HISTORICAL_FINAL256_OBSERVED,requires_mul_or_div,PZ1-FINAL-0114,0,0,32
RFT43,43,HISTORICAL_FINAL256_OBSERVED,add_sub_solvable,PZ1-FINAL-0115,1,32,32
RFT43,43,HISTORICAL_FINAL256_OBSERVED,requires_mul_or_div,PZ1-FINAL-0116,0,0,32
RFT43,43,HISTORICAL_FINAL256_OBSERVED,add_sub_solvable,PZ1-FINAL-0117,1,32,32
RFT43,43,HISTORICAL_FINAL256_OBSERVED,requires_mul_or_div,PZ1-FINAL-0118,0,0,32
RFT43,43,HISTORICAL_FINAL256_OBSERVED,add_sub_solvable,PZ1-FINAL-0119,1,32,32
RFT43,43,HISTORICAL_FINAL256_OBSERVED,requires_mul_or_div,PZ1-FINAL-0120,0,6,32
RFT43,43,HISTORICAL_FINAL256_OBSERVED,add_sub_solvable,PZ1-FINAL-0121,0,0,32
RFT43,43,HISTORICAL_FINAL256_OBSERVED,requires_mul_or_div,PZ1-FINAL-0122,0,0,32
RFT43,43,HISTORICAL_FINAL256_OBSERVED,add_sub_solvable,PZ1-FINAL-0123,1,32,32
RFT43,43,HISTORICAL_FINAL256_OBSERVED,requires_mul_or_div,PZ1-FINAL-0124,1,32,32
RFT43,43,HISTORICAL_FINAL256_OBSERVED,add_sub_solvable,PZ1-FINAL-0125,0,4,32
RFT43,43,HISTORICAL_FINAL256_OBSERVED,requires_mul_or_div,PZ1-FINAL-0126,0,0,32
RFT43,43,HISTORICAL_FINAL256_OBSERVED,add_sub_solvable,PZ1-FINAL-0127,1,32,32
RFT43,43,HISTORICAL_FINAL256_OBSERVED,requires_mul_or_div,PZ1-FINAL-0128,0,0,32
RFT43,43,HISTORICAL_FINAL256_OBSERVED,add_sub_solvable,PZ1-FINAL-0129,0,0,32
RFT43,43,HISTORICAL_FINAL256_OBSERVED,requires_mul_or_div,PZ1-FINAL-0130,0,0,32
RFT43,43,HISTORICAL_FINAL256_OBSERVED,add_sub_solvable,PZ1-FINAL-0131,0,0,32
RFT43,43,HISTORICAL_FINAL256_OBSERVED,requires_mul_or_div,PZ1-FINAL-0132,0,0,32
RFT43,43,HISTORICAL_FINAL256_OBSERVED,add_sub_solvable,PZ1-FINAL-0133,1,29,32
RFT43,43,HISTORICAL_FINAL256_OBSERVED,requires_mul_or_div,PZ1-FINAL-0134,0,0,32
RFT43,43,HISTORICAL_FINAL256_OBSERVED,add_sub_solvable,PZ1-FINAL-0135,1,27,32
RFT43,43,HISTORICAL_FINAL256_OBSERVED,requires_mul_or_div,PZ1-FINAL-0136,0,0,32
RFT43,43,HISTORICAL_FINAL256_OBSERVED,add_sub_solvable,PZ1-FINAL-0137,0,0,32
RFT43,43,HISTORICAL_FINAL256_OBSERVED,requires_mul_or_div,PZ1-FINAL-0138,1,21,32
RFT43,43,HISTORICAL_FINAL256_OBSERVED,add_sub_solvable,PZ1-FINAL-0139,1,32,32
RFT43,43,HISTORICAL_FINAL256_OBSERVED,requires_mul_or_div,PZ1-FINAL-0140,0,2,32
RFT43,43,HISTORICAL_FINAL256_OBSERVED,add_sub_solvable,PZ1-FINAL-0141,0,0,32
RFT43,43,HISTORICAL_FINAL256_OBSERVED,requires_mul_or_div,PZ1-FINAL-0142,0,0,32
RFT43,43,HISTORICAL_FINAL256_OBSERVED,add_sub_solvable,PZ1-FINAL-0143,1,32,32
RFT43,43,HISTORICAL_FINAL256_OBSERVED,requires_mul_or_div,PZ1-FINAL-0144,0,0,32
RFT43,43,HISTORICAL_FINAL256_OBSERVED,add_sub_solvable,PZ1-FINAL-0145,0,0,32
RFT43,43,HISTORICAL_FINAL256_OBSERVED,requires_mul_or_div,PZ1-FINAL-0146,0,0,32
RFT43,43,HISTORICAL_FINAL256_OBSERVED,add_sub_solvable,PZ1-FINAL-0147,1,32,32
RFT43,43,HISTORICAL_FINAL256_OBSERVED,requires_mul_or_div,PZ1-FINAL-0148,0,6,32
RFT43,43,HISTORICAL_FINAL256_OBSERVED,add_sub_solvable,PZ1-FINAL-0149,1,32,32
RFT43,43,HISTORICAL_FINAL256_OBSERVED,requires_mul_or_div,PZ1-FINAL-0150,0,0,32
RFT43,43,HISTORICAL_FINAL256_OBSERVED,add_sub_solvable,PZ1-FINAL-0151,0,1,32
RFT43,43,HISTORICAL_FINAL256_OBSERVED,requires_mul_or_div,PZ1-FINAL-0152,0,0,32
RFT43,43,HISTORICAL_FINAL256_OBSERVED,add_sub_solvable,PZ1-FINAL-0153,1,31,32
RFT43,43,HISTORICAL_FINAL256_OBSERVED,requires_mul_or_div,PZ1-FINAL-0154,0,0,32
RFT43,43,HISTORICAL_FINAL256_OBSERVED,add_sub_solvable,PZ1-FINAL-0155,1,32,32
RFT43,43,HISTORICAL_FINAL256_OBSERVED,requires_mul_or_div,PZ1-FINAL-0156,0,0,32
RFT43,43,HISTORICAL_FINAL256_OBSERVED,add_sub_solvable,PZ1-FINAL-0157,1,32,32
RFT43,43,HISTORICAL_FINAL256_OBSERVED,requires_mul_or_div,PZ1-FINAL-0158,0,0,32
RFT43,43,HISTORICAL_FINAL256_OBSERVED,add_sub_solvable,PZ1-FINAL-0159,0,1,32
RFT43,43,HISTORICAL_FINAL256_OBSERVED,requires_mul_or_div,PZ1-FINAL-0160,0,0,32
RFT43,43,HISTORICAL_FINAL256_OBSERVED,add_sub_solvable,PZ1-FINAL-0161,0,0,32
RFT43,43,HISTORICAL_FINAL256_OBSERVED,requires_mul_or_div,PZ1-FINAL-0162,1,30,32
RFT43,43,HISTORICAL_FINAL256_OBSERVED,add_sub_solvable,PZ1-FINAL-0163,0,0,32
RFT43,43,HISTORICAL_FINAL256_OBSERVED,requires_mul_or_div,PZ1-FINAL-0164,0,0,32
RFT43,43,HISTORICAL_FINAL256_OBSERVED,add_sub_solvable,PZ1-FINAL-0165,1,32,32
RFT43,43,HISTORICAL_FINAL256_OBSERVED,requires_mul_or_div,PZ1-FINAL-0166,0,0,32
RFT43,43,HISTORICAL_FINAL256_OBSERVED,add_sub_solvable,PZ1-FINAL-0167,1,32,32
RFT43,43,HISTORICAL_FINAL256_OBSERVED,requires_mul_or_div,PZ1-FINAL-0168,0,0,32
RFT43,43,HISTORICAL_FINAL256_OBSERVED,add_sub_solvable,PZ1-FINAL-0169,0,1,32
RFT43,43,HISTORICAL_FINAL256_OBSERVED,requires_mul_or_div,PZ1-FINAL-0170,0,0,32
RFT43,43,HISTORICAL_FINAL256_OBSERVED,add_sub_solvable,PZ1-FINAL-0171,1,31,32
RFT43,43,HISTORICAL_FINAL256_OBSERVED,requires_mul_or_div,PZ1-FINAL-0172,0,0,32
RFT43,43,HISTORICAL_FINAL256_OBSERVED,add_sub_solvable,PZ1-FINAL-0173,1,32,32
RFT43,43,HISTORICAL_FINAL256_OBSERVED,requires_mul_or_div,PZ1-FINAL-0174,0,0,32
RFT43,43,HISTORICAL_FINAL256_OBSERVED,add_sub_solvable,PZ1-FINAL-0175,0,4,32
RFT43,43,HISTORICAL_FINAL256_OBSERVED,requires_mul_or_div,PZ1-FINAL-0176,0,0,32
RFT43,43,HISTORICAL_FINAL256_OBSERVED,add_sub_solvable,PZ1-FINAL-0177,1,31,32
RFT43,43,HISTORICAL_FINAL256_OBSERVED,requires_mul_or_div,PZ1-FINAL-0178,0,1,32
RFT43,43,HISTORICAL_FINAL256_OBSERVED,add_sub_solvable,PZ1-FINAL-0179,1,27,32
RFT43,43,HISTORICAL_FINAL256_OBSERVED,requires_mul_or_div,PZ1-FINAL-0180,0,0,32
RFT43,43,HISTORICAL_FINAL256_OBSERVED,add_sub_solvable,PZ1-FINAL-0181,0,0,32
RFT43,43,HISTORICAL_FINAL256_OBSERVED,requires_mul_or_div,PZ1-FINAL-0182,1,29,32
RFT43,43,HISTORICAL_FINAL256_OBSERVED,add_sub_solvable,PZ1-FINAL-0183,1,32,32
RFT43,43,HISTORICAL_FINAL256_OBSERVED,requires_mul_or_div,PZ1-FINAL-0184,0,0,32
RFT43,43,HISTORICAL_FINAL256_OBSERVED,add_sub_solvable,PZ1-FINAL-0185,1,32,32
RFT43,43,HISTORICAL_FINAL256_OBSERVED,requires_mul_or_div,PZ1-FINAL-0186,0,0,32
RFT43,43,HISTORICAL_FINAL256_OBSERVED,add_sub_solvable,PZ1-FINAL-0187,0,5,32
RFT43,43,HISTORICAL_FINAL256_OBSERVED,requires_mul_or_div,PZ1-FINAL-0188,0,0,32
RFT43,43,HISTORICAL_FINAL256_OBSERVED,add_sub_solvable,PZ1-FINAL-0189,1,30,32
RFT43,43,HISTORICAL_FINAL256_OBSERVED,requires_mul_or_div,PZ1-FINAL-0190,0,0,32
RFT43,43,HISTORICAL_FINAL256_OBSERVED,add_sub_solvable,PZ1-FINAL-0191,0,0,32
RFT43,43,HISTORICAL_FINAL256_OBSERVED,requires_mul_or_div,PZ1-FINAL-0192,0,0,32
RFT43,43,HISTORICAL_FINAL256_OBSERVED,add_sub_solvable,PZ1-FINAL-0193,1,32,32
RFT43,43,HISTORICAL_FINAL256_OBSERVED,requires_mul_or_div,PZ1-FINAL-0194,0,0,32
RFT43,43,HISTORICAL_FINAL256_OBSERVED,add_sub_solvable,PZ1-FINAL-0195,1,32,32
RFT43,43,HISTORICAL_FINAL256_OBSERVED,requires_mul_or_div,PZ1-FINAL-0196,0,0,32
RFT43,43,HISTORICAL_FINAL256_OBSERVED,add_sub_solvable,PZ1-FINAL-0197,1,28,32
RFT43,43,HISTORICAL_FINAL256_OBSERVED,requires_mul_or_div,PZ1-FINAL-0198,0,0,32
RFT43,43,HISTORICAL_FINAL256_OBSERVED,add_sub_solvable,PZ1-FINAL-0199,1,32,32
RFT43,43,HISTORICAL_FINAL256_OBSERVED,requires_mul_or_div,PZ1-FINAL-0200,0,0,32
RFT43,43,HISTORICAL_FINAL256_OBSERVED,add_sub_solvable,PZ1-FINAL-0201,1,32,32
RFT43,43,HISTORICAL_FINAL256_OBSERVED,requires_mul_or_div,PZ1-FINAL-0202,1,30,32
RFT43,43,HISTORICAL_FINAL256_OBSERVED,add_sub_solvable,PZ1-FINAL-0203,1,32,32
RFT43,43,HISTORICAL_FINAL256_OBSERVED,requires_mul_or_div,PZ1-FINAL-0204,0,0,32
RFT43,43,HISTORICAL_FINAL256_OBSERVED,add_sub_solvable,PZ1-FINAL-0205,1,31,32
RFT43,43,HISTORICAL_FINAL256_OBSERVED,requires_mul_or_div,PZ1-FINAL-0206,0,0,32
RFT43,43,HISTORICAL_FINAL256_OBSERVED,add_sub_solvable,PZ1-FINAL-0207,1,23,32
RFT43,43,HISTORICAL_FINAL256_OBSERVED,requires_mul_or_div,PZ1-FINAL-0208,0,0,32
RFT43,43,HISTORICAL_FINAL256_OBSERVED,add_sub_solvable,PZ1-FINAL-0209,0,0,32
RFT43,43,HISTORICAL_FINAL256_OBSERVED,requires_mul_or_div,PZ1-FINAL-0210,0,0,32
RFT43,43,HISTORICAL_FINAL256_OBSERVED,add_sub_solvable,PZ1-FINAL-0211,0,6,32
RFT43,43,HISTORICAL_FINAL256_OBSERVED,requires_mul_or_div,PZ1-FINAL-0212,0,0,32
RFT43,43,HISTORICAL_FINAL256_OBSERVED,add_sub_solvable,PZ1-FINAL-0213,1,32,32
RFT43,43,HISTORICAL_FINAL256_OBSERVED,requires_mul_or_div,PZ1-FINAL-0214,0,0,32
RFT43,43,HISTORICAL_FINAL256_OBSERVED,add_sub_solvable,PZ1-FINAL-0215,1,31,32
RFT43,43,HISTORICAL_FINAL256_OBSERVED,requires_mul_or_div,PZ1-FINAL-0216,0,0,32
RFT43,43,HISTORICAL_FINAL256_OBSERVED,add_sub_solvable,PZ1-FINAL-0217,1,32,32
RFT43,43,HISTORICAL_FINAL256_OBSERVED,requires_mul_or_div,PZ1-FINAL-0218,0,1,32
RFT43,43,HISTORICAL_FINAL256_OBSERVED,add_sub_solvable,PZ1-FINAL-0219,0,0,32
RFT43,43,HISTORICAL_FINAL256_OBSERVED,requires_mul_or_div,PZ1-FINAL-0220,0,0,32
RFT43,43,HISTORICAL_FINAL256_OBSERVED,add_sub_solvable,PZ1-FINAL-0221,1,32,32
RFT43,43,HISTORICAL_FINAL256_OBSERVED,requires_mul_or_div,PZ1-FINAL-0222,0,2,32
RFT43,43,HISTORICAL_FINAL256_OBSERVED,add_sub_solvable,PZ1-FINAL-0223,1,32,32
RFT43,43,HISTORICAL_FINAL256_OBSERVED,requires_mul_or_div,PZ1-FINAL-0224,0,0,32
RFT43,43,HISTORICAL_FINAL256_OBSERVED,add_sub_solvable,PZ1-FINAL-0225,1,32,32
RFT43,43,HISTORICAL_FINAL256_OBSERVED,requires_mul_or_div,PZ1-FINAL-0226,0,1,32
RFT43,43,HISTORICAL_FINAL256_OBSERVED,add_sub_solvable,PZ1-FINAL-0227,0,0,32
RFT43,43,HISTORICAL_FINAL256_OBSERVED,requires_mul_or_div,PZ1-FINAL-0228,0,0,32
RFT43,43,HISTORICAL_FINAL256_OBSERVED,add_sub_solvable,PZ1-FINAL-0229,1,27,32
RFT43,43,HISTORICAL_FINAL256_OBSERVED,requires_mul_or_div,PZ1-FINAL-0230,0,0,32
RFT43,43,HISTORICAL_FINAL256_OBSERVED,add_sub_solvable,PZ1-FINAL-0231,0,0,32
RFT43,43,HISTORICAL_FINAL256_OBSERVED,requires_mul_or_div,PZ1-FINAL-0232,1,25,32
RFT43,43,HISTORICAL_FINAL256_OBSERVED,add_sub_solvable,PZ1-FINAL-0233,1,29,32
RFT43,43,HISTORICAL_FINAL256_OBSERVED,requires_mul_or_div,PZ1-FINAL-0234,0,0,32
RFT43,43,HISTORICAL_FINAL256_OBSERVED,add_sub_solvable,PZ1-FINAL-0235,1,32,32
RFT43,43,HISTORICAL_FINAL256_OBSERVED,requires_mul_or_div,PZ1-FINAL-0236,0,5,32
RFT43,43,HISTORICAL_FINAL256_OBSERVED,add_sub_solvable,PZ1-FINAL-0237,0,0,32
RFT43,43,HISTORICAL_FINAL256_OBSERVED,requires_mul_or_div,PZ1-FINAL-0238,0,0,32
RFT43,43,HISTORICAL_FINAL256_OBSERVED,add_sub_solvable,PZ1-FINAL-0239,0,1,32
RFT43,43,HISTORICAL_FINAL256_OBSERVED,requires_mul_or_div,PZ1-FINAL-0240,0,0,32
RFT43,43,HISTORICAL_FINAL256_OBSERVED,add_sub_solvable,PZ1-FINAL-0241,1,31,32
RFT43,43,HISTORICAL_FINAL256_OBSERVED,requires_mul_or_div,PZ1-FINAL-0242,0,0,32
RFT43,43,HISTORICAL_FINAL256_OBSERVED,add_sub_solvable,PZ1-FINAL-0243,1,32,32
RFT43,43,HISTORICAL_FINAL256_OBSERVED,requires_mul_or_div,PZ1-FINAL-0244,0,0,32
RFT43,43,HISTORICAL_FINAL256_OBSERVED,add_sub_solvable,PZ1-FINAL-0245,0,0,32
RFT43,43,HISTORICAL_FINAL256_OBSERVED,requires_mul_or_div,PZ1-FINAL-0246,0,0,32
RFT43,43,HISTORICAL_FINAL256_OBSERVED,add_sub_solvable,PZ1-FINAL-0247,1,31,32
RFT43,43,HISTORICAL_FINAL256_OBSERVED,requires_mul_or_div,PZ1-FINAL-0248,0,0,32
RFT43,43,HISTORICAL_FINAL256_OBSERVED,add_sub_solvable,PZ1-FINAL-0249,1,31,32
RFT43,43,HISTORICAL_FINAL256_OBSERVED,requires_mul_or_div,PZ1-FINAL-0250,0,0,32
RFT43,43,HISTORICAL_FINAL256_OBSERVED,add_sub_solvable,PZ1-FINAL-0251,0,0,32
RFT43,43,HISTORICAL_FINAL256_OBSERVED,requires_mul_or_div,PZ1-FINAL-0252,0,0,32
RFT43,43,HISTORICAL_FINAL256_OBSERVED,add_sub_solvable,PZ1-FINAL-0253,0,0,32
RFT43,43,HISTORICAL_FINAL256_OBSERVED,requires_mul_or_div,PZ1-FINAL-0254,0,0,32
RFT43,43,HISTORICAL_FINAL256_OBSERVED,add_sub_solvable,PZ1-FINAL-0255,0,0,32
RFT43,43,HISTORICAL_FINAL256_OBSERVED,requires_mul_or_div,PZ1-FINAL-0256,0,0,32
RFT43,43,CONFIRM128_RESERVED,add_sub_solvable,PZ2-CONFIRM-0001,1,32,32
RFT43,43,CONFIRM128_RESERVED,requires_mul_or_div,PZ2-CONFIRM-0002,0,0,32
RFT43,43,CONFIRM128_RESERVED,add_sub_solvable,PZ2-CONFIRM-0003,0,0,32
RFT43,43,CONFIRM128_RESERVED,requires_mul_or_div,PZ2-CONFIRM-0004,0,0,32
RFT43,43,CONFIRM128_RESERVED,add_sub_solvable,PZ2-CONFIRM-0005,0,0,32
RFT43,43,CONFIRM128_RESERVED,requires_mul_or_div,PZ2-CONFIRM-0006,1,31,32
RFT43,43,CONFIRM128_RESERVED,add_sub_solvable,PZ2-CONFIRM-0007,1,32,32
RFT43,43,CONFIRM128_RESERVED,requires_mul_or_div,PZ2-CONFIRM-0008,0,0,32
RFT43,43,CONFIRM128_RESERVED,add_sub_solvable,PZ2-CONFIRM-0009,0,9,32
RFT43,43,CONFIRM128_RESERVED,requires_mul_or_div,PZ2-CONFIRM-0010,0,0,32
RFT43,43,CONFIRM128_RESERVED,add_sub_solvable,PZ2-CONFIRM-0011,0,0,32
RFT43,43,CONFIRM128_RESERVED,requires_mul_or_div,PZ2-CONFIRM-0012,0,0,32
RFT43,43,CONFIRM128_RESERVED,add_sub_solvable,PZ2-CONFIRM-0013,1,27,32
RFT43,43,CONFIRM128_RESERVED,requires_mul_or_div,PZ2-CONFIRM-0014,0,0,32
RFT43,43,CONFIRM128_RESERVED,add_sub_solvable,PZ2-CONFIRM-0015,1,32,32
RFT43,43,CONFIRM128_RESERVED,requires_mul_or_div,PZ2-CONFIRM-0016,0,0,32
RFT43,43,CONFIRM128_RESERVED,add_sub_solvable,PZ2-CONFIRM-0017,1,32,32
RFT43,43,CONFIRM128_RESERVED,requires_mul_or_div,PZ2-CONFIRM-0018,0,0,32
RFT43,43,CONFIRM128_RESERVED,add_sub_solvable,PZ2-CONFIRM-0019,0,0,32
RFT43,43,CONFIRM128_RESERVED,requires_mul_or_div,PZ2-CONFIRM-0020,0,0,32
RFT43,43,CONFIRM128_RESERVED,add_sub_solvable,PZ2-CONFIRM-0021,1,31,32
RFT43,43,CONFIRM128_RESERVED,requires_mul_or_div,PZ2-CONFIRM-0022,0,0,32
RFT43,43,CONFIRM128_RESERVED,add_sub_solvable,PZ2-CONFIRM-0023,1,32,32
RFT43,43,CONFIRM128_RESERVED,requires_mul_or_div,PZ2-CONFIRM-0024,0,0,32
RFT43,43,CONFIRM128_RESERVED,add_sub_solvable,PZ2-CONFIRM-0025,0,1,32
RFT43,43,CONFIRM128_RESERVED,requires_mul_or_div,PZ2-CONFIRM-0026,0,0,32
RFT43,43,CONFIRM128_RESERVED,add_sub_solvable,PZ2-CONFIRM-0027,0,1,32
RFT43,43,CONFIRM128_RESERVED,requires_mul_or_div,PZ2-CONFIRM-0028,0,0,32
RFT43,43,CONFIRM128_RESERVED,add_sub_solvable,PZ2-CONFIRM-0029,1,32,32
RFT43,43,CONFIRM128_RESERVED,requires_mul_or_div,PZ2-CONFIRM-0030,0,1,32
RFT43,43,CONFIRM128_RESERVED,add_sub_solvable,PZ2-CONFIRM-0031,1,32,32
RFT43,43,CONFIRM128_RESERVED,requires_mul_or_div,PZ2-CONFIRM-0032,0,0,32
RFT43,43,CONFIRM128_RESERVED,add_sub_solvable,PZ2-CONFIRM-0033,1,32,32
RFT43,43,CONFIRM128_RESERVED,requires_mul_or_div,PZ2-CONFIRM-0034,0,0,32
RFT43,43,CONFIRM128_RESERVED,add_sub_solvable,PZ2-CONFIRM-0035,0,3,32
RFT43,43,CONFIRM128_RESERVED,requires_mul_or_div,PZ2-CONFIRM-0036,0,0,32
RFT43,43,CONFIRM128_RESERVED,add_sub_solvable,PZ2-CONFIRM-0037,1,32,32
RFT43,43,CONFIRM128_RESERVED,requires_mul_or_div,PZ2-CONFIRM-0038,0,0,32
RFT43,43,CONFIRM128_RESERVED,add_sub_solvable,PZ2-CONFIRM-0039,0,0,32
RFT43,43,CONFIRM128_RESERVED,requires_mul_or_div,PZ2-CONFIRM-0040,0,0,32
RFT43,43,CONFIRM128_RESERVED,add_sub_solvable,PZ2-CONFIRM-0041,1,32,32
RFT43,43,CONFIRM128_RESERVED,requires_mul_or_div,PZ2-CONFIRM-0042,0,0,32
RFT43,43,CONFIRM128_RESERVED,add_sub_solvable,PZ2-CONFIRM-0043,1,32,32
RFT43,43,CONFIRM128_RESERVED,requires_mul_or_div,PZ2-CONFIRM-0044,0,0,32
RFT43,43,CONFIRM128_RESERVED,add_sub_solvable,PZ2-CONFIRM-0045,1,32,32
RFT43,43,CONFIRM128_RESERVED,requires_mul_or_div,PZ2-CONFIRM-0046,0,0,32
RFT43,43,CONFIRM128_RESERVED,add_sub_solvable,PZ2-CONFIRM-0047,0,2,32
RFT43,43,CONFIRM128_RESERVED,requires_mul_or_div,PZ2-CONFIRM-0048,0,0,32
RFT43,43,CONFIRM128_RESERVED,add_sub_solvable,PZ2-CONFIRM-0049,1,32,32
RFT43,43,CONFIRM128_RESERVED,requires_mul_or_div,PZ2-CONFIRM-0050,0,0,32
RFT43,43,CONFIRM128_RESERVED,add_sub_solvable,PZ2-CONFIRM-0051,0,1,32
RFT43,43,CONFIRM128_RESERVED,requires_mul_or_div,PZ2-CONFIRM-0052,0,0,32
RFT43,43,CONFIRM128_RESERVED,add_sub_solvable,PZ2-CONFIRM-0053,1,32,32
RFT43,43,CONFIRM128_RESERVED,requires_mul_or_div,PZ2-CONFIRM-0054,0,0,32
RFT43,43,CONFIRM128_RESERVED,add_sub_solvable,PZ2-CONFIRM-0055,1,32,32
RFT43,43,CONFIRM128_RESERVED,requires_mul_or_div,PZ2-CONFIRM-0056,1,30,32
RFT43,43,CONFIRM128_RESERVED,add_sub_solvable,PZ2-CONFIRM-0057,0,0,32
RFT43,43,CONFIRM128_RESERVED,requires_mul_or_div,PZ2-CONFIRM-0058,1,21,32
RFT43,43,CONFIRM128_RESERVED,add_sub_solvable,PZ2-CONFIRM-0059,1,32,32
RFT43,43,CONFIRM128_RESERVED,requires_mul_or_div,PZ2-CONFIRM-0060,0,0,32
RFT43,43,CONFIRM128_RESERVED,add_sub_solvable,PZ2-CONFIRM-0061,1,19,32
RFT43,43,CONFIRM128_RESERVED,requires_mul_or_div,PZ2-CONFIRM-0062,0,0,32
RFT43,43,CONFIRM128_RESERVED,add_sub_solvable,PZ2-CONFIRM-0063,0,1,32
RFT43,43,CONFIRM128_RESERVED,requires_mul_or_div,PZ2-CONFIRM-0064,0,0,32
RFT43,43,CONFIRM128_RESERVED,add_sub_solvable,PZ2-CONFIRM-0065,0,0,32
RFT43,43,CONFIRM128_RESERVED,requires_mul_or_div,PZ2-CONFIRM-0066,0,0,32
RFT43,43,CONFIRM128_RESERVED,add_sub_solvable,PZ2-CONFIRM-0067,1,29,32
RFT43,43,CONFIRM128_RESERVED,requires_mul_or_div,PZ2-CONFIRM-0068,0,0,32
RFT43,43,CONFIRM128_RESERVED,add_sub_solvable,PZ2-CONFIRM-0069,1,32,32
RFT43,43,CONFIRM128_RESERVED,requires_mul_or_div,PZ2-CONFIRM-0070,0,0,32
RFT43,43,CONFIRM128_RESERVED,add_sub_solvable,PZ2-CONFIRM-0071,1,32,32
RFT43,43,CONFIRM128_RESERVED,requires_mul_or_div,PZ2-CONFIRM-0072,0,0,32
RFT43,43,CONFIRM128_RESERVED,add_sub_solvable,PZ2-CONFIRM-0073,1,31,32
RFT43,43,CONFIRM128_RESERVED,requires_mul_or_div,PZ2-CONFIRM-0074,0,0,32
RFT43,43,CONFIRM128_RESERVED,add_sub_solvable,PZ2-CONFIRM-0075,1,32,32
RFT43,43,CONFIRM128_RESERVED,requires_mul_or_div,PZ2-CONFIRM-0076,0,0,32
RFT43,43,CONFIRM128_RESERVED,add_sub_solvable,PZ2-CONFIRM-0077,0,0,32
RFT43,43,CONFIRM128_RESERVED,requires_mul_or_div,PZ2-CONFIRM-0078,0,10,32
RFT43,43,CONFIRM128_RESERVED,add_sub_solvable,PZ2-CONFIRM-0079,0,0,32
RFT43,43,CONFIRM128_RESERVED,requires_mul_or_div,PZ2-CONFIRM-0080,0,0,32
RFT43,43,CONFIRM128_RESERVED,add_sub_solvable,PZ2-CONFIRM-0081,1,32,32
RFT43,43,CONFIRM128_RESERVED,requires_mul_or_div,PZ2-CONFIRM-0082,0,0,32
RFT43,43,CONFIRM128_RESERVED,add_sub_solvable,PZ2-CONFIRM-0083,1,21,32
RFT43,43,CONFIRM128_RESERVED,requires_mul_or_div,PZ2-CONFIRM-0084,0,0,32
RFT43,43,CONFIRM128_RESERVED,add_sub_solvable,PZ2-CONFIRM-0085,1,32,32
RFT43,43,CONFIRM128_RESERVED,requires_mul_or_div,PZ2-CONFIRM-0086,0,0,32
RFT43,43,CONFIRM128_RESERVED,add_sub_solvable,PZ2-CONFIRM-0087,0,1,32
RFT43,43,CONFIRM128_RESERVED,requires_mul_or_div,PZ2-CONFIRM-0088,0,0,32
RFT43,43,CONFIRM128_RESERVED,add_sub_solvable,PZ2-CONFIRM-0089,1,26,32
RFT43,43,CONFIRM128_RESERVED,requires_mul_or_div,PZ2-CONFIRM-0090,0,0,32
RFT43,43,CONFIRM128_RESERVED,add_sub_solvable,PZ2-CONFIRM-0091,1,30,32
RFT43,43,CONFIRM128_RESERVED,requires_mul_or_div,PZ2-CONFIRM-0092,0,0,32
RFT43,43,CONFIRM128_RESERVED,add_sub_solvable,PZ2-CONFIRM-0093,0,0,32
RFT43,43,CONFIRM128_RESERVED,requires_mul_or_div,PZ2-CONFIRM-0094,0,0,32
RFT43,43,CONFIRM128_RESERVED,add_sub_solvable,PZ2-CONFIRM-0095,1,32,32
RFT43,43,CONFIRM128_RESERVED,requires_mul_or_div,PZ2-CONFIRM-0096,0,0,32
RFT43,43,CONFIRM128_RESERVED,add_sub_solvable,PZ2-CONFIRM-0097,0,0,32
RFT43,43,CONFIRM128_RESERVED,requires_mul_or_div,PZ2-CONFIRM-0098,0,0,32
RFT43,43,CONFIRM128_RESERVED,add_sub_solvable,PZ2-CONFIRM-0099,1,31,32
RFT43,43,CONFIRM128_RESERVED,requires_mul_or_div,PZ2-CONFIRM-0100,0,0,32
RFT43,43,CONFIRM128_RESERVED,add_sub_solvable,PZ2-CONFIRM-0101,0,0,32
RFT43,43,CONFIRM128_RESERVED,requires_mul_or_div,PZ2-CONFIRM-0102,0,7,32
RFT43,43,CONFIRM128_RESERVED,add_sub_solvable,PZ2-CONFIRM-0103,1,21,32
RFT43,43,CONFIRM128_RESERVED,requires_mul_or_div,PZ2-CONFIRM-0104,0,2,32
RFT43,43,CONFIRM128_RESERVED,add_sub_solvable,PZ2-CONFIRM-0105,0,2,32
RFT43,43,CONFIRM128_RESERVED,requires_mul_or_div,PZ2-CONFIRM-0106,0,0,32
RFT43,43,CONFIRM128_RESERVED,add_sub_solvable,PZ2-CONFIRM-0107,0,0,32
RFT43,43,CONFIRM128_RESERVED,requires_mul_or_div,PZ2-CONFIRM-0108,0,0,32
RFT43,43,CONFIRM128_RESERVED,add_sub_solvable,PZ2-CONFIRM-0109,1,32,32
RFT43,43,CONFIRM128_RESERVED,requires_mul_or_div,PZ2-CONFIRM-0110,1,29,32
RFT43,43,CONFIRM128_RESERVED,add_sub_solvable,PZ2-CONFIRM-0111,1,32,32
RFT43,43,CONFIRM128_RESERVED,requires_mul_or_div,PZ2-CONFIRM-0112,0,0,32
RFT43,43,CONFIRM128_RESERVED,add_sub_solvable,PZ2-CONFIRM-0113,1,32,32
RFT43,43,CONFIRM128_RESERVED,requires_mul_or_div,PZ2-CONFIRM-0114,0,0,32
RFT43,43,CONFIRM128_RESERVED,add_sub_solvable,PZ2-CONFIRM-0115,1,32,32
RFT43,43,CONFIRM128_RESERVED,requires_mul_or_div,PZ2-CONFIRM-0116,0,0,32
RFT43,43,CONFIRM128_RESERVED,add_sub_solvable,PZ2-CONFIRM-0117,0,0,32
RFT43,43,CONFIRM128_RESERVED,requires_mul_or_div,PZ2-CONFIRM-0118,0,0,32
RFT43,43,CONFIRM128_RESERVED,add_sub_solvable,PZ2-CONFIRM-0119,0,1,32
RFT43,43,CONFIRM128_RESERVED,requires_mul_or_div,PZ2-CONFIRM-0120,0,0,32
RFT43,43,CONFIRM128_RESERVED,add_sub_solvable,PZ2-CONFIRM-0121,1,23,32
RFT43,43,CONFIRM128_RESERVED,requires_mul_or_div,PZ2-CONFIRM-0122,0,0,32
RFT43,43,CONFIRM128_RESERVED,add_sub_solvable,PZ2-CONFIRM-0123,1,32,32
RFT43,43,CONFIRM128_RESERVED,requires_mul_or_div,PZ2-CONFIRM-0124,0,0,32
RFT43,43,CONFIRM128_RESERVED,add_sub_solvable,PZ2-CONFIRM-0125,0,0,32
RFT43,43,CONFIRM128_RESERVED,requires_mul_or_div,PZ2-CONFIRM-0126,1,26,32
RFT43,43,CONFIRM128_RESERVED,add_sub_solvable,PZ2-CONFIRM-0127,1,32,32
RFT43,43,CONFIRM128_RESERVED,requires_mul_or_div,PZ2-CONFIRM-0128,0,0,32
PPO_ZERO17,17,HISTORICAL_FINAL256_OBSERVED,add_sub_solvable,PZ1-FINAL-0001,0,10,32
PPO_ZERO17,17,HISTORICAL_FINAL256_OBSERVED,requires_mul_or_div,PZ1-FINAL-0002,0,0,32
PPO_ZERO17,17,HISTORICAL_FINAL256_OBSERVED,add_sub_solvable,PZ1-FINAL-0003,1,31,32
PPO_ZERO17,17,HISTORICAL_FINAL256_OBSERVED,requires_mul_or_div,PZ1-FINAL-0004,0,0,32
PPO_ZERO17,17,HISTORICAL_FINAL256_OBSERVED,add_sub_solvable,PZ1-FINAL-0005,1,29,32
PPO_ZERO17,17,HISTORICAL_FINAL256_OBSERVED,requires_mul_or_div,PZ1-FINAL-0006,0,0,32
PPO_ZERO17,17,HISTORICAL_FINAL256_OBSERVED,add_sub_solvable,PZ1-FINAL-0007,0,0,32
PPO_ZERO17,17,HISTORICAL_FINAL256_OBSERVED,requires_mul_or_div,PZ1-FINAL-0008,0,0,32
PPO_ZERO17,17,HISTORICAL_FINAL256_OBSERVED,add_sub_solvable,PZ1-FINAL-0009,0,2,32
PPO_ZERO17,17,HISTORICAL_FINAL256_OBSERVED,requires_mul_or_div,PZ1-FINAL-0010,0,0,32
PPO_ZERO17,17,HISTORICAL_FINAL256_OBSERVED,add_sub_solvable,PZ1-FINAL-0011,1,31,32
PPO_ZERO17,17,HISTORICAL_FINAL256_OBSERVED,requires_mul_or_div,PZ1-FINAL-0012,0,0,32
PPO_ZERO17,17,HISTORICAL_FINAL256_OBSERVED,add_sub_solvable,PZ1-FINAL-0013,0,1,32
PPO_ZERO17,17,HISTORICAL_FINAL256_OBSERVED,requires_mul_or_div,PZ1-FINAL-0014,1,9,32
PPO_ZERO17,17,HISTORICAL_FINAL256_OBSERVED,add_sub_solvable,PZ1-FINAL-0015,1,25,32
PPO_ZERO17,17,HISTORICAL_FINAL256_OBSERVED,requires_mul_or_div,PZ1-FINAL-0016,0,1,32
PPO_ZERO17,17,HISTORICAL_FINAL256_OBSERVED,add_sub_solvable,PZ1-FINAL-0017,1,23,32
PPO_ZERO17,17,HISTORICAL_FINAL256_OBSERVED,requires_mul_or_div,PZ1-FINAL-0018,0,0,32
PPO_ZERO17,17,HISTORICAL_FINAL256_OBSERVED,add_sub_solvable,PZ1-FINAL-0019,1,21,32
PPO_ZERO17,17,HISTORICAL_FINAL256_OBSERVED,requires_mul_or_div,PZ1-FINAL-0020,0,1,32
PPO_ZERO17,17,HISTORICAL_FINAL256_OBSERVED,add_sub_solvable,PZ1-FINAL-0021,1,25,32
PPO_ZERO17,17,HISTORICAL_FINAL256_OBSERVED,requires_mul_or_div,PZ1-FINAL-0022,0,4,32
PPO_ZERO17,17,HISTORICAL_FINAL256_OBSERVED,add_sub_solvable,PZ1-FINAL-0023,0,3,32
PPO_ZERO17,17,HISTORICAL_FINAL256_OBSERVED,requires_mul_or_div,PZ1-FINAL-0024,0,1,32
PPO_ZERO17,17,HISTORICAL_FINAL256_OBSERVED,add_sub_solvable,PZ1-FINAL-0025,0,12,32
PPO_ZERO17,17,HISTORICAL_FINAL256_OBSERVED,requires_mul_or_div,PZ1-FINAL-0026,0,1,32
PPO_ZERO17,17,HISTORICAL_FINAL256_OBSERVED,add_sub_solvable,PZ1-FINAL-0027,0,18,32
PPO_ZERO17,17,HISTORICAL_FINAL256_OBSERVED,requires_mul_or_div,PZ1-FINAL-0028,0,0,32
PPO_ZERO17,17,HISTORICAL_FINAL256_OBSERVED,add_sub_solvable,PZ1-FINAL-0029,1,28,32
PPO_ZERO17,17,HISTORICAL_FINAL256_OBSERVED,requires_mul_or_div,PZ1-FINAL-0030,0,1,32
PPO_ZERO17,17,HISTORICAL_FINAL256_OBSERVED,add_sub_solvable,PZ1-FINAL-0031,1,19,32
PPO_ZERO17,17,HISTORICAL_FINAL256_OBSERVED,requires_mul_or_div,PZ1-FINAL-0032,0,15,32
PPO_ZERO17,17,HISTORICAL_FINAL256_OBSERVED,add_sub_solvable,PZ1-FINAL-0033,1,30,32
PPO_ZERO17,17,HISTORICAL_FINAL256_OBSERVED,requires_mul_or_div,PZ1-FINAL-0034,0,0,32
PPO_ZERO17,17,HISTORICAL_FINAL256_OBSERVED,add_sub_solvable,PZ1-FINAL-0035,1,26,32
PPO_ZERO17,17,HISTORICAL_FINAL256_OBSERVED,requires_mul_or_div,PZ1-FINAL-0036,0,0,32
PPO_ZERO17,17,HISTORICAL_FINAL256_OBSERVED,add_sub_solvable,PZ1-FINAL-0037,0,18,32
PPO_ZERO17,17,HISTORICAL_FINAL256_OBSERVED,requires_mul_or_div,PZ1-FINAL-0038,1,24,32
PPO_ZERO17,17,HISTORICAL_FINAL256_OBSERVED,add_sub_solvable,PZ1-FINAL-0039,0,10,32
PPO_ZERO17,17,HISTORICAL_FINAL256_OBSERVED,requires_mul_or_div,PZ1-FINAL-0040,0,0,32
PPO_ZERO17,17,HISTORICAL_FINAL256_OBSERVED,add_sub_solvable,PZ1-FINAL-0041,0,0,32
PPO_ZERO17,17,HISTORICAL_FINAL256_OBSERVED,requires_mul_or_div,PZ1-FINAL-0042,0,0,32
PPO_ZERO17,17,HISTORICAL_FINAL256_OBSERVED,add_sub_solvable,PZ1-FINAL-0043,1,30,32
PPO_ZERO17,17,HISTORICAL_FINAL256_OBSERVED,requires_mul_or_div,PZ1-FINAL-0044,0,1,32
PPO_ZERO17,17,HISTORICAL_FINAL256_OBSERVED,add_sub_solvable,PZ1-FINAL-0045,1,31,32
PPO_ZERO17,17,HISTORICAL_FINAL256_OBSERVED,requires_mul_or_div,PZ1-FINAL-0046,1,22,32
PPO_ZERO17,17,HISTORICAL_FINAL256_OBSERVED,add_sub_solvable,PZ1-FINAL-0047,1,21,32
PPO_ZERO17,17,HISTORICAL_FINAL256_OBSERVED,requires_mul_or_div,PZ1-FINAL-0048,0,0,32
PPO_ZERO17,17,HISTORICAL_FINAL256_OBSERVED,add_sub_solvable,PZ1-FINAL-0049,1,22,32
PPO_ZERO17,17,HISTORICAL_FINAL256_OBSERVED,requires_mul_or_div,PZ1-FINAL-0050,1,21,32
PPO_ZERO17,17,HISTORICAL_FINAL256_OBSERVED,add_sub_solvable,PZ1-FINAL-0051,1,12,32
PPO_ZERO17,17,HISTORICAL_FINAL256_OBSERVED,requires_mul_or_div,PZ1-FINAL-0052,1,21,32
PPO_ZERO17,17,HISTORICAL_FINAL256_OBSERVED,add_sub_solvable,PZ1-FINAL-0053,1,32,32
PPO_ZERO17,17,HISTORICAL_FINAL256_OBSERVED,requires_mul_or_div,PZ1-FINAL-0054,0,0,32
PPO_ZERO17,17,HISTORICAL_FINAL256_OBSERVED,add_sub_solvable,PZ1-FINAL-0055,0,8,32
PPO_ZERO17,17,HISTORICAL_FINAL256_OBSERVED,requires_mul_or_div,PZ1-FINAL-0056,0,0,32
PPO_ZERO17,17,HISTORICAL_FINAL256_OBSERVED,add_sub_solvable,PZ1-FINAL-0057,0,0,32
PPO_ZERO17,17,HISTORICAL_FINAL256_OBSERVED,requires_mul_or_div,PZ1-FINAL-0058,0,0,32
PPO_ZERO17,17,HISTORICAL_FINAL256_OBSERVED,add_sub_solvable,PZ1-FINAL-0059,0,3,32
PPO_ZERO17,17,HISTORICAL_FINAL256_OBSERVED,requires_mul_or_div,PZ1-FINAL-0060,0,1,32
PPO_ZERO17,17,HISTORICAL_FINAL256_OBSERVED,add_sub_solvable,PZ1-FINAL-0061,1,28,32
PPO_ZERO17,17,HISTORICAL_FINAL256_OBSERVED,requires_mul_or_div,PZ1-FINAL-0062,0,0,32
PPO_ZERO17,17,HISTORICAL_FINAL256_OBSERVED,add_sub_solvable,PZ1-FINAL-0063,1,26,32
PPO_ZERO17,17,HISTORICAL_FINAL256_OBSERVED,requires_mul_or_div,PZ1-FINAL-0064,0,0,32
PPO_ZERO17,17,HISTORICAL_FINAL256_OBSERVED,add_sub_solvable,PZ1-FINAL-0065,0,2,32
PPO_ZERO17,17,HISTORICAL_FINAL256_OBSERVED,requires_mul_or_div,PZ1-FINAL-0066,0,0,32
PPO_ZERO17,17,HISTORICAL_FINAL256_OBSERVED,add_sub_solvable,PZ1-FINAL-0067,0,3,32
PPO_ZERO17,17,HISTORICAL_FINAL256_OBSERVED,requires_mul_or_div,PZ1-FINAL-0068,0,0,32
PPO_ZERO17,17,HISTORICAL_FINAL256_OBSERVED,add_sub_solvable,PZ1-FINAL-0069,0,5,32
PPO_ZERO17,17,HISTORICAL_FINAL256_OBSERVED,requires_mul_or_div,PZ1-FINAL-0070,0,0,32
PPO_ZERO17,17,HISTORICAL_FINAL256_OBSERVED,add_sub_solvable,PZ1-FINAL-0071,1,28,32
PPO_ZERO17,17,HISTORICAL_FINAL256_OBSERVED,requires_mul_or_div,PZ1-FINAL-0072,0,0,32
PPO_ZERO17,17,HISTORICAL_FINAL256_OBSERVED,add_sub_solvable,PZ1-FINAL-0073,1,26,32
PPO_ZERO17,17,HISTORICAL_FINAL256_OBSERVED,requires_mul_or_div,PZ1-FINAL-0074,0,0,32
PPO_ZERO17,17,HISTORICAL_FINAL256_OBSERVED,add_sub_solvable,PZ1-FINAL-0075,0,9,32
PPO_ZERO17,17,HISTORICAL_FINAL256_OBSERVED,requires_mul_or_div,PZ1-FINAL-0076,1,11,32
PPO_ZERO17,17,HISTORICAL_FINAL256_OBSERVED,add_sub_solvable,PZ1-FINAL-0077,1,25,32
PPO_ZERO17,17,HISTORICAL_FINAL256_OBSERVED,requires_mul_or_div,PZ1-FINAL-0078,1,11,32
PPO_ZERO17,17,HISTORICAL_FINAL256_OBSERVED,add_sub_solvable,PZ1-FINAL-0079,0,2,32
PPO_ZERO17,17,HISTORICAL_FINAL256_OBSERVED,requires_mul_or_div,PZ1-FINAL-0080,0,0,32
PPO_ZERO17,17,HISTORICAL_FINAL256_OBSERVED,add_sub_solvable,PZ1-FINAL-0081,0,0,32
PPO_ZERO17,17,HISTORICAL_FINAL256_OBSERVED,requires_mul_or_div,PZ1-FINAL-0082,0,0,32
PPO_ZERO17,17,HISTORICAL_FINAL256_OBSERVED,add_sub_solvable,PZ1-FINAL-0083,0,17,32
PPO_ZERO17,17,HISTORICAL_FINAL256_OBSERVED,requires_mul_or_div,PZ1-FINAL-0084,0,0,32
PPO_ZERO17,17,HISTORICAL_FINAL256_OBSERVED,add_sub_solvable,PZ1-FINAL-0085,0,0,32
PPO_ZERO17,17,HISTORICAL_FINAL256_OBSERVED,requires_mul_or_div,PZ1-FINAL-0086,0,0,32
PPO_ZERO17,17,HISTORICAL_FINAL256_OBSERVED,add_sub_solvable,PZ1-FINAL-0087,1,30,32
PPO_ZERO17,17,HISTORICAL_FINAL256_OBSERVED,requires_mul_or_div,PZ1-FINAL-0088,0,0,32
PPO_ZERO17,17,HISTORICAL_FINAL256_OBSERVED,add_sub_solvable,PZ1-FINAL-0089,0,17,32
PPO_ZERO17,17,HISTORICAL_FINAL256_OBSERVED,requires_mul_or_div,PZ1-FINAL-0090,0,0,32
PPO_ZERO17,17,HISTORICAL_FINAL256_OBSERVED,add_sub_solvable,PZ1-FINAL-0091,0,20,32
PPO_ZERO17,17,HISTORICAL_FINAL256_OBSERVED,requires_mul_or_div,PZ1-FINAL-0092,1,22,32
PPO_ZERO17,17,HISTORICAL_FINAL256_OBSERVED,add_sub_solvable,PZ1-FINAL-0093,0,4,32
PPO_ZERO17,17,HISTORICAL_FINAL256_OBSERVED,requires_mul_or_div,PZ1-FINAL-0094,0,0,32
PPO_ZERO17,17,HISTORICAL_FINAL256_OBSERVED,add_sub_solvable,PZ1-FINAL-0095,1,25,32
PPO_ZERO17,17,HISTORICAL_FINAL256_OBSERVED,requires_mul_or_div,PZ1-FINAL-0096,0,1,32
PPO_ZERO17,17,HISTORICAL_FINAL256_OBSERVED,add_sub_solvable,PZ1-FINAL-0097,1,22,32
PPO_ZERO17,17,HISTORICAL_FINAL256_OBSERVED,requires_mul_or_div,PZ1-FINAL-0098,0,0,32
PPO_ZERO17,17,HISTORICAL_FINAL256_OBSERVED,add_sub_solvable,PZ1-FINAL-0099,0,1,32
PPO_ZERO17,17,HISTORICAL_FINAL256_OBSERVED,requires_mul_or_div,PZ1-FINAL-0100,1,26,32
PPO_ZERO17,17,HISTORICAL_FINAL256_OBSERVED,add_sub_solvable,PZ1-FINAL-0101,0,5,32
PPO_ZERO17,17,HISTORICAL_FINAL256_OBSERVED,requires_mul_or_div,PZ1-FINAL-0102,0,0,32
PPO_ZERO17,17,HISTORICAL_FINAL256_OBSERVED,add_sub_solvable,PZ1-FINAL-0103,0,0,32
PPO_ZERO17,17,HISTORICAL_FINAL256_OBSERVED,requires_mul_or_div,PZ1-FINAL-0104,0,1,32
PPO_ZERO17,17,HISTORICAL_FINAL256_OBSERVED,add_sub_solvable,PZ1-FINAL-0105,1,32,32
PPO_ZERO17,17,HISTORICAL_FINAL256_OBSERVED,requires_mul_or_div,PZ1-FINAL-0106,0,0,32
PPO_ZERO17,17,HISTORICAL_FINAL256_OBSERVED,add_sub_solvable,PZ1-FINAL-0107,0,6,32
PPO_ZERO17,17,HISTORICAL_FINAL256_OBSERVED,requires_mul_or_div,PZ1-FINAL-0108,0,6,32
PPO_ZERO17,17,HISTORICAL_FINAL256_OBSERVED,add_sub_solvable,PZ1-FINAL-0109,0,1,32
PPO_ZERO17,17,HISTORICAL_FINAL256_OBSERVED,requires_mul_or_div,PZ1-FINAL-0110,0,1,32
PPO_ZERO17,17,HISTORICAL_FINAL256_OBSERVED,add_sub_solvable,PZ1-FINAL-0111,1,17,32
PPO_ZERO17,17,HISTORICAL_FINAL256_OBSERVED,requires_mul_or_div,PZ1-FINAL-0112,0,0,32
PPO_ZERO17,17,HISTORICAL_FINAL256_OBSERVED,add_sub_solvable,PZ1-FINAL-0113,0,0,32
PPO_ZERO17,17,HISTORICAL_FINAL256_OBSERVED,requires_mul_or_div,PZ1-FINAL-0114,0,0,32
PPO_ZERO17,17,HISTORICAL_FINAL256_OBSERVED,add_sub_solvable,PZ1-FINAL-0115,1,31,32
PPO_ZERO17,17,HISTORICAL_FINAL256_OBSERVED,requires_mul_or_div,PZ1-FINAL-0116,0,0,32
PPO_ZERO17,17,HISTORICAL_FINAL256_OBSERVED,add_sub_solvable,PZ1-FINAL-0117,1,32,32
PPO_ZERO17,17,HISTORICAL_FINAL256_OBSERVED,requires_mul_or_div,PZ1-FINAL-0118,0,0,32
PPO_ZERO17,17,HISTORICAL_FINAL256_OBSERVED,add_sub_solvable,PZ1-FINAL-0119,1,32,32
PPO_ZERO17,17,HISTORICAL_FINAL256_OBSERVED,requires_mul_or_div,PZ1-FINAL-0120,0,4,32
PPO_ZERO17,17,HISTORICAL_FINAL256_OBSERVED,add_sub_solvable,PZ1-FINAL-0121,0,2,32
PPO_ZERO17,17,HISTORICAL_FINAL256_OBSERVED,requires_mul_or_div,PZ1-FINAL-0122,0,9,32
PPO_ZERO17,17,HISTORICAL_FINAL256_OBSERVED,add_sub_solvable,PZ1-FINAL-0123,1,30,32
PPO_ZERO17,17,HISTORICAL_FINAL256_OBSERVED,requires_mul_or_div,PZ1-FINAL-0124,1,24,32
PPO_ZERO17,17,HISTORICAL_FINAL256_OBSERVED,add_sub_solvable,PZ1-FINAL-0125,1,11,32
PPO_ZERO17,17,HISTORICAL_FINAL256_OBSERVED,requires_mul_or_div,PZ1-FINAL-0126,0,0,32
PPO_ZERO17,17,HISTORICAL_FINAL256_OBSERVED,add_sub_solvable,PZ1-FINAL-0127,1,32,32
PPO_ZERO17,17,HISTORICAL_FINAL256_OBSERVED,requires_mul_or_div,PZ1-FINAL-0128,0,1,32
PPO_ZERO17,17,HISTORICAL_FINAL256_OBSERVED,add_sub_solvable,PZ1-FINAL-0129,0,4,32
PPO_ZERO17,17,HISTORICAL_FINAL256_OBSERVED,requires_mul_or_div,PZ1-FINAL-0130,0,1,32
PPO_ZERO17,17,HISTORICAL_FINAL256_OBSERVED,add_sub_solvable,PZ1-FINAL-0131,0,0,32
PPO_ZERO17,17,HISTORICAL_FINAL256_OBSERVED,requires_mul_or_div,PZ1-FINAL-0132,0,0,32
PPO_ZERO17,17,HISTORICAL_FINAL256_OBSERVED,add_sub_solvable,PZ1-FINAL-0133,0,0,32
PPO_ZERO17,17,HISTORICAL_FINAL256_OBSERVED,requires_mul_or_div,PZ1-FINAL-0134,0,0,32
PPO_ZERO17,17,HISTORICAL_FINAL256_OBSERVED,add_sub_solvable,PZ1-FINAL-0135,0,13,32
PPO_ZERO17,17,HISTORICAL_FINAL256_OBSERVED,requires_mul_or_div,PZ1-FINAL-0136,0,0,32
PPO_ZERO17,17,HISTORICAL_FINAL256_OBSERVED,add_sub_solvable,PZ1-FINAL-0137,0,5,32
PPO_ZERO17,17,HISTORICAL_FINAL256_OBSERVED,requires_mul_or_div,PZ1-FINAL-0138,1,25,32
PPO_ZERO17,17,HISTORICAL_FINAL256_OBSERVED,add_sub_solvable,PZ1-FINAL-0139,1,27,32
PPO_ZERO17,17,HISTORICAL_FINAL256_OBSERVED,requires_mul_or_div,PZ1-FINAL-0140,0,0,32
PPO_ZERO17,17,HISTORICAL_FINAL256_OBSERVED,add_sub_solvable,PZ1-FINAL-0141,0,1,32
PPO_ZERO17,17,HISTORICAL_FINAL256_OBSERVED,requires_mul_or_div,PZ1-FINAL-0142,0,0,32
PPO_ZERO17,17,HISTORICAL_FINAL256_OBSERVED,add_sub_solvable,PZ1-FINAL-0143,1,17,32
PPO_ZERO17,17,HISTORICAL_FINAL256_OBSERVED,requires_mul_or_div,PZ1-FINAL-0144,0,1,32
PPO_ZERO17,17,HISTORICAL_FINAL256_OBSERVED,add_sub_solvable,PZ1-FINAL-0145,0,11,32
PPO_ZERO17,17,HISTORICAL_FINAL256_OBSERVED,requires_mul_or_div,PZ1-FINAL-0146,0,0,32
PPO_ZERO17,17,HISTORICAL_FINAL256_OBSERVED,add_sub_solvable,PZ1-FINAL-0147,1,30,32
PPO_ZERO17,17,HISTORICAL_FINAL256_OBSERVED,requires_mul_or_div,PZ1-FINAL-0148,1,27,32
PPO_ZERO17,17,HISTORICAL_FINAL256_OBSERVED,add_sub_solvable,PZ1-FINAL-0149,1,23,32
PPO_ZERO17,17,HISTORICAL_FINAL256_OBSERVED,requires_mul_or_div,PZ1-FINAL-0150,0,0,32
PPO_ZERO17,17,HISTORICAL_FINAL256_OBSERVED,add_sub_solvable,PZ1-FINAL-0151,0,18,32
PPO_ZERO17,17,HISTORICAL_FINAL256_OBSERVED,requires_mul_or_div,PZ1-FINAL-0152,0,0,32
PPO_ZERO17,17,HISTORICAL_FINAL256_OBSERVED,add_sub_solvable,PZ1-FINAL-0153,0,15,32
PPO_ZERO17,17,HISTORICAL_FINAL256_OBSERVED,requires_mul_or_div,PZ1-FINAL-0154,0,7,32
PPO_ZERO17,17,HISTORICAL_FINAL256_OBSERVED,add_sub_solvable,PZ1-FINAL-0155,1,30,32
PPO_ZERO17,17,HISTORICAL_FINAL256_OBSERVED,requires_mul_or_div,PZ1-FINAL-0156,0,0,32
PPO_ZERO17,17,HISTORICAL_FINAL256_OBSERVED,add_sub_solvable,PZ1-FINAL-0157,1,32,32
PPO_ZERO17,17,HISTORICAL_FINAL256_OBSERVED,requires_mul_or_div,PZ1-FINAL-0158,0,0,32
PPO_ZERO17,17,HISTORICAL_FINAL256_OBSERVED,add_sub_solvable,PZ1-FINAL-0159,1,28,32
PPO_ZERO17,17,HISTORICAL_FINAL256_OBSERVED,requires_mul_or_div,PZ1-FINAL-0160,0,0,32
PPO_ZERO17,17,HISTORICAL_FINAL256_OBSERVED,add_sub_solvable,PZ1-FINAL-0161,0,0,32
PPO_ZERO17,17,HISTORICAL_FINAL256_OBSERVED,requires_mul_or_div,PZ1-FINAL-0162,1,18,32
PPO_ZERO17,17,HISTORICAL_FINAL256_OBSERVED,add_sub_solvable,PZ1-FINAL-0163,0,15,32
PPO_ZERO17,17,HISTORICAL_FINAL256_OBSERVED,requires_mul_or_div,PZ1-FINAL-0164,0,0,32
PPO_ZERO17,17,HISTORICAL_FINAL256_OBSERVED,add_sub_solvable,PZ1-FINAL-0165,1,32,32
PPO_ZERO17,17,HISTORICAL_FINAL256_OBSERVED,requires_mul_or_div,PZ1-FINAL-0166,0,0,32
PPO_ZERO17,17,HISTORICAL_FINAL256_OBSERVED,add_sub_solvable,PZ1-FINAL-0167,1,27,32
PPO_ZERO17,17,HISTORICAL_FINAL256_OBSERVED,requires_mul_or_div,PZ1-FINAL-0168,0,0,32
PPO_ZERO17,17,HISTORICAL_FINAL256_OBSERVED,add_sub_solvable,PZ1-FINAL-0169,1,23,32
PPO_ZERO17,17,HISTORICAL_FINAL256_OBSERVED,requires_mul_or_div,PZ1-FINAL-0170,0,1,32
PPO_ZERO17,17,HISTORICAL_FINAL256_OBSERVED,add_sub_solvable,PZ1-FINAL-0171,1,28,32
PPO_ZERO17,17,HISTORICAL_FINAL256_OBSERVED,requires_mul_or_div,PZ1-FINAL-0172,0,0,32
PPO_ZERO17,17,HISTORICAL_FINAL256_OBSERVED,add_sub_solvable,PZ1-FINAL-0173,1,23,32
PPO_ZERO17,17,HISTORICAL_FINAL256_OBSERVED,requires_mul_or_div,PZ1-FINAL-0174,0,2,32
PPO_ZERO17,17,HISTORICAL_FINAL256_OBSERVED,add_sub_solvable,PZ1-FINAL-0175,1,30,32
PPO_ZERO17,17,HISTORICAL_FINAL256_OBSERVED,requires_mul_or_div,PZ1-FINAL-0176,0,0,32
PPO_ZERO17,17,HISTORICAL_FINAL256_OBSERVED,add_sub_solvable,PZ1-FINAL-0177,1,30,32
PPO_ZERO17,17,HISTORICAL_FINAL256_OBSERVED,requires_mul_or_div,PZ1-FINAL-0178,1,18,32
PPO_ZERO17,17,HISTORICAL_FINAL256_OBSERVED,add_sub_solvable,PZ1-FINAL-0179,0,19,32
PPO_ZERO17,17,HISTORICAL_FINAL256_OBSERVED,requires_mul_or_div,PZ1-FINAL-0180,0,0,32
PPO_ZERO17,17,HISTORICAL_FINAL256_OBSERVED,add_sub_solvable,PZ1-FINAL-0181,1,26,32
PPO_ZERO17,17,HISTORICAL_FINAL256_OBSERVED,requires_mul_or_div,PZ1-FINAL-0182,1,32,32
PPO_ZERO17,17,HISTORICAL_FINAL256_OBSERVED,add_sub_solvable,PZ1-FINAL-0183,1,31,32
PPO_ZERO17,17,HISTORICAL_FINAL256_OBSERVED,requires_mul_or_div,PZ1-FINAL-0184,1,17,32
PPO_ZERO17,17,HISTORICAL_FINAL256_OBSERVED,add_sub_solvable,PZ1-FINAL-0185,1,30,32
PPO_ZERO17,17,HISTORICAL_FINAL256_OBSERVED,requires_mul_or_div,PZ1-FINAL-0186,0,0,32
PPO_ZERO17,17,HISTORICAL_FINAL256_OBSERVED,add_sub_solvable,PZ1-FINAL-0187,1,31,32
PPO_ZERO17,17,HISTORICAL_FINAL256_OBSERVED,requires_mul_or_div,PZ1-FINAL-0188,0,0,32
PPO_ZERO17,17,HISTORICAL_FINAL256_OBSERVED,add_sub_solvable,PZ1-FINAL-0189,1,26,32
PPO_ZERO17,17,HISTORICAL_FINAL256_OBSERVED,requires_mul_or_div,PZ1-FINAL-0190,0,0,32
PPO_ZERO17,17,HISTORICAL_FINAL256_OBSERVED,add_sub_solvable,PZ1-FINAL-0191,0,2,32
PPO_ZERO17,17,HISTORICAL_FINAL256_OBSERVED,requires_mul_or_div,PZ1-FINAL-0192,0,0,32
PPO_ZERO17,17,HISTORICAL_FINAL256_OBSERVED,add_sub_solvable,PZ1-FINAL-0193,1,29,32
PPO_ZERO17,17,HISTORICAL_FINAL256_OBSERVED,requires_mul_or_div,PZ1-FINAL-0194,0,0,32
PPO_ZERO17,17,HISTORICAL_FINAL256_OBSERVED,add_sub_solvable,PZ1-FINAL-0195,1,14,32
PPO_ZERO17,17,HISTORICAL_FINAL256_OBSERVED,requires_mul_or_div,PZ1-FINAL-0196,0,0,32
PPO_ZERO17,17,HISTORICAL_FINAL256_OBSERVED,add_sub_solvable,PZ1-FINAL-0197,0,18,32
PPO_ZERO17,17,HISTORICAL_FINAL256_OBSERVED,requires_mul_or_div,PZ1-FINAL-0198,0,0,32
PPO_ZERO17,17,HISTORICAL_FINAL256_OBSERVED,add_sub_solvable,PZ1-FINAL-0199,1,32,32
PPO_ZERO17,17,HISTORICAL_FINAL256_OBSERVED,requires_mul_or_div,PZ1-FINAL-0200,0,0,32
PPO_ZERO17,17,HISTORICAL_FINAL256_OBSERVED,add_sub_solvable,PZ1-FINAL-0201,0,12,32
PPO_ZERO17,17,HISTORICAL_FINAL256_OBSERVED,requires_mul_or_div,PZ1-FINAL-0202,1,28,32
PPO_ZERO17,17,HISTORICAL_FINAL256_OBSERVED,add_sub_solvable,PZ1-FINAL-0203,1,32,32
PPO_ZERO17,17,HISTORICAL_FINAL256_OBSERVED,requires_mul_or_div,PZ1-FINAL-0204,0,0,32
PPO_ZERO17,17,HISTORICAL_FINAL256_OBSERVED,add_sub_solvable,PZ1-FINAL-0205,1,28,32
PPO_ZERO17,17,HISTORICAL_FINAL256_OBSERVED,requires_mul_or_div,PZ1-FINAL-0206,0,1,32
PPO_ZERO17,17,HISTORICAL_FINAL256_OBSERVED,add_sub_solvable,PZ1-FINAL-0207,1,27,32
PPO_ZERO17,17,HISTORICAL_FINAL256_OBSERVED,requires_mul_or_div,PZ1-FINAL-0208,0,0,32
PPO_ZERO17,17,HISTORICAL_FINAL256_OBSERVED,add_sub_solvable,PZ1-FINAL-0209,0,16,32
PPO_ZERO17,17,HISTORICAL_FINAL256_OBSERVED,requires_mul_or_div,PZ1-FINAL-0210,0,0,32
PPO_ZERO17,17,HISTORICAL_FINAL256_OBSERVED,add_sub_solvable,PZ1-FINAL-0211,0,1,32
PPO_ZERO17,17,HISTORICAL_FINAL256_OBSERVED,requires_mul_or_div,PZ1-FINAL-0212,0,0,32
PPO_ZERO17,17,HISTORICAL_FINAL256_OBSERVED,add_sub_solvable,PZ1-FINAL-0213,1,26,32
PPO_ZERO17,17,HISTORICAL_FINAL256_OBSERVED,requires_mul_or_div,PZ1-FINAL-0214,0,1,32
PPO_ZERO17,17,HISTORICAL_FINAL256_OBSERVED,add_sub_solvable,PZ1-FINAL-0215,0,10,32
PPO_ZERO17,17,HISTORICAL_FINAL256_OBSERVED,requires_mul_or_div,PZ1-FINAL-0216,0,0,32
PPO_ZERO17,17,HISTORICAL_FINAL256_OBSERVED,add_sub_solvable,PZ1-FINAL-0217,1,28,32
PPO_ZERO17,17,HISTORICAL_FINAL256_OBSERVED,requires_mul_or_div,PZ1-FINAL-0218,0,2,32
PPO_ZERO17,17,HISTORICAL_FINAL256_OBSERVED,add_sub_solvable,PZ1-FINAL-0219,0,14,32
PPO_ZERO17,17,HISTORICAL_FINAL256_OBSERVED,requires_mul_or_div,PZ1-FINAL-0220,0,0,32
PPO_ZERO17,17,HISTORICAL_FINAL256_OBSERVED,add_sub_solvable,PZ1-FINAL-0221,1,31,32
PPO_ZERO17,17,HISTORICAL_FINAL256_OBSERVED,requires_mul_or_div,PZ1-FINAL-0222,1,12,32
PPO_ZERO17,17,HISTORICAL_FINAL256_OBSERVED,add_sub_solvable,PZ1-FINAL-0223,1,31,32
PPO_ZERO17,17,HISTORICAL_FINAL256_OBSERVED,requires_mul_or_div,PZ1-FINAL-0224,0,0,32
PPO_ZERO17,17,HISTORICAL_FINAL256_OBSERVED,add_sub_solvable,PZ1-FINAL-0225,1,32,32
PPO_ZERO17,17,HISTORICAL_FINAL256_OBSERVED,requires_mul_or_div,PZ1-FINAL-0226,0,0,32
PPO_ZERO17,17,HISTORICAL_FINAL256_OBSERVED,add_sub_solvable,PZ1-FINAL-0227,1,20,32
PPO_ZERO17,17,HISTORICAL_FINAL256_OBSERVED,requires_mul_or_div,PZ1-FINAL-0228,0,0,32
PPO_ZERO17,17,HISTORICAL_FINAL256_OBSERVED,add_sub_solvable,PZ1-FINAL-0229,1,17,32
PPO_ZERO17,17,HISTORICAL_FINAL256_OBSERVED,requires_mul_or_div,PZ1-FINAL-0230,0,0,32
PPO_ZERO17,17,HISTORICAL_FINAL256_OBSERVED,add_sub_solvable,PZ1-FINAL-0231,0,15,32
PPO_ZERO17,17,HISTORICAL_FINAL256_OBSERVED,requires_mul_or_div,PZ1-FINAL-0232,0,7,32
PPO_ZERO17,17,HISTORICAL_FINAL256_OBSERVED,add_sub_solvable,PZ1-FINAL-0233,0,17,32
PPO_ZERO17,17,HISTORICAL_FINAL256_OBSERVED,requires_mul_or_div,PZ1-FINAL-0234,0,1,32
PPO_ZERO17,17,HISTORICAL_FINAL256_OBSERVED,add_sub_solvable,PZ1-FINAL-0235,1,31,32
PPO_ZERO17,17,HISTORICAL_FINAL256_OBSERVED,requires_mul_or_div,PZ1-FINAL-0236,1,27,32
PPO_ZERO17,17,HISTORICAL_FINAL256_OBSERVED,add_sub_solvable,PZ1-FINAL-0237,0,7,32
PPO_ZERO17,17,HISTORICAL_FINAL256_OBSERVED,requires_mul_or_div,PZ1-FINAL-0238,0,1,32
PPO_ZERO17,17,HISTORICAL_FINAL256_OBSERVED,add_sub_solvable,PZ1-FINAL-0239,1,24,32
PPO_ZERO17,17,HISTORICAL_FINAL256_OBSERVED,requires_mul_or_div,PZ1-FINAL-0240,0,1,32
PPO_ZERO17,17,HISTORICAL_FINAL256_OBSERVED,add_sub_solvable,PZ1-FINAL-0241,1,29,32
PPO_ZERO17,17,HISTORICAL_FINAL256_OBSERVED,requires_mul_or_div,PZ1-FINAL-0242,0,0,32
PPO_ZERO17,17,HISTORICAL_FINAL256_OBSERVED,add_sub_solvable,PZ1-FINAL-0243,0,15,32
PPO_ZERO17,17,HISTORICAL_FINAL256_OBSERVED,requires_mul_or_div,PZ1-FINAL-0244,0,0,32
PPO_ZERO17,17,HISTORICAL_FINAL256_OBSERVED,add_sub_solvable,PZ1-FINAL-0245,1,28,32
PPO_ZERO17,17,HISTORICAL_FINAL256_OBSERVED,requires_mul_or_div,PZ1-FINAL-0246,0,0,32
PPO_ZERO17,17,HISTORICAL_FINAL256_OBSERVED,add_sub_solvable,PZ1-FINAL-0247,0,23,32
PPO_ZERO17,17,HISTORICAL_FINAL256_OBSERVED,requires_mul_or_div,PZ1-FINAL-0248,0,1,32
PPO_ZERO17,17,HISTORICAL_FINAL256_OBSERVED,add_sub_solvable,PZ1-FINAL-0249,1,26,32
PPO_ZERO17,17,HISTORICAL_FINAL256_OBSERVED,requires_mul_or_div,PZ1-FINAL-0250,0,0,32
PPO_ZERO17,17,HISTORICAL_FINAL256_OBSERVED,add_sub_solvable,PZ1-FINAL-0251,0,0,32
PPO_ZERO17,17,HISTORICAL_FINAL256_OBSERVED,requires_mul_or_div,PZ1-FINAL-0252,0,0,32
PPO_ZERO17,17,HISTORICAL_FINAL256_OBSERVED,add_sub_solvable,PZ1-FINAL-0253,1,21,32
PPO_ZERO17,17,HISTORICAL_FINAL256_OBSERVED,requires_mul_or_div,PZ1-FINAL-0254,0,0,32
PPO_ZERO17,17,HISTORICAL_FINAL256_OBSERVED,add_sub_solvable,PZ1-FINAL-0255,1,23,32
PPO_ZERO17,17,HISTORICAL_FINAL256_OBSERVED,requires_mul_or_div,PZ1-FINAL-0256,1,18,32
PPO_ZERO17,17,CONFIRM128_RESERVED,add_sub_solvable,PZ2-CONFIRM-0001,1,32,32
PPO_ZERO17,17,CONFIRM128_RESERVED,requires_mul_or_div,PZ2-CONFIRM-0002,0,0,32
PPO_ZERO17,17,CONFIRM128_RESERVED,add_sub_solvable,PZ2-CONFIRM-0003,1,20,32
PPO_ZERO17,17,CONFIRM128_RESERVED,requires_mul_or_div,PZ2-CONFIRM-0004,0,0,32
PPO_ZERO17,17,CONFIRM128_RESERVED,add_sub_solvable,PZ2-CONFIRM-0005,0,0,32
PPO_ZERO17,17,CONFIRM128_RESERVED,requires_mul_or_div,PZ2-CONFIRM-0006,1,28,32
PPO_ZERO17,17,CONFIRM128_RESERVED,add_sub_solvable,PZ2-CONFIRM-0007,0,0,32
PPO_ZERO17,17,CONFIRM128_RESERVED,requires_mul_or_div,PZ2-CONFIRM-0008,0,0,32
PPO_ZERO17,17,CONFIRM128_RESERVED,add_sub_solvable,PZ2-CONFIRM-0009,1,24,32
PPO_ZERO17,17,CONFIRM128_RESERVED,requires_mul_or_div,PZ2-CONFIRM-0010,0,0,32
PPO_ZERO17,17,CONFIRM128_RESERVED,add_sub_solvable,PZ2-CONFIRM-0011,0,3,32
PPO_ZERO17,17,CONFIRM128_RESERVED,requires_mul_or_div,PZ2-CONFIRM-0012,0,0,32
PPO_ZERO17,17,CONFIRM128_RESERVED,add_sub_solvable,PZ2-CONFIRM-0013,1,20,32
PPO_ZERO17,17,CONFIRM128_RESERVED,requires_mul_or_div,PZ2-CONFIRM-0014,0,1,32
PPO_ZERO17,17,CONFIRM128_RESERVED,add_sub_solvable,PZ2-CONFIRM-0015,1,27,32
PPO_ZERO17,17,CONFIRM128_RESERVED,requires_mul_or_div,PZ2-CONFIRM-0016,0,0,32
PPO_ZERO17,17,CONFIRM128_RESERVED,add_sub_solvable,PZ2-CONFIRM-0017,1,31,32
PPO_ZERO17,17,CONFIRM128_RESERVED,requires_mul_or_div,PZ2-CONFIRM-0018,0,10,32
PPO_ZERO17,17,CONFIRM128_RESERVED,add_sub_solvable,PZ2-CONFIRM-0019,0,0,32
PPO_ZERO17,17,CONFIRM128_RESERVED,requires_mul_or_div,PZ2-CONFIRM-0020,0,0,32
PPO_ZERO17,17,CONFIRM128_RESERVED,add_sub_solvable,PZ2-CONFIRM-0021,0,12,32
PPO_ZERO17,17,CONFIRM128_RESERVED,requires_mul_or_div,PZ2-CONFIRM-0022,0,0,32
PPO_ZERO17,17,CONFIRM128_RESERVED,add_sub_solvable,PZ2-CONFIRM-0023,1,30,32
PPO_ZERO17,17,CONFIRM128_RESERVED,requires_mul_or_div,PZ2-CONFIRM-0024,0,0,32
PPO_ZERO17,17,CONFIRM128_RESERVED,add_sub_solvable,PZ2-CONFIRM-0025,0,1,32
PPO_ZERO17,17,CONFIRM128_RESERVED,requires_mul_or_div,PZ2-CONFIRM-0026,0,0,32
PPO_ZERO17,17,CONFIRM128_RESERVED,add_sub_solvable,PZ2-CONFIRM-0027,1,23,32
PPO_ZERO17,17,CONFIRM128_RESERVED,requires_mul_or_div,PZ2-CONFIRM-0028,0,0,32
PPO_ZERO17,17,CONFIRM128_RESERVED,add_sub_solvable,PZ2-CONFIRM-0029,1,22,32
PPO_ZERO17,17,CONFIRM128_RESERVED,requires_mul_or_div,PZ2-CONFIRM-0030,0,1,32
PPO_ZERO17,17,CONFIRM128_RESERVED,add_sub_solvable,PZ2-CONFIRM-0031,0,16,32
PPO_ZERO17,17,CONFIRM128_RESERVED,requires_mul_or_div,PZ2-CONFIRM-0032,0,0,32
PPO_ZERO17,17,CONFIRM128_RESERVED,add_sub_solvable,PZ2-CONFIRM-0033,1,28,32
PPO_ZERO17,17,CONFIRM128_RESERVED,requires_mul_or_div,PZ2-CONFIRM-0034,0,1,32
PPO_ZERO17,17,CONFIRM128_RESERVED,add_sub_solvable,PZ2-CONFIRM-0035,1,27,32
PPO_ZERO17,17,CONFIRM128_RESERVED,requires_mul_or_div,PZ2-CONFIRM-0036,0,0,32
PPO_ZERO17,17,CONFIRM128_RESERVED,add_sub_solvable,PZ2-CONFIRM-0037,1,21,32
PPO_ZERO17,17,CONFIRM128_RESERVED,requires_mul_or_div,PZ2-CONFIRM-0038,0,0,32
PPO_ZERO17,17,CONFIRM128_RESERVED,add_sub_solvable,PZ2-CONFIRM-0039,1,17,32
PPO_ZERO17,17,CONFIRM128_RESERVED,requires_mul_or_div,PZ2-CONFIRM-0040,0,0,32
PPO_ZERO17,17,CONFIRM128_RESERVED,add_sub_solvable,PZ2-CONFIRM-0041,1,32,32
PPO_ZERO17,17,CONFIRM128_RESERVED,requires_mul_or_div,PZ2-CONFIRM-0042,0,0,32
PPO_ZERO17,17,CONFIRM128_RESERVED,add_sub_solvable,PZ2-CONFIRM-0043,1,31,32
PPO_ZERO17,17,CONFIRM128_RESERVED,requires_mul_or_div,PZ2-CONFIRM-0044,0,0,32
PPO_ZERO17,17,CONFIRM128_RESERVED,add_sub_solvable,PZ2-CONFIRM-0045,1,32,32
PPO_ZERO17,17,CONFIRM128_RESERVED,requires_mul_or_div,PZ2-CONFIRM-0046,0,0,32
PPO_ZERO17,17,CONFIRM128_RESERVED,add_sub_solvable,PZ2-CONFIRM-0047,0,10,32
PPO_ZERO17,17,CONFIRM128_RESERVED,requires_mul_or_div,PZ2-CONFIRM-0048,0,3,32
PPO_ZERO17,17,CONFIRM128_RESERVED,add_sub_solvable,PZ2-CONFIRM-0049,1,32,32
PPO_ZERO17,17,CONFIRM128_RESERVED,requires_mul_or_div,PZ2-CONFIRM-0050,0,1,32
PPO_ZERO17,17,CONFIRM128_RESERVED,add_sub_solvable,PZ2-CONFIRM-0051,0,10,32
PPO_ZERO17,17,CONFIRM128_RESERVED,requires_mul_or_div,PZ2-CONFIRM-0052,0,0,32
PPO_ZERO17,17,CONFIRM128_RESERVED,add_sub_solvable,PZ2-CONFIRM-0053,1,27,32
PPO_ZERO17,17,CONFIRM128_RESERVED,requires_mul_or_div,PZ2-CONFIRM-0054,0,0,32
PPO_ZERO17,17,CONFIRM128_RESERVED,add_sub_solvable,PZ2-CONFIRM-0055,1,21,32
PPO_ZERO17,17,CONFIRM128_RESERVED,requires_mul_or_div,PZ2-CONFIRM-0056,1,29,32
PPO_ZERO17,17,CONFIRM128_RESERVED,add_sub_solvable,PZ2-CONFIRM-0057,0,10,32
PPO_ZERO17,17,CONFIRM128_RESERVED,requires_mul_or_div,PZ2-CONFIRM-0058,1,28,32
PPO_ZERO17,17,CONFIRM128_RESERVED,add_sub_solvable,PZ2-CONFIRM-0059,1,26,32
PPO_ZERO17,17,CONFIRM128_RESERVED,requires_mul_or_div,PZ2-CONFIRM-0060,0,0,32
PPO_ZERO17,17,CONFIRM128_RESERVED,add_sub_solvable,PZ2-CONFIRM-0061,0,4,32
PPO_ZERO17,17,CONFIRM128_RESERVED,requires_mul_or_div,PZ2-CONFIRM-0062,0,0,32
PPO_ZERO17,17,CONFIRM128_RESERVED,add_sub_solvable,PZ2-CONFIRM-0063,1,22,32
PPO_ZERO17,17,CONFIRM128_RESERVED,requires_mul_or_div,PZ2-CONFIRM-0064,0,0,32
PPO_ZERO17,17,CONFIRM128_RESERVED,add_sub_solvable,PZ2-CONFIRM-0065,0,0,32
PPO_ZERO17,17,CONFIRM128_RESERVED,requires_mul_or_div,PZ2-CONFIRM-0066,0,1,32
PPO_ZERO17,17,CONFIRM128_RESERVED,add_sub_solvable,PZ2-CONFIRM-0067,0,4,32
PPO_ZERO17,17,CONFIRM128_RESERVED,requires_mul_or_div,PZ2-CONFIRM-0068,0,7,32
PPO_ZERO17,17,CONFIRM128_RESERVED,add_sub_solvable,PZ2-CONFIRM-0069,1,32,32
PPO_ZERO17,17,CONFIRM128_RESERVED,requires_mul_or_div,PZ2-CONFIRM-0070,0,0,32
PPO_ZERO17,17,CONFIRM128_RESERVED,add_sub_solvable,PZ2-CONFIRM-0071,1,31,32
PPO_ZERO17,17,CONFIRM128_RESERVED,requires_mul_or_div,PZ2-CONFIRM-0072,0,0,32
PPO_ZERO17,17,CONFIRM128_RESERVED,add_sub_solvable,PZ2-CONFIRM-0073,1,28,32
PPO_ZERO17,17,CONFIRM128_RESERVED,requires_mul_or_div,PZ2-CONFIRM-0074,0,0,32
PPO_ZERO17,17,CONFIRM128_RESERVED,add_sub_solvable,PZ2-CONFIRM-0075,0,12,32
PPO_ZERO17,17,CONFIRM128_RESERVED,requires_mul_or_div,PZ2-CONFIRM-0076,0,0,32
PPO_ZERO17,17,CONFIRM128_RESERVED,add_sub_solvable,PZ2-CONFIRM-0077,1,18,32
PPO_ZERO17,17,CONFIRM128_RESERVED,requires_mul_or_div,PZ2-CONFIRM-0078,0,0,32
PPO_ZERO17,17,CONFIRM128_RESERVED,add_sub_solvable,PZ2-CONFIRM-0079,0,0,32
PPO_ZERO17,17,CONFIRM128_RESERVED,requires_mul_or_div,PZ2-CONFIRM-0080,1,14,32
PPO_ZERO17,17,CONFIRM128_RESERVED,add_sub_solvable,PZ2-CONFIRM-0081,1,20,32
PPO_ZERO17,17,CONFIRM128_RESERVED,requires_mul_or_div,PZ2-CONFIRM-0082,0,0,32
PPO_ZERO17,17,CONFIRM128_RESERVED,add_sub_solvable,PZ2-CONFIRM-0083,0,1,32
PPO_ZERO17,17,CONFIRM128_RESERVED,requires_mul_or_div,PZ2-CONFIRM-0084,0,0,32
PPO_ZERO17,17,CONFIRM128_RESERVED,add_sub_solvable,PZ2-CONFIRM-0085,1,31,32
PPO_ZERO17,17,CONFIRM128_RESERVED,requires_mul_or_div,PZ2-CONFIRM-0086,0,0,32
PPO_ZERO17,17,CONFIRM128_RESERVED,add_sub_solvable,PZ2-CONFIRM-0087,1,20,32
PPO_ZERO17,17,CONFIRM128_RESERVED,requires_mul_or_div,PZ2-CONFIRM-0088,0,0,32
PPO_ZERO17,17,CONFIRM128_RESERVED,add_sub_solvable,PZ2-CONFIRM-0089,1,30,32
PPO_ZERO17,17,CONFIRM128_RESERVED,requires_mul_or_div,PZ2-CONFIRM-0090,0,0,32
PPO_ZERO17,17,CONFIRM128_RESERVED,add_sub_solvable,PZ2-CONFIRM-0091,0,9,32
PPO_ZERO17,17,CONFIRM128_RESERVED,requires_mul_or_div,PZ2-CONFIRM-0092,1,18,32
PPO_ZERO17,17,CONFIRM128_RESERVED,add_sub_solvable,PZ2-CONFIRM-0093,0,1,32
PPO_ZERO17,17,CONFIRM128_RESERVED,requires_mul_or_div,PZ2-CONFIRM-0094,1,29,32
PPO_ZERO17,17,CONFIRM128_RESERVED,add_sub_solvable,PZ2-CONFIRM-0095,1,30,32
PPO_ZERO17,17,CONFIRM128_RESERVED,requires_mul_or_div,PZ2-CONFIRM-0096,0,0,32
PPO_ZERO17,17,CONFIRM128_RESERVED,add_sub_solvable,PZ2-CONFIRM-0097,0,0,32
PPO_ZERO17,17,CONFIRM128_RESERVED,requires_mul_or_div,PZ2-CONFIRM-0098,0,0,32
PPO_ZERO17,17,CONFIRM128_RESERVED,add_sub_solvable,PZ2-CONFIRM-0099,1,27,32
PPO_ZERO17,17,CONFIRM128_RESERVED,requires_mul_or_div,PZ2-CONFIRM-0100,0,0,32
PPO_ZERO17,17,CONFIRM128_RESERVED,add_sub_solvable,PZ2-CONFIRM-0101,1,27,32
PPO_ZERO17,17,CONFIRM128_RESERVED,requires_mul_or_div,PZ2-CONFIRM-0102,0,0,32
PPO_ZERO17,17,CONFIRM128_RESERVED,add_sub_solvable,PZ2-CONFIRM-0103,1,27,32
PPO_ZERO17,17,CONFIRM128_RESERVED,requires_mul_or_div,PZ2-CONFIRM-0104,0,7,32
PPO_ZERO17,17,CONFIRM128_RESERVED,add_sub_solvable,PZ2-CONFIRM-0105,0,0,32
PPO_ZERO17,17,CONFIRM128_RESERVED,requires_mul_or_div,PZ2-CONFIRM-0106,0,0,32
PPO_ZERO17,17,CONFIRM128_RESERVED,add_sub_solvable,PZ2-CONFIRM-0107,0,0,32
PPO_ZERO17,17,CONFIRM128_RESERVED,requires_mul_or_div,PZ2-CONFIRM-0108,0,0,32
PPO_ZERO17,17,CONFIRM128_RESERVED,add_sub_solvable,PZ2-CONFIRM-0109,1,31,32
PPO_ZERO17,17,CONFIRM128_RESERVED,requires_mul_or_div,PZ2-CONFIRM-0110,1,20,32
PPO_ZERO17,17,CONFIRM128_RESERVED,add_sub_solvable,PZ2-CONFIRM-0111,1,32,32
PPO_ZERO17,17,CONFIRM128_RESERVED,requires_mul_or_div,PZ2-CONFIRM-0112,0,0,32
PPO_ZERO17,17,CONFIRM128_RESERVED,add_sub_solvable,PZ2-CONFIRM-0113,1,26,32
PPO_ZERO17,17,CONFIRM128_RESERVED,requires_mul_or_div,PZ2-CONFIRM-0114,0,1,32
PPO_ZERO17,17,CONFIRM128_RESERVED,add_sub_solvable,PZ2-CONFIRM-0115,0,13,32
PPO_ZERO17,17,CONFIRM128_RESERVED,requires_mul_or_div,PZ2-CONFIRM-0116,0,7,32
PPO_ZERO17,17,CONFIRM128_RESERVED,add_sub_solvable,PZ2-CONFIRM-0117,0,0,32
PPO_ZERO17,17,CONFIRM128_RESERVED,requires_mul_or_div,PZ2-CONFIRM-0118,0,0,32
PPO_ZERO17,17,CONFIRM128_RESERVED,add_sub_solvable,PZ2-CONFIRM-0119,0,13,32
PPO_ZERO17,17,CONFIRM128_RESERVED,requires_mul_or_div,PZ2-CONFIRM-0120,0,6,32
PPO_ZERO17,17,CONFIRM128_RESERVED,add_sub_solvable,PZ2-CONFIRM-0121,1,30,32
PPO_ZERO17,17,CONFIRM128_RESERVED,requires_mul_or_div,PZ2-CONFIRM-0122,0,0,32
PPO_ZERO17,17,CONFIRM128_RESERVED,add_sub_solvable,PZ2-CONFIRM-0123,1,19,32
PPO_ZERO17,17,CONFIRM128_RESERVED,requires_mul_or_div,PZ2-CONFIRM-0124,0,0,32
PPO_ZERO17,17,CONFIRM128_RESERVED,add_sub_solvable,PZ2-CONFIRM-0125,0,1,32
PPO_ZERO17,17,CONFIRM128_RESERVED,requires_mul_or_div,PZ2-CONFIRM-0126,1,17,32
PPO_ZERO17,17,CONFIRM128_RESERVED,add_sub_solvable,PZ2-CONFIRM-0127,1,27,32
PPO_ZERO17,17,CONFIRM128_RESERVED,requires_mul_or_div,PZ2-CONFIRM-0128,0,16,32
PPO_ZERO29,29,HISTORICAL_FINAL256_OBSERVED,add_sub_solvable,PZ1-FINAL-0001,0,12,32
PPO_ZERO29,29,HISTORICAL_FINAL256_OBSERVED,requires_mul_or_div,PZ1-FINAL-0002,0,0,32
PPO_ZERO29,29,HISTORICAL_FINAL256_OBSERVED,add_sub_solvable,PZ1-FINAL-0003,1,26,32
PPO_ZERO29,29,HISTORICAL_FINAL256_OBSERVED,requires_mul_or_div,PZ1-FINAL-0004,0,0,32
PPO_ZERO29,29,HISTORICAL_FINAL256_OBSERVED,add_sub_solvable,PZ1-FINAL-0005,1,32,32
PPO_ZERO29,29,HISTORICAL_FINAL256_OBSERVED,requires_mul_or_div,PZ1-FINAL-0006,0,0,32
PPO_ZERO29,29,HISTORICAL_FINAL256_OBSERVED,add_sub_solvable,PZ1-FINAL-0007,0,0,32
PPO_ZERO29,29,HISTORICAL_FINAL256_OBSERVED,requires_mul_or_div,PZ1-FINAL-0008,0,0,32
PPO_ZERO29,29,HISTORICAL_FINAL256_OBSERVED,add_sub_solvable,PZ1-FINAL-0009,0,10,32
PPO_ZERO29,29,HISTORICAL_FINAL256_OBSERVED,requires_mul_or_div,PZ1-FINAL-0010,0,0,32
PPO_ZERO29,29,HISTORICAL_FINAL256_OBSERVED,add_sub_solvable,PZ1-FINAL-0011,1,31,32
PPO_ZERO29,29,HISTORICAL_FINAL256_OBSERVED,requires_mul_or_div,PZ1-FINAL-0012,0,0,32
PPO_ZERO29,29,HISTORICAL_FINAL256_OBSERVED,add_sub_solvable,PZ1-FINAL-0013,0,4,32
PPO_ZERO29,29,HISTORICAL_FINAL256_OBSERVED,requires_mul_or_div,PZ1-FINAL-0014,0,11,32
PPO_ZERO29,29,HISTORICAL_FINAL256_OBSERVED,add_sub_solvable,PZ1-FINAL-0015,1,30,32
PPO_ZERO29,29,HISTORICAL_FINAL256_OBSERVED,requires_mul_or_div,PZ1-FINAL-0016,0,1,32
PPO_ZERO29,29,HISTORICAL_FINAL256_OBSERVED,add_sub_solvable,PZ1-FINAL-0017,1,22,32
PPO_ZERO29,29,HISTORICAL_FINAL256_OBSERVED,requires_mul_or_div,PZ1-FINAL-0018,0,0,32
PPO_ZERO29,29,HISTORICAL_FINAL256_OBSERVED,add_sub_solvable,PZ1-FINAL-0019,1,30,32
PPO_ZERO29,29,HISTORICAL_FINAL256_OBSERVED,requires_mul_or_div,PZ1-FINAL-0020,0,1,32
PPO_ZERO29,29,HISTORICAL_FINAL256_OBSERVED,add_sub_solvable,PZ1-FINAL-0021,1,20,32
PPO_ZERO29,29,HISTORICAL_FINAL256_OBSERVED,requires_mul_or_div,PZ1-FINAL-0022,0,1,32
PPO_ZERO29,29,HISTORICAL_FINAL256_OBSERVED,add_sub_solvable,PZ1-FINAL-0023,0,14,32
PPO_ZERO29,29,HISTORICAL_FINAL256_OBSERVED,requires_mul_or_div,PZ1-FINAL-0024,0,0,32
PPO_ZERO29,29,HISTORICAL_FINAL256_OBSERVED,add_sub_solvable,PZ1-FINAL-0025,0,5,32
PPO_ZERO29,29,HISTORICAL_FINAL256_OBSERVED,requires_mul_or_div,PZ1-FINAL-0026,0,0,32
PPO_ZERO29,29,HISTORICAL_FINAL256_OBSERVED,add_sub_solvable,PZ1-FINAL-0027,0,20,32
PPO_ZERO29,29,HISTORICAL_FINAL256_OBSERVED,requires_mul_or_div,PZ1-FINAL-0028,0,0,32
PPO_ZERO29,29,HISTORICAL_FINAL256_OBSERVED,add_sub_solvable,PZ1-FINAL-0029,1,29,32
PPO_ZERO29,29,HISTORICAL_FINAL256_OBSERVED,requires_mul_or_div,PZ1-FINAL-0030,0,0,32
PPO_ZERO29,29,HISTORICAL_FINAL256_OBSERVED,add_sub_solvable,PZ1-FINAL-0031,1,17,32
PPO_ZERO29,29,HISTORICAL_FINAL256_OBSERVED,requires_mul_or_div,PZ1-FINAL-0032,0,1,32
PPO_ZERO29,29,HISTORICAL_FINAL256_OBSERVED,add_sub_solvable,PZ1-FINAL-0033,1,32,32
PPO_ZERO29,29,HISTORICAL_FINAL256_OBSERVED,requires_mul_or_div,PZ1-FINAL-0034,0,0,32
PPO_ZERO29,29,HISTORICAL_FINAL256_OBSERVED,add_sub_solvable,PZ1-FINAL-0035,1,29,32
PPO_ZERO29,29,HISTORICAL_FINAL256_OBSERVED,requires_mul_or_div,PZ1-FINAL-0036,0,0,32
PPO_ZERO29,29,HISTORICAL_FINAL256_OBSERVED,add_sub_solvable,PZ1-FINAL-0037,0,19,32
PPO_ZERO29,29,HISTORICAL_FINAL256_OBSERVED,requires_mul_or_div,PZ1-FINAL-0038,0,2,32
PPO_ZERO29,29,HISTORICAL_FINAL256_OBSERVED,add_sub_solvable,PZ1-FINAL-0039,0,14,32
PPO_ZERO29,29,HISTORICAL_FINAL256_OBSERVED,requires_mul_or_div,PZ1-FINAL-0040,0,0,32
PPO_ZERO29,29,HISTORICAL_FINAL256_OBSERVED,add_sub_solvable,PZ1-FINAL-0041,0,5,32
PPO_ZERO29,29,HISTORICAL_FINAL256_OBSERVED,requires_mul_or_div,PZ1-FINAL-0042,0,0,32
PPO_ZERO29,29,HISTORICAL_FINAL256_OBSERVED,add_sub_solvable,PZ1-FINAL-0043,1,22,32
PPO_ZERO29,29,HISTORICAL_FINAL256_OBSERVED,requires_mul_or_div,PZ1-FINAL-0044,0,0,32
PPO_ZERO29,29,HISTORICAL_FINAL256_OBSERVED,add_sub_solvable,PZ1-FINAL-0045,1,32,32
PPO_ZERO29,29,HISTORICAL_FINAL256_OBSERVED,requires_mul_or_div,PZ1-FINAL-0046,1,22,32
PPO_ZERO29,29,HISTORICAL_FINAL256_OBSERVED,add_sub_solvable,PZ1-FINAL-0047,1,20,32
PPO_ZERO29,29,HISTORICAL_FINAL256_OBSERVED,requires_mul_or_div,PZ1-FINAL-0048,0,0,32
PPO_ZERO29,29,HISTORICAL_FINAL256_OBSERVED,add_sub_solvable,PZ1-FINAL-0049,0,11,32
PPO_ZERO29,29,HISTORICAL_FINAL256_OBSERVED,requires_mul_or_div,PZ1-FINAL-0050,1,25,32
PPO_ZERO29,29,HISTORICAL_FINAL256_OBSERVED,add_sub_solvable,PZ1-FINAL-0051,1,18,32
PPO_ZERO29,29,HISTORICAL_FINAL256_OBSERVED,requires_mul_or_div,PZ1-FINAL-0052,1,14,32
PPO_ZERO29,29,HISTORICAL_FINAL256_OBSERVED,add_sub_solvable,PZ1-FINAL-0053,1,32,32
PPO_ZERO29,29,HISTORICAL_FINAL256_OBSERVED,requires_mul_or_div,PZ1-FINAL-0054,0,0,32
PPO_ZERO29,29,HISTORICAL_FINAL256_OBSERVED,add_sub_solvable,PZ1-FINAL-0055,0,13,32
PPO_ZERO29,29,HISTORICAL_FINAL256_OBSERVED,requires_mul_or_div,PZ1-FINAL-0056,0,0,32
PPO_ZERO29,29,HISTORICAL_FINAL256_OBSERVED,add_sub_solvable,PZ1-FINAL-0057,0,3,32
PPO_ZERO29,29,HISTORICAL_FINAL256_OBSERVED,requires_mul_or_div,PZ1-FINAL-0058,0,0,32
PPO_ZERO29,29,HISTORICAL_FINAL256_OBSERVED,add_sub_solvable,PZ1-FINAL-0059,1,29,32
PPO_ZERO29,29,HISTORICAL_FINAL256_OBSERVED,requires_mul_or_div,PZ1-FINAL-0060,0,1,32
PPO_ZERO29,29,HISTORICAL_FINAL256_OBSERVED,add_sub_solvable,PZ1-FINAL-0061,1,32,32
PPO_ZERO29,29,HISTORICAL_FINAL256_OBSERVED,requires_mul_or_div,PZ1-FINAL-0062,0,0,32
PPO_ZERO29,29,HISTORICAL_FINAL256_OBSERVED,add_sub_solvable,PZ1-FINAL-0063,1,30,32
PPO_ZERO29,29,HISTORICAL_FINAL256_OBSERVED,requires_mul_or_div,PZ1-FINAL-0064,0,0,32
PPO_ZERO29,29,HISTORICAL_FINAL256_OBSERVED,add_sub_solvable,PZ1-FINAL-0065,0,2,32
PPO_ZERO29,29,HISTORICAL_FINAL256_OBSERVED,requires_mul_or_div,PZ1-FINAL-0066,0,0,32
PPO_ZERO29,29,HISTORICAL_FINAL256_OBSERVED,add_sub_solvable,PZ1-FINAL-0067,0,3,32
PPO_ZERO29,29,HISTORICAL_FINAL256_OBSERVED,requires_mul_or_div,PZ1-FINAL-0068,0,0,32
PPO_ZERO29,29,HISTORICAL_FINAL256_OBSERVED,add_sub_solvable,PZ1-FINAL-0069,0,7,32
PPO_ZERO29,29,HISTORICAL_FINAL256_OBSERVED,requires_mul_or_div,PZ1-FINAL-0070,0,0,32
PPO_ZERO29,29,HISTORICAL_FINAL256_OBSERVED,add_sub_solvable,PZ1-FINAL-0071,1,31,32
PPO_ZERO29,29,HISTORICAL_FINAL256_OBSERVED,requires_mul_or_div,PZ1-FINAL-0072,0,0,32
PPO_ZERO29,29,HISTORICAL_FINAL256_OBSERVED,add_sub_solvable,PZ1-FINAL-0073,1,20,32
PPO_ZERO29,29,HISTORICAL_FINAL256_OBSERVED,requires_mul_or_div,PZ1-FINAL-0074,0,0,32
PPO_ZERO29,29,HISTORICAL_FINAL256_OBSERVED,add_sub_solvable,PZ1-FINAL-0075,0,9,32
PPO_ZERO29,29,HISTORICAL_FINAL256_OBSERVED,requires_mul_or_div,PZ1-FINAL-0076,0,6,32
PPO_ZERO29,29,HISTORICAL_FINAL256_OBSERVED,add_sub_solvable,PZ1-FINAL-0077,1,30,32
PPO_ZERO29,29,HISTORICAL_FINAL256_OBSERVED,requires_mul_or_div,PZ1-FINAL-0078,1,8,32
PPO_ZERO29,29,HISTORICAL_FINAL256_OBSERVED,add_sub_solvable,PZ1-FINAL-0079,0,4,32
PPO_ZERO29,29,HISTORICAL_FINAL256_OBSERVED,requires_mul_or_div,PZ1-FINAL-0080,0,0,32
PPO_ZERO29,29,HISTORICAL_FINAL256_OBSERVED,add_sub_solvable,PZ1-FINAL-0081,0,0,32
PPO_ZERO29,29,HISTORICAL_FINAL256_OBSERVED,requires_mul_or_div,PZ1-FINAL-0082,0,0,32
PPO_ZERO29,29,HISTORICAL_FINAL256_OBSERVED,add_sub_solvable,PZ1-FINAL-0083,1,32,32
PPO_ZERO29,29,HISTORICAL_FINAL256_OBSERVED,requires_mul_or_div,PZ1-FINAL-0084,0,0,32
PPO_ZERO29,29,HISTORICAL_FINAL256_OBSERVED,add_sub_solvable,PZ1-FINAL-0085,0,0,32
PPO_ZERO29,29,HISTORICAL_FINAL256_OBSERVED,requires_mul_or_div,PZ1-FINAL-0086,0,0,32
PPO_ZERO29,29,HISTORICAL_FINAL256_OBSERVED,add_sub_solvable,PZ1-FINAL-0087,1,32,32
PPO_ZERO29,29,HISTORICAL_FINAL256_OBSERVED,requires_mul_or_div,PZ1-FINAL-0088,0,0,32
PPO_ZERO29,29,HISTORICAL_FINAL256_OBSERVED,add_sub_solvable,PZ1-FINAL-0089,0,19,32
PPO_ZERO29,29,HISTORICAL_FINAL256_OBSERVED,requires_mul_or_div,PZ1-FINAL-0090,0,0,32
PPO_ZERO29,29,HISTORICAL_FINAL256_OBSERVED,add_sub_solvable,PZ1-FINAL-0091,1,30,32
PPO_ZERO29,29,HISTORICAL_FINAL256_OBSERVED,requires_mul_or_div,PZ1-FINAL-0092,0,0,32
PPO_ZERO29,29,HISTORICAL_FINAL256_OBSERVED,add_sub_solvable,PZ1-FINAL-0093,1,16,32
PPO_ZERO29,29,HISTORICAL_FINAL256_OBSERVED,requires_mul_or_div,PZ1-FINAL-0094,0,0,32
PPO_ZERO29,29,HISTORICAL_FINAL256_OBSERVED,add_sub_solvable,PZ1-FINAL-0095,1,31,32
PPO_ZERO29,29,HISTORICAL_FINAL256_OBSERVED,requires_mul_or_div,PZ1-FINAL-0096,0,0,32
PPO_ZERO29,29,HISTORICAL_FINAL256_OBSERVED,add_sub_solvable,PZ1-FINAL-0097,1,27,32
PPO_ZERO29,29,HISTORICAL_FINAL256_OBSERVED,requires_mul_or_div,PZ1-FINAL-0098,0,0,32
PPO_ZERO29,29,HISTORICAL_FINAL256_OBSERVED,add_sub_solvable,PZ1-FINAL-0099,0,2,32
PPO_ZERO29,29,HISTORICAL_FINAL256_OBSERVED,requires_mul_or_div,PZ1-FINAL-0100,0,15,32
PPO_ZERO29,29,HISTORICAL_FINAL256_OBSERVED,add_sub_solvable,PZ1-FINAL-0101,1,14,32
PPO_ZERO29,29,HISTORICAL_FINAL256_OBSERVED,requires_mul_or_div,PZ1-FINAL-0102,0,0,32
PPO_ZERO29,29,HISTORICAL_FINAL256_OBSERVED,add_sub_solvable,PZ1-FINAL-0103,0,1,32
PPO_ZERO29,29,HISTORICAL_FINAL256_OBSERVED,requires_mul_or_div,PZ1-FINAL-0104,0,0,32
PPO_ZERO29,29,HISTORICAL_FINAL256_OBSERVED,add_sub_solvable,PZ1-FINAL-0105,1,31,32
PPO_ZERO29,29,HISTORICAL_FINAL256_OBSERVED,requires_mul_or_div,PZ1-FINAL-0106,0,0,32
PPO_ZERO29,29,HISTORICAL_FINAL256_OBSERVED,add_sub_solvable,PZ1-FINAL-0107,0,12,32
PPO_ZERO29,29,HISTORICAL_FINAL256_OBSERVED,requires_mul_or_div,PZ1-FINAL-0108,0,6,32
PPO_ZERO29,29,HISTORICAL_FINAL256_OBSERVED,add_sub_solvable,PZ1-FINAL-0109,0,0,32
PPO_ZERO29,29,HISTORICAL_FINAL256_OBSERVED,requires_mul_or_div,PZ1-FINAL-0110,0,4,32
PPO_ZERO29,29,HISTORICAL_FINAL256_OBSERVED,add_sub_solvable,PZ1-FINAL-0111,1,14,32
PPO_ZERO29,29,HISTORICAL_FINAL256_OBSERVED,requires_mul_or_div,PZ1-FINAL-0112,0,0,32
PPO_ZERO29,29,HISTORICAL_FINAL256_OBSERVED,add_sub_solvable,PZ1-FINAL-0113,0,1,32
PPO_ZERO29,29,HISTORICAL_FINAL256_OBSERVED,requires_mul_or_div,PZ1-FINAL-0114,0,0,32
PPO_ZERO29,29,HISTORICAL_FINAL256_OBSERVED,add_sub_solvable,PZ1-FINAL-0115,1,27,32
PPO_ZERO29,29,HISTORICAL_FINAL256_OBSERVED,requires_mul_or_div,PZ1-FINAL-0116,0,0,32
PPO_ZERO29,29,HISTORICAL_FINAL256_OBSERVED,add_sub_solvable,PZ1-FINAL-0117,1,32,32
PPO_ZERO29,29,HISTORICAL_FINAL256_OBSERVED,requires_mul_or_div,PZ1-FINAL-0118,0,0,32
PPO_ZERO29,29,HISTORICAL_FINAL256_OBSERVED,add_sub_solvable,PZ1-FINAL-0119,1,30,32
PPO_ZERO29,29,HISTORICAL_FINAL256_OBSERVED,requires_mul_or_div,PZ1-FINAL-0120,0,3,32
PPO_ZERO29,29,HISTORICAL_FINAL256_OBSERVED,add_sub_solvable,PZ1-FINAL-0121,1,6,32
PPO_ZERO29,29,HISTORICAL_FINAL256_OBSERVED,requires_mul_or_div,PZ1-FINAL-0122,0,0,32
PPO_ZERO29,29,HISTORICAL_FINAL256_OBSERVED,add_sub_solvable,PZ1-FINAL-0123,1,32,32
PPO_ZERO29,29,HISTORICAL_FINAL256_OBSERVED,requires_mul_or_div,PZ1-FINAL-0124,1,29,32
PPO_ZERO29,29,HISTORICAL_FINAL256_OBSERVED,add_sub_solvable,PZ1-FINAL-0125,1,13,32
PPO_ZERO29,29,HISTORICAL_FINAL256_OBSERVED,requires_mul_or_div,PZ1-FINAL-0126,0,0,32
PPO_ZERO29,29,HISTORICAL_FINAL256_OBSERVED,add_sub_solvable,PZ1-FINAL-0127,1,32,32
PPO_ZERO29,29,HISTORICAL_FINAL256_OBSERVED,requires_mul_or_div,PZ1-FINAL-0128,0,0,32
PPO_ZERO29,29,HISTORICAL_FINAL256_OBSERVED,add_sub_solvable,PZ1-FINAL-0129,1,17,32
PPO_ZERO29,29,HISTORICAL_FINAL256_OBSERVED,requires_mul_or_div,PZ1-FINAL-0130,0,0,32
PPO_ZERO29,29,HISTORICAL_FINAL256_OBSERVED,add_sub_solvable,PZ1-FINAL-0131,0,4,32
PPO_ZERO29,29,HISTORICAL_FINAL256_OBSERVED,requires_mul_or_div,PZ1-FINAL-0132,0,0,32
PPO_ZERO29,29,HISTORICAL_FINAL256_OBSERVED,add_sub_solvable,PZ1-FINAL-0133,0,5,32
PPO_ZERO29,29,HISTORICAL_FINAL256_OBSERVED,requires_mul_or_div,PZ1-FINAL-0134,0,0,32
PPO_ZERO29,29,HISTORICAL_FINAL256_OBSERVED,add_sub_solvable,PZ1-FINAL-0135,1,23,32
PPO_ZERO29,29,HISTORICAL_FINAL256_OBSERVED,requires_mul_or_div,PZ1-FINAL-0136,0,0,32
PPO_ZERO29,29,HISTORICAL_FINAL256_OBSERVED,add_sub_solvable,PZ1-FINAL-0137,0,14,32
PPO_ZERO29,29,HISTORICAL_FINAL256_OBSERVED,requires_mul_or_div,PZ1-FINAL-0138,1,24,32
PPO_ZERO29,29,HISTORICAL_FINAL256_OBSERVED,add_sub_solvable,PZ1-FINAL-0139,1,26,32
PPO_ZERO29,29,HISTORICAL_FINAL256_OBSERVED,requires_mul_or_div,PZ1-FINAL-0140,0,2,32
PPO_ZERO29,29,HISTORICAL_FINAL256_OBSERVED,add_sub_solvable,PZ1-FINAL-0141,0,1,32
PPO_ZERO29,29,HISTORICAL_FINAL256_OBSERVED,requires_mul_or_div,PZ1-FINAL-0142,0,0,32
PPO_ZERO29,29,HISTORICAL_FINAL256_OBSERVED,add_sub_solvable,PZ1-FINAL-0143,1,17,32
PPO_ZERO29,29,HISTORICAL_FINAL256_OBSERVED,requires_mul_or_div,PZ1-FINAL-0144,0,0,32
PPO_ZERO29,29,HISTORICAL_FINAL256_OBSERVED,add_sub_solvable,PZ1-FINAL-0145,1,24,32
PPO_ZERO29,29,HISTORICAL_FINAL256_OBSERVED,requires_mul_or_div,PZ1-FINAL-0146,0,0,32
PPO_ZERO29,29,HISTORICAL_FINAL256_OBSERVED,add_sub_solvable,PZ1-FINAL-0147,1,29,32
PPO_ZERO29,29,HISTORICAL_FINAL256_OBSERVED,requires_mul_or_div,PZ1-FINAL-0148,0,3,32
PPO_ZERO29,29,HISTORICAL_FINAL256_OBSERVED,add_sub_solvable,PZ1-FINAL-0149,1,26,32
PPO_ZERO29,29,HISTORICAL_FINAL256_OBSERVED,requires_mul_or_div,PZ1-FINAL-0150,0,0,32
PPO_ZERO29,29,HISTORICAL_FINAL256_OBSERVED,add_sub_solvable,PZ1-FINAL-0151,1,15,32
PPO_ZERO29,29,HISTORICAL_FINAL256_OBSERVED,requires_mul_or_div,PZ1-FINAL-0152,0,0,32
PPO_ZERO29,29,HISTORICAL_FINAL256_OBSERVED,add_sub_solvable,PZ1-FINAL-0153,1,30,32
PPO_ZERO29,29,HISTORICAL_FINAL256_OBSERVED,requires_mul_or_div,PZ1-FINAL-0154,0,1,32
PPO_ZERO29,29,HISTORICAL_FINAL256_OBSERVED,add_sub_solvable,PZ1-FINAL-0155,1,31,32
PPO_ZERO29,29,HISTORICAL_FINAL256_OBSERVED,requires_mul_or_div,PZ1-FINAL-0156,0,0,32
PPO_ZERO29,29,HISTORICAL_FINAL256_OBSERVED,add_sub_solvable,PZ1-FINAL-0157,1,32,32
PPO_ZERO29,29,HISTORICAL_FINAL256_OBSERVED,requires_mul_or_div,PZ1-FINAL-0158,0,0,32
PPO_ZERO29,29,HISTORICAL_FINAL256_OBSERVED,add_sub_solvable,PZ1-FINAL-0159,1,21,32
PPO_ZERO29,29,HISTORICAL_FINAL256_OBSERVED,requires_mul_or_div,PZ1-FINAL-0160,0,0,32
PPO_ZERO29,29,HISTORICAL_FINAL256_OBSERVED,add_sub_solvable,PZ1-FINAL-0161,0,1,32
PPO_ZERO29,29,HISTORICAL_FINAL256_OBSERVED,requires_mul_or_div,PZ1-FINAL-0162,1,24,32
PPO_ZERO29,29,HISTORICAL_FINAL256_OBSERVED,add_sub_solvable,PZ1-FINAL-0163,0,18,32
PPO_ZERO29,29,HISTORICAL_FINAL256_OBSERVED,requires_mul_or_div,PZ1-FINAL-0164,0,0,32
PPO_ZERO29,29,HISTORICAL_FINAL256_OBSERVED,add_sub_solvable,PZ1-FINAL-0165,1,32,32
PPO_ZERO29,29,HISTORICAL_FINAL256_OBSERVED,requires_mul_or_div,PZ1-FINAL-0166,0,0,32
PPO_ZERO29,29,HISTORICAL_FINAL256_OBSERVED,add_sub_solvable,PZ1-FINAL-0167,1,27,32
PPO_ZERO29,29,HISTORICAL_FINAL256_OBSERVED,requires_mul_or_div,PZ1-FINAL-0168,0,0,32
PPO_ZERO29,29,HISTORICAL_FINAL256_OBSERVED,add_sub_solvable,PZ1-FINAL-0169,1,16,32
PPO_ZERO29,29,HISTORICAL_FINAL256_OBSERVED,requires_mul_or_div,PZ1-FINAL-0170,0,0,32
PPO_ZERO29,29,HISTORICAL_FINAL256_OBSERVED,add_sub_solvable,PZ1-FINAL-0171,1,30,32
PPO_ZERO29,29,HISTORICAL_FINAL256_OBSERVED,requires_mul_or_div,PZ1-FINAL-0172,0,0,32
PPO_ZERO29,29,HISTORICAL_FINAL256_OBSERVED,add_sub_solvable,PZ1-FINAL-0173,1,32,32
PPO_ZERO29,29,HISTORICAL_FINAL256_OBSERVED,requires_mul_or_div,PZ1-FINAL-0174,0,0,32
PPO_ZERO29,29,HISTORICAL_FINAL256_OBSERVED,add_sub_solvable,PZ1-FINAL-0175,1,28,32
PPO_ZERO29,29,HISTORICAL_FINAL256_OBSERVED,requires_mul_or_div,PZ1-FINAL-0176,0,0,32
PPO_ZERO29,29,HISTORICAL_FINAL256_OBSERVED,add_sub_solvable,PZ1-FINAL-0177,1,31,32
PPO_ZERO29,29,HISTORICAL_FINAL256_OBSERVED,requires_mul_or_div,PZ1-FINAL-0178,0,11,32
PPO_ZERO29,29,HISTORICAL_FINAL256_OBSERVED,add_sub_solvable,PZ1-FINAL-0179,1,21,32
PPO_ZERO29,29,HISTORICAL_FINAL256_OBSERVED,requires_mul_or_div,PZ1-FINAL-0180,0,0,32
PPO_ZERO29,29,HISTORICAL_FINAL256_OBSERVED,add_sub_solvable,PZ1-FINAL-0181,1,19,32
PPO_ZERO29,29,HISTORICAL_FINAL256_OBSERVED,requires_mul_or_div,PZ1-FINAL-0182,1,32,32
PPO_ZERO29,29,HISTORICAL_FINAL256_OBSERVED,add_sub_solvable,PZ1-FINAL-0183,1,23,32
PPO_ZERO29,29,HISTORICAL_FINAL256_OBSERVED,requires_mul_or_div,PZ1-FINAL-0184,0,0,32
PPO_ZERO29,29,HISTORICAL_FINAL256_OBSERVED,add_sub_solvable,PZ1-FINAL-0185,1,31,32
PPO_ZERO29,29,HISTORICAL_FINAL256_OBSERVED,requires_mul_or_div,PZ1-FINAL-0186,0,0,32
PPO_ZERO29,29,HISTORICAL_FINAL256_OBSERVED,add_sub_solvable,PZ1-FINAL-0187,1,31,32
PPO_ZERO29,29,HISTORICAL_FINAL256_OBSERVED,requires_mul_or_div,PZ1-FINAL-0188,0,0,32
PPO_ZERO29,29,HISTORICAL_FINAL256_OBSERVED,add_sub_solvable,PZ1-FINAL-0189,1,23,32
PPO_ZERO29,29,HISTORICAL_FINAL256_OBSERVED,requires_mul_or_div,PZ1-FINAL-0190,0,0,32
PPO_ZERO29,29,HISTORICAL_FINAL256_OBSERVED,add_sub_solvable,PZ1-FINAL-0191,0,2,32
PPO_ZERO29,29,HISTORICAL_FINAL256_OBSERVED,requires_mul_or_div,PZ1-FINAL-0192,0,0,32
PPO_ZERO29,29,HISTORICAL_FINAL256_OBSERVED,add_sub_solvable,PZ1-FINAL-0193,1,31,32
PPO_ZERO29,29,HISTORICAL_FINAL256_OBSERVED,requires_mul_or_div,PZ1-FINAL-0194,0,0,32
PPO_ZERO29,29,HISTORICAL_FINAL256_OBSERVED,add_sub_solvable,PZ1-FINAL-0195,1,18,32
PPO_ZERO29,29,HISTORICAL_FINAL256_OBSERVED,requires_mul_or_div,PZ1-FINAL-0196,0,0,32
PPO_ZERO29,29,HISTORICAL_FINAL256_OBSERVED,add_sub_solvable,PZ1-FINAL-0197,1,20,32
PPO_ZERO29,29,HISTORICAL_FINAL256_OBSERVED,requires_mul_or_div,PZ1-FINAL-0198,0,0,32
PPO_ZERO29,29,HISTORICAL_FINAL256_OBSERVED,add_sub_solvable,PZ1-FINAL-0199,1,32,32
PPO_ZERO29,29,HISTORICAL_FINAL256_OBSERVED,requires_mul_or_div,PZ1-FINAL-0200,0,0,32
PPO_ZERO29,29,HISTORICAL_FINAL256_OBSERVED,add_sub_solvable,PZ1-FINAL-0201,1,31,32
PPO_ZERO29,29,HISTORICAL_FINAL256_OBSERVED,requires_mul_or_div,PZ1-FINAL-0202,1,29,32
PPO_ZERO29,29,HISTORICAL_FINAL256_OBSERVED,add_sub_solvable,PZ1-FINAL-0203,1,25,32
PPO_ZERO29,29,HISTORICAL_FINAL256_OBSERVED,requires_mul_or_div,PZ1-FINAL-0204,0,0,32
PPO_ZERO29,29,HISTORICAL_FINAL256_OBSERVED,add_sub_solvable,PZ1-FINAL-0205,1,31,32
PPO_ZERO29,29,HISTORICAL_FINAL256_OBSERVED,requires_mul_or_div,PZ1-FINAL-0206,0,0,32
PPO_ZERO29,29,HISTORICAL_FINAL256_OBSERVED,add_sub_solvable,PZ1-FINAL-0207,1,23,32
PPO_ZERO29,29,HISTORICAL_FINAL256_OBSERVED,requires_mul_or_div,PZ1-FINAL-0208,0,0,32
PPO_ZERO29,29,HISTORICAL_FINAL256_OBSERVED,add_sub_solvable,PZ1-FINAL-0209,1,16,32
PPO_ZERO29,29,HISTORICAL_FINAL256_OBSERVED,requires_mul_or_div,PZ1-FINAL-0210,0,0,32
PPO_ZERO29,29,HISTORICAL_FINAL256_OBSERVED,add_sub_solvable,PZ1-FINAL-0211,0,6,32
PPO_ZERO29,29,HISTORICAL_FINAL256_OBSERVED,requires_mul_or_div,PZ1-FINAL-0212,0,0,32
PPO_ZERO29,29,HISTORICAL_FINAL256_OBSERVED,add_sub_solvable,PZ1-FINAL-0213,1,28,32
PPO_ZERO29,29,HISTORICAL_FINAL256_OBSERVED,requires_mul_or_div,PZ1-FINAL-0214,0,0,32
PPO_ZERO29,29,HISTORICAL_FINAL256_OBSERVED,add_sub_solvable,PZ1-FINAL-0215,0,21,32
PPO_ZERO29,29,HISTORICAL_FINAL256_OBSERVED,requires_mul_or_div,PZ1-FINAL-0216,0,0,32
PPO_ZERO29,29,HISTORICAL_FINAL256_OBSERVED,add_sub_solvable,PZ1-FINAL-0217,1,29,32
PPO_ZERO29,29,HISTORICAL_FINAL256_OBSERVED,requires_mul_or_div,PZ1-FINAL-0218,0,1,32
PPO_ZERO29,29,HISTORICAL_FINAL256_OBSERVED,add_sub_solvable,PZ1-FINAL-0219,1,22,32
PPO_ZERO29,29,HISTORICAL_FINAL256_OBSERVED,requires_mul_or_div,PZ1-FINAL-0220,0,0,32
PPO_ZERO29,29,HISTORICAL_FINAL256_OBSERVED,add_sub_solvable,PZ1-FINAL-0221,1,31,32
PPO_ZERO29,29,HISTORICAL_FINAL256_OBSERVED,requires_mul_or_div,PZ1-FINAL-0222,0,5,32
PPO_ZERO29,29,HISTORICAL_FINAL256_OBSERVED,add_sub_solvable,PZ1-FINAL-0223,1,23,32
PPO_ZERO29,29,HISTORICAL_FINAL256_OBSERVED,requires_mul_or_div,PZ1-FINAL-0224,0,0,32
PPO_ZERO29,29,HISTORICAL_FINAL256_OBSERVED,add_sub_solvable,PZ1-FINAL-0225,1,32,32
PPO_ZERO29,29,HISTORICAL_FINAL256_OBSERVED,requires_mul_or_div,PZ1-FINAL-0226,0,0,32
PPO_ZERO29,29,HISTORICAL_FINAL256_OBSERVED,add_sub_solvable,PZ1-FINAL-0227,1,27,32
PPO_ZERO29,29,HISTORICAL_FINAL256_OBSERVED,requires_mul_or_div,PZ1-FINAL-0228,0,0,32
PPO_ZERO29,29,HISTORICAL_FINAL256_OBSERVED,add_sub_solvable,PZ1-FINAL-0229,1,32,32
PPO_ZERO29,29,HISTORICAL_FINAL256_OBSERVED,requires_mul_or_div,PZ1-FINAL-0230,0,0,32
PPO_ZERO29,29,HISTORICAL_FINAL256_OBSERVED,add_sub_solvable,PZ1-FINAL-0231,0,10,32
PPO_ZERO29,29,HISTORICAL_FINAL256_OBSERVED,requires_mul_or_div,PZ1-FINAL-0232,1,10,32
PPO_ZERO29,29,HISTORICAL_FINAL256_OBSERVED,add_sub_solvable,PZ1-FINAL-0233,1,21,32
PPO_ZERO29,29,HISTORICAL_FINAL256_OBSERVED,requires_mul_or_div,PZ1-FINAL-0234,0,0,32
PPO_ZERO29,29,HISTORICAL_FINAL256_OBSERVED,add_sub_solvable,PZ1-FINAL-0235,1,32,32
PPO_ZERO29,29,HISTORICAL_FINAL256_OBSERVED,requires_mul_or_div,PZ1-FINAL-0236,0,2,32
PPO_ZERO29,29,HISTORICAL_FINAL256_OBSERVED,add_sub_solvable,PZ1-FINAL-0237,0,7,32
PPO_ZERO29,29,HISTORICAL_FINAL256_OBSERVED,requires_mul_or_div,PZ1-FINAL-0238,0,1,32
PPO_ZERO29,29,HISTORICAL_FINAL256_OBSERVED,add_sub_solvable,PZ1-FINAL-0239,0,14,32
PPO_ZERO29,29,HISTORICAL_FINAL256_OBSERVED,requires_mul_or_div,PZ1-FINAL-0240,0,0,32
PPO_ZERO29,29,HISTORICAL_FINAL256_OBSERVED,add_sub_solvable,PZ1-FINAL-0241,1,31,32
PPO_ZERO29,29,HISTORICAL_FINAL256_OBSERVED,requires_mul_or_div,PZ1-FINAL-0242,0,0,32
PPO_ZERO29,29,HISTORICAL_FINAL256_OBSERVED,add_sub_solvable,PZ1-FINAL-0243,1,31,32
PPO_ZERO29,29,HISTORICAL_FINAL256_OBSERVED,requires_mul_or_div,PZ1-FINAL-0244,0,0,32
PPO_ZERO29,29,HISTORICAL_FINAL256_OBSERVED,add_sub_solvable,PZ1-FINAL-0245,1,18,32
PPO_ZERO29,29,HISTORICAL_FINAL256_OBSERVED,requires_mul_or_div,PZ1-FINAL-0246,0,0,32
PPO_ZERO29,29,HISTORICAL_FINAL256_OBSERVED,add_sub_solvable,PZ1-FINAL-0247,0,26,32
PPO_ZERO29,29,HISTORICAL_FINAL256_OBSERVED,requires_mul_or_div,PZ1-FINAL-0248,0,0,32
PPO_ZERO29,29,HISTORICAL_FINAL256_OBSERVED,add_sub_solvable,PZ1-FINAL-0249,1,30,32
PPO_ZERO29,29,HISTORICAL_FINAL256_OBSERVED,requires_mul_or_div,PZ1-FINAL-0250,0,0,32
PPO_ZERO29,29,HISTORICAL_FINAL256_OBSERVED,add_sub_solvable,PZ1-FINAL-0251,0,1,32
PPO_ZERO29,29,HISTORICAL_FINAL256_OBSERVED,requires_mul_or_div,PZ1-FINAL-0252,0,0,32
PPO_ZERO29,29,HISTORICAL_FINAL256_OBSERVED,add_sub_solvable,PZ1-FINAL-0253,1,23,32
PPO_ZERO29,29,HISTORICAL_FINAL256_OBSERVED,requires_mul_or_div,PZ1-FINAL-0254,0,0,32
PPO_ZERO29,29,HISTORICAL_FINAL256_OBSERVED,add_sub_solvable,PZ1-FINAL-0255,1,18,32
PPO_ZERO29,29,HISTORICAL_FINAL256_OBSERVED,requires_mul_or_div,PZ1-FINAL-0256,0,10,32
PPO_ZERO29,29,CONFIRM128_RESERVED,add_sub_solvable,PZ2-CONFIRM-0001,1,32,32
PPO_ZERO29,29,CONFIRM128_RESERVED,requires_mul_or_div,PZ2-CONFIRM-0002,0,0,32
PPO_ZERO29,29,CONFIRM128_RESERVED,add_sub_solvable,PZ2-CONFIRM-0003,0,20,32
PPO_ZERO29,29,CONFIRM128_RESERVED,requires_mul_or_div,PZ2-CONFIRM-0004,0,0,32
PPO_ZERO29,29,CONFIRM128_RESERVED,add_sub_solvable,PZ2-CONFIRM-0005,0,3,32
PPO_ZERO29,29,CONFIRM128_RESERVED,requires_mul_or_div,PZ2-CONFIRM-0006,1,28,32
PPO_ZERO29,29,CONFIRM128_RESERVED,add_sub_solvable,PZ2-CONFIRM-0007,0,0,32
PPO_ZERO29,29,CONFIRM128_RESERVED,requires_mul_or_div,PZ2-CONFIRM-0008,0,0,32
PPO_ZERO29,29,CONFIRM128_RESERVED,add_sub_solvable,PZ2-CONFIRM-0009,0,8,32
PPO_ZERO29,29,CONFIRM128_RESERVED,requires_mul_or_div,PZ2-CONFIRM-0010,0,0,32
PPO_ZERO29,29,CONFIRM128_RESERVED,add_sub_solvable,PZ2-CONFIRM-0011,0,8,32
PPO_ZERO29,29,CONFIRM128_RESERVED,requires_mul_or_div,PZ2-CONFIRM-0012,0,0,32
PPO_ZERO29,29,CONFIRM128_RESERVED,add_sub_solvable,PZ2-CONFIRM-0013,1,29,32
PPO_ZERO29,29,CONFIRM128_RESERVED,requires_mul_or_div,PZ2-CONFIRM-0014,0,0,32
PPO_ZERO29,29,CONFIRM128_RESERVED,add_sub_solvable,PZ2-CONFIRM-0015,1,31,32
PPO_ZERO29,29,CONFIRM128_RESERVED,requires_mul_or_div,PZ2-CONFIRM-0016,0,0,32
PPO_ZERO29,29,CONFIRM128_RESERVED,add_sub_solvable,PZ2-CONFIRM-0017,1,29,32
PPO_ZERO29,29,CONFIRM128_RESERVED,requires_mul_or_div,PZ2-CONFIRM-0018,0,2,32
PPO_ZERO29,29,CONFIRM128_RESERVED,add_sub_solvable,PZ2-CONFIRM-0019,0,0,32
PPO_ZERO29,29,CONFIRM128_RESERVED,requires_mul_or_div,PZ2-CONFIRM-0020,0,0,32
PPO_ZERO29,29,CONFIRM128_RESERVED,add_sub_solvable,PZ2-CONFIRM-0021,0,18,32
PPO_ZERO29,29,CONFIRM128_RESERVED,requires_mul_or_div,PZ2-CONFIRM-0022,0,0,32
PPO_ZERO29,29,CONFIRM128_RESERVED,add_sub_solvable,PZ2-CONFIRM-0023,1,30,32
PPO_ZERO29,29,CONFIRM128_RESERVED,requires_mul_or_div,PZ2-CONFIRM-0024,0,0,32
PPO_ZERO29,29,CONFIRM128_RESERVED,add_sub_solvable,PZ2-CONFIRM-0025,0,1,32
PPO_ZERO29,29,CONFIRM128_RESERVED,requires_mul_or_div,PZ2-CONFIRM-0026,0,0,32
PPO_ZERO29,29,CONFIRM128_RESERVED,add_sub_solvable,PZ2-CONFIRM-0027,1,17,32
PPO_ZERO29,29,CONFIRM128_RESERVED,requires_mul_or_div,PZ2-CONFIRM-0028,0,1,32
PPO_ZERO29,29,CONFIRM128_RESERVED,add_sub_solvable,PZ2-CONFIRM-0029,1,32,32
PPO_ZERO29,29,CONFIRM128_RESERVED,requires_mul_or_div,PZ2-CONFIRM-0030,0,0,32
PPO_ZERO29,29,CONFIRM128_RESERVED,add_sub_solvable,PZ2-CONFIRM-0031,1,32,32
PPO_ZERO29,29,CONFIRM128_RESERVED,requires_mul_or_div,PZ2-CONFIRM-0032,0,0,32
PPO_ZERO29,29,CONFIRM128_RESERVED,add_sub_solvable,PZ2-CONFIRM-0033,1,31,32
PPO_ZERO29,29,CONFIRM128_RESERVED,requires_mul_or_div,PZ2-CONFIRM-0034,0,3,32
PPO_ZERO29,29,CONFIRM128_RESERVED,add_sub_solvable,PZ2-CONFIRM-0035,1,27,32
PPO_ZERO29,29,CONFIRM128_RESERVED,requires_mul_or_div,PZ2-CONFIRM-0036,0,0,32
PPO_ZERO29,29,CONFIRM128_RESERVED,add_sub_solvable,PZ2-CONFIRM-0037,1,32,32
PPO_ZERO29,29,CONFIRM128_RESERVED,requires_mul_or_div,PZ2-CONFIRM-0038,0,0,32
PPO_ZERO29,29,CONFIRM128_RESERVED,add_sub_solvable,PZ2-CONFIRM-0039,0,13,32
PPO_ZERO29,29,CONFIRM128_RESERVED,requires_mul_or_div,PZ2-CONFIRM-0040,0,0,32
PPO_ZERO29,29,CONFIRM128_RESERVED,add_sub_solvable,PZ2-CONFIRM-0041,1,32,32
PPO_ZERO29,29,CONFIRM128_RESERVED,requires_mul_or_div,PZ2-CONFIRM-0042,0,0,32
PPO_ZERO29,29,CONFIRM128_RESERVED,add_sub_solvable,PZ2-CONFIRM-0043,1,31,32
PPO_ZERO29,29,CONFIRM128_RESERVED,requires_mul_or_div,PZ2-CONFIRM-0044,0,0,32
PPO_ZERO29,29,CONFIRM128_RESERVED,add_sub_solvable,PZ2-CONFIRM-0045,1,32,32
PPO_ZERO29,29,CONFIRM128_RESERVED,requires_mul_or_div,PZ2-CONFIRM-0046,0,0,32
PPO_ZERO29,29,CONFIRM128_RESERVED,add_sub_solvable,PZ2-CONFIRM-0047,0,9,32
PPO_ZERO29,29,CONFIRM128_RESERVED,requires_mul_or_div,PZ2-CONFIRM-0048,0,1,32
PPO_ZERO29,29,CONFIRM128_RESERVED,add_sub_solvable,PZ2-CONFIRM-0049,1,31,32
PPO_ZERO29,29,CONFIRM128_RESERVED,requires_mul_or_div,PZ2-CONFIRM-0050,0,0,32
PPO_ZERO29,29,CONFIRM128_RESERVED,add_sub_solvable,PZ2-CONFIRM-0051,0,8,32
PPO_ZERO29,29,CONFIRM128_RESERVED,requires_mul_or_div,PZ2-CONFIRM-0052,0,0,32
PPO_ZERO29,29,CONFIRM128_RESERVED,add_sub_solvable,PZ2-CONFIRM-0053,1,31,32
PPO_ZERO29,29,CONFIRM128_RESERVED,requires_mul_or_div,PZ2-CONFIRM-0054,0,0,32
PPO_ZERO29,29,CONFIRM128_RESERVED,add_sub_solvable,PZ2-CONFIRM-0055,1,31,32
PPO_ZERO29,29,CONFIRM128_RESERVED,requires_mul_or_div,PZ2-CONFIRM-0056,1,27,32
PPO_ZERO29,29,CONFIRM128_RESERVED,add_sub_solvable,PZ2-CONFIRM-0057,1,23,32
PPO_ZERO29,29,CONFIRM128_RESERVED,requires_mul_or_div,PZ2-CONFIRM-0058,0,4,32
PPO_ZERO29,29,CONFIRM128_RESERVED,add_sub_solvable,PZ2-CONFIRM-0059,1,31,32
PPO_ZERO29,29,CONFIRM128_RESERVED,requires_mul_or_div,PZ2-CONFIRM-0060,0,0,32
PPO_ZERO29,29,CONFIRM128_RESERVED,add_sub_solvable,PZ2-CONFIRM-0061,0,7,32
PPO_ZERO29,29,CONFIRM128_RESERVED,requires_mul_or_div,PZ2-CONFIRM-0062,0,0,32
PPO_ZERO29,29,CONFIRM128_RESERVED,add_sub_solvable,PZ2-CONFIRM-0063,1,23,32
PPO_ZERO29,29,CONFIRM128_RESERVED,requires_mul_or_div,PZ2-CONFIRM-0064,0,0,32
PPO_ZERO29,29,CONFIRM128_RESERVED,add_sub_solvable,PZ2-CONFIRM-0065,0,1,32
PPO_ZERO29,29,CONFIRM128_RESERVED,requires_mul_or_div,PZ2-CONFIRM-0066,0,0,32
PPO_ZERO29,29,CONFIRM128_RESERVED,add_sub_solvable,PZ2-CONFIRM-0067,0,6,32
PPO_ZERO29,29,CONFIRM128_RESERVED,requires_mul_or_div,PZ2-CONFIRM-0068,0,1,32
PPO_ZERO29,29,CONFIRM128_RESERVED,add_sub_solvable,PZ2-CONFIRM-0069,1,29,32
PPO_ZERO29,29,CONFIRM128_RESERVED,requires_mul_or_div,PZ2-CONFIRM-0070,0,0,32
PPO_ZERO29,29,CONFIRM128_RESERVED,add_sub_solvable,PZ2-CONFIRM-0071,1,32,32
PPO_ZERO29,29,CONFIRM128_RESERVED,requires_mul_or_div,PZ2-CONFIRM-0072,0,0,32
PPO_ZERO29,29,CONFIRM128_RESERVED,add_sub_solvable,PZ2-CONFIRM-0073,1,24,32
PPO_ZERO29,29,CONFIRM128_RESERVED,requires_mul_or_div,PZ2-CONFIRM-0074,0,0,32
PPO_ZERO29,29,CONFIRM128_RESERVED,add_sub_solvable,PZ2-CONFIRM-0075,0,13,32
PPO_ZERO29,29,CONFIRM128_RESERVED,requires_mul_or_div,PZ2-CONFIRM-0076,0,0,32
PPO_ZERO29,29,CONFIRM128_RESERVED,add_sub_solvable,PZ2-CONFIRM-0077,1,25,32
PPO_ZERO29,29,CONFIRM128_RESERVED,requires_mul_or_div,PZ2-CONFIRM-0078,0,1,32
PPO_ZERO29,29,CONFIRM128_RESERVED,add_sub_solvable,PZ2-CONFIRM-0079,0,5,32
PPO_ZERO29,29,CONFIRM128_RESERVED,requires_mul_or_div,PZ2-CONFIRM-0080,0,0,32
PPO_ZERO29,29,CONFIRM128_RESERVED,add_sub_solvable,PZ2-CONFIRM-0081,1,24,32
PPO_ZERO29,29,CONFIRM128_RESERVED,requires_mul_or_div,PZ2-CONFIRM-0082,0,0,32
PPO_ZERO29,29,CONFIRM128_RESERVED,add_sub_solvable,PZ2-CONFIRM-0083,0,5,32
PPO_ZERO29,29,CONFIRM128_RESERVED,requires_mul_or_div,PZ2-CONFIRM-0084,0,0,32
PPO_ZERO29,29,CONFIRM128_RESERVED,add_sub_solvable,PZ2-CONFIRM-0085,1,32,32
PPO_ZERO29,29,CONFIRM128_RESERVED,requires_mul_or_div,PZ2-CONFIRM-0086,0,0,32
PPO_ZERO29,29,CONFIRM128_RESERVED,add_sub_solvable,PZ2-CONFIRM-0087,0,13,32
PPO_ZERO29,29,CONFIRM128_RESERVED,requires_mul_or_div,PZ2-CONFIRM-0088,0,0,32
PPO_ZERO29,29,CONFIRM128_RESERVED,add_sub_solvable,PZ2-CONFIRM-0089,1,31,32
PPO_ZERO29,29,CONFIRM128_RESERVED,requires_mul_or_div,PZ2-CONFIRM-0090,0,1,32
PPO_ZERO29,29,CONFIRM128_RESERVED,add_sub_solvable,PZ2-CONFIRM-0091,1,18,32
PPO_ZERO29,29,CONFIRM128_RESERVED,requires_mul_or_div,PZ2-CONFIRM-0092,0,1,32
PPO_ZERO29,29,CONFIRM128_RESERVED,add_sub_solvable,PZ2-CONFIRM-0093,0,3,32
PPO_ZERO29,29,CONFIRM128_RESERVED,requires_mul_or_div,PZ2-CONFIRM-0094,0,15,32
PPO_ZERO29,29,CONFIRM128_RESERVED,add_sub_solvable,PZ2-CONFIRM-0095,1,32,32
PPO_ZERO29,29,CONFIRM128_RESERVED,requires_mul_or_div,PZ2-CONFIRM-0096,0,0,32
PPO_ZERO29,29,CONFIRM128_RESERVED,add_sub_solvable,PZ2-CONFIRM-0097,0,0,32
PPO_ZERO29,29,CONFIRM128_RESERVED,requires_mul_or_div,PZ2-CONFIRM-0098,0,0,32
PPO_ZERO29,29,CONFIRM128_RESERVED,add_sub_solvable,PZ2-CONFIRM-0099,1,29,32
PPO_ZERO29,29,CONFIRM128_RESERVED,requires_mul_or_div,PZ2-CONFIRM-0100,0,0,32
PPO_ZERO29,29,CONFIRM128_RESERVED,add_sub_solvable,PZ2-CONFIRM-0101,1,30,32
PPO_ZERO29,29,CONFIRM128_RESERVED,requires_mul_or_div,PZ2-CONFIRM-0102,0,0,32
PPO_ZERO29,29,CONFIRM128_RESERVED,add_sub_solvable,PZ2-CONFIRM-0103,1,23,32
PPO_ZERO29,29,CONFIRM128_RESERVED,requires_mul_or_div,PZ2-CONFIRM-0104,0,6,32
PPO_ZERO29,29,CONFIRM128_RESERVED,add_sub_solvable,PZ2-CONFIRM-0105,0,1,32
PPO_ZERO29,29,CONFIRM128_RESERVED,requires_mul_or_div,PZ2-CONFIRM-0106,0,0,32
PPO_ZERO29,29,CONFIRM128_RESERVED,add_sub_solvable,PZ2-CONFIRM-0107,0,1,32
PPO_ZERO29,29,CONFIRM128_RESERVED,requires_mul_or_div,PZ2-CONFIRM-0108,0,0,32
PPO_ZERO29,29,CONFIRM128_RESERVED,add_sub_solvable,PZ2-CONFIRM-0109,1,30,32
PPO_ZERO29,29,CONFIRM128_RESERVED,requires_mul_or_div,PZ2-CONFIRM-0110,1,24,32
PPO_ZERO29,29,CONFIRM128_RESERVED,add_sub_solvable,PZ2-CONFIRM-0111,0,22,32
PPO_ZERO29,29,CONFIRM128_RESERVED,requires_mul_or_div,PZ2-CONFIRM-0112,0,0,32
PPO_ZERO29,29,CONFIRM128_RESERVED,add_sub_solvable,PZ2-CONFIRM-0113,1,26,32
PPO_ZERO29,29,CONFIRM128_RESERVED,requires_mul_or_div,PZ2-CONFIRM-0114,0,0,32
PPO_ZERO29,29,CONFIRM128_RESERVED,add_sub_solvable,PZ2-CONFIRM-0115,1,31,32
PPO_ZERO29,29,CONFIRM128_RESERVED,requires_mul_or_div,PZ2-CONFIRM-0116,0,6,32
PPO_ZERO29,29,CONFIRM128_RESERVED,add_sub_solvable,PZ2-CONFIRM-0117,0,2,32
PPO_ZERO29,29,CONFIRM128_RESERVED,requires_mul_or_div,PZ2-CONFIRM-0118,0,0,32
PPO_ZERO29,29,CONFIRM128_RESERVED,add_sub_solvable,PZ2-CONFIRM-0119,0,11,32
PPO_ZERO29,29,CONFIRM128_RESERVED,requires_mul_or_div,PZ2-CONFIRM-0120,0,0,32
PPO_ZERO29,29,CONFIRM128_RESERVED,add_sub_solvable,PZ2-CONFIRM-0121,0,11,32
PPO_ZERO29,29,CONFIRM128_RESERVED,requires_mul_or_div,PZ2-CONFIRM-0122,0,0,32
PPO_ZERO29,29,CONFIRM128_RESERVED,add_sub_solvable,PZ2-CONFIRM-0123,1,26,32
PPO_ZERO29,29,CONFIRM128_RESERVED,requires_mul_or_div,PZ2-CONFIRM-0124,0,0,32
PPO_ZERO29,29,CONFIRM128_RESERVED,add_sub_solvable,PZ2-CONFIRM-0125,0,1,32
PPO_ZERO29,29,CONFIRM128_RESERVED,requires_mul_or_div,PZ2-CONFIRM-0126,1,21,32
PPO_ZERO29,29,CONFIRM128_RESERVED,add_sub_solvable,PZ2-CONFIRM-0127,1,32,32
PPO_ZERO29,29,CONFIRM128_RESERVED,requires_mul_or_div,PZ2-CONFIRM-0128,0,1,32
PPO_ZERO43,43,HISTORICAL_FINAL256_OBSERVED,add_sub_solvable,PZ1-FINAL-0001,0,4,32
PPO_ZERO43,43,HISTORICAL_FINAL256_OBSERVED,requires_mul_or_div,PZ1-FINAL-0002,0,0,32
PPO_ZERO43,43,HISTORICAL_FINAL256_OBSERVED,add_sub_solvable,PZ1-FINAL-0003,0,2,32
PPO_ZERO43,43,HISTORICAL_FINAL256_OBSERVED,requires_mul_or_div,PZ1-FINAL-0004,0,0,32
PPO_ZERO43,43,HISTORICAL_FINAL256_OBSERVED,add_sub_solvable,PZ1-FINAL-0005,1,32,32
PPO_ZERO43,43,HISTORICAL_FINAL256_OBSERVED,requires_mul_or_div,PZ1-FINAL-0006,0,0,32
PPO_ZERO43,43,HISTORICAL_FINAL256_OBSERVED,add_sub_solvable,PZ1-FINAL-0007,1,18,32
PPO_ZERO43,43,HISTORICAL_FINAL256_OBSERVED,requires_mul_or_div,PZ1-FINAL-0008,0,0,32
PPO_ZERO43,43,HISTORICAL_FINAL256_OBSERVED,add_sub_solvable,PZ1-FINAL-0009,1,24,32
PPO_ZERO43,43,HISTORICAL_FINAL256_OBSERVED,requires_mul_or_div,PZ1-FINAL-0010,0,0,32
PPO_ZERO43,43,HISTORICAL_FINAL256_OBSERVED,add_sub_solvable,PZ1-FINAL-0011,1,32,32
PPO_ZERO43,43,HISTORICAL_FINAL256_OBSERVED,requires_mul_or_div,PZ1-FINAL-0012,0,0,32
PPO_ZERO43,43,HISTORICAL_FINAL256_OBSERVED,add_sub_solvable,PZ1-FINAL-0013,1,28,32
PPO_ZERO43,43,HISTORICAL_FINAL256_OBSERVED,requires_mul_or_div,PZ1-FINAL-0014,1,27,32
PPO_ZERO43,43,HISTORICAL_FINAL256_OBSERVED,add_sub_solvable,PZ1-FINAL-0015,1,32,32
PPO_ZERO43,43,HISTORICAL_FINAL256_OBSERVED,requires_mul_or_div,PZ1-FINAL-0016,0,6,32
PPO_ZERO43,43,HISTORICAL_FINAL256_OBSERVED,add_sub_solvable,PZ1-FINAL-0017,1,32,32
PPO_ZERO43,43,HISTORICAL_FINAL256_OBSERVED,requires_mul_or_div,PZ1-FINAL-0018,0,0,32
PPO_ZERO43,43,HISTORICAL_FINAL256_OBSERVED,add_sub_solvable,PZ1-FINAL-0019,1,29,32
PPO_ZERO43,43,HISTORICAL_FINAL256_OBSERVED,requires_mul_or_div,PZ1-FINAL-0020,0,1,32
PPO_ZERO43,43,HISTORICAL_FINAL256_OBSERVED,add_sub_solvable,PZ1-FINAL-0021,0,1,32
PPO_ZERO43,43,HISTORICAL_FINAL256_OBSERVED,requires_mul_or_div,PZ1-FINAL-0022,0,2,32
PPO_ZERO43,43,HISTORICAL_FINAL256_OBSERVED,add_sub_solvable,PZ1-FINAL-0023,1,25,32
PPO_ZERO43,43,HISTORICAL_FINAL256_OBSERVED,requires_mul_or_div,PZ1-FINAL-0024,0,3,32
PPO_ZERO43,43,HISTORICAL_FINAL256_OBSERVED,add_sub_solvable,PZ1-FINAL-0025,1,29,32
PPO_ZERO43,43,HISTORICAL_FINAL256_OBSERVED,requires_mul_or_div,PZ1-FINAL-0026,0,4,32
PPO_ZERO43,43,HISTORICAL_FINAL256_OBSERVED,add_sub_solvable,PZ1-FINAL-0027,1,31,32
PPO_ZERO43,43,HISTORICAL_FINAL256_OBSERVED,requires_mul_or_div,PZ1-FINAL-0028,0,0,32
PPO_ZERO43,43,HISTORICAL_FINAL256_OBSERVED,add_sub_solvable,PZ1-FINAL-0029,1,31,32
PPO_ZERO43,43,HISTORICAL_FINAL256_OBSERVED,requires_mul_or_div,PZ1-FINAL-0030,0,0,32
PPO_ZERO43,43,HISTORICAL_FINAL256_OBSERVED,add_sub_solvable,PZ1-FINAL-0031,1,29,32
PPO_ZERO43,43,HISTORICAL_FINAL256_OBSERVED,requires_mul_or_div,PZ1-FINAL-0032,0,4,32
PPO_ZERO43,43,HISTORICAL_FINAL256_OBSERVED,add_sub_solvable,PZ1-FINAL-0033,1,32,32
PPO_ZERO43,43,HISTORICAL_FINAL256_OBSERVED,requires_mul_or_div,PZ1-FINAL-0034,0,0,32
PPO_ZERO43,43,HISTORICAL_FINAL256_OBSERVED,add_sub_solvable,PZ1-FINAL-0035,1,31,32
PPO_ZERO43,43,HISTORICAL_FINAL256_OBSERVED,requires_mul_or_div,PZ1-FINAL-0036,0,0,32
PPO_ZERO43,43,HISTORICAL_FINAL256_OBSERVED,add_sub_solvable,PZ1-FINAL-0037,0,2,32
PPO_ZERO43,43,HISTORICAL_FINAL256_OBSERVED,requires_mul_or_div,PZ1-FINAL-0038,0,12,32
PPO_ZERO43,43,HISTORICAL_FINAL256_OBSERVED,add_sub_solvable,PZ1-FINAL-0039,1,30,32
PPO_ZERO43,43,HISTORICAL_FINAL256_OBSERVED,requires_mul_or_div,PZ1-FINAL-0040,0,0,32
PPO_ZERO43,43,HISTORICAL_FINAL256_OBSERVED,add_sub_solvable,PZ1-FINAL-0041,0,1,32
PPO_ZERO43,43,HISTORICAL_FINAL256_OBSERVED,requires_mul_or_div,PZ1-FINAL-0042,0,0,32
PPO_ZERO43,43,HISTORICAL_FINAL256_OBSERVED,add_sub_solvable,PZ1-FINAL-0043,1,32,32
PPO_ZERO43,43,HISTORICAL_FINAL256_OBSERVED,requires_mul_or_div,PZ1-FINAL-0044,0,0,32
PPO_ZERO43,43,HISTORICAL_FINAL256_OBSERVED,add_sub_solvable,PZ1-FINAL-0045,1,32,32
PPO_ZERO43,43,HISTORICAL_FINAL256_OBSERVED,requires_mul_or_div,PZ1-FINAL-0046,1,31,32
PPO_ZERO43,43,HISTORICAL_FINAL256_OBSERVED,add_sub_solvable,PZ1-FINAL-0047,0,11,32
PPO_ZERO43,43,HISTORICAL_FINAL256_OBSERVED,requires_mul_or_div,PZ1-FINAL-0048,0,0,32
PPO_ZERO43,43,HISTORICAL_FINAL256_OBSERVED,add_sub_solvable,PZ1-FINAL-0049,1,27,32
PPO_ZERO43,43,HISTORICAL_FINAL256_OBSERVED,requires_mul_or_div,PZ1-FINAL-0050,1,25,32
PPO_ZERO43,43,HISTORICAL_FINAL256_OBSERVED,add_sub_solvable,PZ1-FINAL-0051,0,4,32
PPO_ZERO43,43,HISTORICAL_FINAL256_OBSERVED,requires_mul_or_div,PZ1-FINAL-0052,1,13,32
PPO_ZERO43,43,HISTORICAL_FINAL256_OBSERVED,add_sub_solvable,PZ1-FINAL-0053,1,32,32
PPO_ZERO43,43,HISTORICAL_FINAL256_OBSERVED,requires_mul_or_div,PZ1-FINAL-0054,0,0,32
PPO_ZERO43,43,HISTORICAL_FINAL256_OBSERVED,add_sub_solvable,PZ1-FINAL-0055,1,25,32
PPO_ZERO43,43,HISTORICAL_FINAL256_OBSERVED,requires_mul_or_div,PZ1-FINAL-0056,0,2,32
PPO_ZERO43,43,HISTORICAL_FINAL256_OBSERVED,add_sub_solvable,PZ1-FINAL-0057,1,21,32
PPO_ZERO43,43,HISTORICAL_FINAL256_OBSERVED,requires_mul_or_div,PZ1-FINAL-0058,0,0,32
PPO_ZERO43,43,HISTORICAL_FINAL256_OBSERVED,add_sub_solvable,PZ1-FINAL-0059,1,21,32
PPO_ZERO43,43,HISTORICAL_FINAL256_OBSERVED,requires_mul_or_div,PZ1-FINAL-0060,0,0,32
PPO_ZERO43,43,HISTORICAL_FINAL256_OBSERVED,add_sub_solvable,PZ1-FINAL-0061,1,32,32
PPO_ZERO43,43,HISTORICAL_FINAL256_OBSERVED,requires_mul_or_div,PZ1-FINAL-0062,0,0,32
PPO_ZERO43,43,HISTORICAL_FINAL256_OBSERVED,add_sub_solvable,PZ1-FINAL-0063,1,31,32
PPO_ZERO43,43,HISTORICAL_FINAL256_OBSERVED,requires_mul_or_div,PZ1-FINAL-0064,0,0,32
PPO_ZERO43,43,HISTORICAL_FINAL256_OBSERVED,add_sub_solvable,PZ1-FINAL-0065,0,0,32
PPO_ZERO43,43,HISTORICAL_FINAL256_OBSERVED,requires_mul_or_div,PZ1-FINAL-0066,0,0,32
PPO_ZERO43,43,HISTORICAL_FINAL256_OBSERVED,add_sub_solvable,PZ1-FINAL-0067,0,1,32
PPO_ZERO43,43,HISTORICAL_FINAL256_OBSERVED,requires_mul_or_div,PZ1-FINAL-0068,0,0,32
PPO_ZERO43,43,HISTORICAL_FINAL256_OBSERVED,add_sub_solvable,PZ1-FINAL-0069,1,22,32
PPO_ZERO43,43,HISTORICAL_FINAL256_OBSERVED,requires_mul_or_div,PZ1-FINAL-0070,0,0,32
PPO_ZERO43,43,HISTORICAL_FINAL256_OBSERVED,add_sub_solvable,PZ1-FINAL-0071,1,32,32
PPO_ZERO43,43,HISTORICAL_FINAL256_OBSERVED,requires_mul_or_div,PZ1-FINAL-0072,0,0,32
PPO_ZERO43,43,HISTORICAL_FINAL256_OBSERVED,add_sub_solvable,PZ1-FINAL-0073,0,3,32
PPO_ZERO43,43,HISTORICAL_FINAL256_OBSERVED,requires_mul_or_div,PZ1-FINAL-0074,0,0,32
PPO_ZERO43,43,HISTORICAL_FINAL256_OBSERVED,add_sub_solvable,PZ1-FINAL-0075,1,28,32
PPO_ZERO43,43,HISTORICAL_FINAL256_OBSERVED,requires_mul_or_div,PZ1-FINAL-0076,1,13,32
PPO_ZERO43,43,HISTORICAL_FINAL256_OBSERVED,add_sub_solvable,PZ1-FINAL-0077,1,31,32
PPO_ZERO43,43,HISTORICAL_FINAL256_OBSERVED,requires_mul_or_div,PZ1-FINAL-0078,0,2,32
PPO_ZERO43,43,HISTORICAL_FINAL256_OBSERVED,add_sub_solvable,PZ1-FINAL-0079,0,6,32
PPO_ZERO43,43,HISTORICAL_FINAL256_OBSERVED,requires_mul_or_div,PZ1-FINAL-0080,0,0,32
PPO_ZERO43,43,HISTORICAL_FINAL256_OBSERVED,add_sub_solvable,PZ1-FINAL-0081,0,0,32
PPO_ZERO43,43,HISTORICAL_FINAL256_OBSERVED,requires_mul_or_div,PZ1-FINAL-0082,0,0,32
PPO_ZERO43,43,HISTORICAL_FINAL256_OBSERVED,add_sub_solvable,PZ1-FINAL-0083,1,32,32
PPO_ZERO43,43,HISTORICAL_FINAL256_OBSERVED,requires_mul_or_div,PZ1-FINAL-0084,0,0,32
PPO_ZERO43,43,HISTORICAL_FINAL256_OBSERVED,add_sub_solvable,PZ1-FINAL-0085,0,0,32
PPO_ZERO43,43,HISTORICAL_FINAL256_OBSERVED,requires_mul_or_div,PZ1-FINAL-0086,0,0,32
PPO_ZERO43,43,HISTORICAL_FINAL256_OBSERVED,add_sub_solvable,PZ1-FINAL-0087,1,30,32
PPO_ZERO43,43,HISTORICAL_FINAL256_OBSERVED,requires_mul_or_div,PZ1-FINAL-0088,0,0,32
PPO_ZERO43,43,HISTORICAL_FINAL256_OBSERVED,add_sub_solvable,PZ1-FINAL-0089,0,2,32
PPO_ZERO43,43,HISTORICAL_FINAL256_OBSERVED,requires_mul_or_div,PZ1-FINAL-0090,0,0,32
PPO_ZERO43,43,HISTORICAL_FINAL256_OBSERVED,add_sub_solvable,PZ1-FINAL-0091,1,32,32
PPO_ZERO43,43,HISTORICAL_FINAL256_OBSERVED,requires_mul_or_div,PZ1-FINAL-0092,0,0,32
PPO_ZERO43,43,HISTORICAL_FINAL256_OBSERVED,add_sub_solvable,PZ1-FINAL-0093,1,29,32
PPO_ZERO43,43,HISTORICAL_FINAL256_OBSERVED,requires_mul_or_div,PZ1-FINAL-0094,0,0,32
PPO_ZERO43,43,HISTORICAL_FINAL256_OBSERVED,add_sub_solvable,PZ1-FINAL-0095,1,32,32
PPO_ZERO43,43,HISTORICAL_FINAL256_OBSERVED,requires_mul_or_div,PZ1-FINAL-0096,0,0,32
PPO_ZERO43,43,HISTORICAL_FINAL256_OBSERVED,add_sub_solvable,PZ1-FINAL-0097,1,32,32
PPO_ZERO43,43,HISTORICAL_FINAL256_OBSERVED,requires_mul_or_div,PZ1-FINAL-0098,0,0,32
PPO_ZERO43,43,HISTORICAL_FINAL256_OBSERVED,add_sub_solvable,PZ1-FINAL-0099,1,19,32
PPO_ZERO43,43,HISTORICAL_FINAL256_OBSERVED,requires_mul_or_div,PZ1-FINAL-0100,1,17,32
PPO_ZERO43,43,HISTORICAL_FINAL256_OBSERVED,add_sub_solvable,PZ1-FINAL-0101,1,20,32
PPO_ZERO43,43,HISTORICAL_FINAL256_OBSERVED,requires_mul_or_div,PZ1-FINAL-0102,0,0,32
PPO_ZERO43,43,HISTORICAL_FINAL256_OBSERVED,add_sub_solvable,PZ1-FINAL-0103,1,24,32
PPO_ZERO43,43,HISTORICAL_FINAL256_OBSERVED,requires_mul_or_div,PZ1-FINAL-0104,0,0,32
PPO_ZERO43,43,HISTORICAL_FINAL256_OBSERVED,add_sub_solvable,PZ1-FINAL-0105,1,32,32
PPO_ZERO43,43,HISTORICAL_FINAL256_OBSERVED,requires_mul_or_div,PZ1-FINAL-0106,0,0,32
PPO_ZERO43,43,HISTORICAL_FINAL256_OBSERVED,add_sub_solvable,PZ1-FINAL-0107,0,3,32
PPO_ZERO43,43,HISTORICAL_FINAL256_OBSERVED,requires_mul_or_div,PZ1-FINAL-0108,0,4,32
PPO_ZERO43,43,HISTORICAL_FINAL256_OBSERVED,add_sub_solvable,PZ1-FINAL-0109,0,0,32
PPO_ZERO43,43,HISTORICAL_FINAL256_OBSERVED,requires_mul_or_div,PZ1-FINAL-0110,0,2,32
PPO_ZERO43,43,HISTORICAL_FINAL256_OBSERVED,add_sub_solvable,PZ1-FINAL-0111,0,1,32
PPO_ZERO43,43,HISTORICAL_FINAL256_OBSERVED,requires_mul_or_div,PZ1-FINAL-0112,0,0,32
PPO_ZERO43,43,HISTORICAL_FINAL256_OBSERVED,add_sub_solvable,PZ1-FINAL-0113,0,0,32
PPO_ZERO43,43,HISTORICAL_FINAL256_OBSERVED,requires_mul_or_div,PZ1-FINAL-0114,0,0,32
PPO_ZERO43,43,HISTORICAL_FINAL256_OBSERVED,add_sub_solvable,PZ1-FINAL-0115,0,5,32
PPO_ZERO43,43,HISTORICAL_FINAL256_OBSERVED,requires_mul_or_div,PZ1-FINAL-0116,0,0,32
PPO_ZERO43,43,HISTORICAL_FINAL256_OBSERVED,add_sub_solvable,PZ1-FINAL-0117,1,29,32
PPO_ZERO43,43,HISTORICAL_FINAL256_OBSERVED,requires_mul_or_div,PZ1-FINAL-0118,0,0,32
PPO_ZERO43,43,HISTORICAL_FINAL256_OBSERVED,add_sub_solvable,PZ1-FINAL-0119,1,32,32
PPO_ZERO43,43,HISTORICAL_FINAL256_OBSERVED,requires_mul_or_div,PZ1-FINAL-0120,0,5,32
PPO_ZERO43,43,HISTORICAL_FINAL256_OBSERVED,add_sub_solvable,PZ1-FINAL-0121,0,1,32
PPO_ZERO43,43,HISTORICAL_FINAL256_OBSERVED,requires_mul_or_div,PZ1-FINAL-0122,0,3,32
PPO_ZERO43,43,HISTORICAL_FINAL256_OBSERVED,add_sub_solvable,PZ1-FINAL-0123,1,32,32
PPO_ZERO43,43,HISTORICAL_FINAL256_OBSERVED,requires_mul_or_div,PZ1-FINAL-0124,1,32,32
PPO_ZERO43,43,HISTORICAL_FINAL256_OBSERVED,add_sub_solvable,PZ1-FINAL-0125,0,3,32
PPO_ZERO43,43,HISTORICAL_FINAL256_OBSERVED,requires_mul_or_div,PZ1-FINAL-0126,0,0,32
PPO_ZERO43,43,HISTORICAL_FINAL256_OBSERVED,add_sub_solvable,PZ1-FINAL-0127,0,17,32
PPO_ZERO43,43,HISTORICAL_FINAL256_OBSERVED,requires_mul_or_div,PZ1-FINAL-0128,0,1,32
PPO_ZERO43,43,HISTORICAL_FINAL256_OBSERVED,add_sub_solvable,PZ1-FINAL-0129,0,0,32
PPO_ZERO43,43,HISTORICAL_FINAL256_OBSERVED,requires_mul_or_div,PZ1-FINAL-0130,0,0,32
PPO_ZERO43,43,HISTORICAL_FINAL256_OBSERVED,add_sub_solvable,PZ1-FINAL-0131,0,0,32
PPO_ZERO43,43,HISTORICAL_FINAL256_OBSERVED,requires_mul_or_div,PZ1-FINAL-0132,0,0,32
PPO_ZERO43,43,HISTORICAL_FINAL256_OBSERVED,add_sub_solvable,PZ1-FINAL-0133,1,27,32
PPO_ZERO43,43,HISTORICAL_FINAL256_OBSERVED,requires_mul_or_div,PZ1-FINAL-0134,0,0,32
PPO_ZERO43,43,HISTORICAL_FINAL256_OBSERVED,add_sub_solvable,PZ1-FINAL-0135,1,27,32
PPO_ZERO43,43,HISTORICAL_FINAL256_OBSERVED,requires_mul_or_div,PZ1-FINAL-0136,0,0,32
PPO_ZERO43,43,HISTORICAL_FINAL256_OBSERVED,add_sub_solvable,PZ1-FINAL-0137,1,20,32
PPO_ZERO43,43,HISTORICAL_FINAL256_OBSERVED,requires_mul_or_div,PZ1-FINAL-0138,1,17,32
PPO_ZERO43,43,HISTORICAL_FINAL256_OBSERVED,add_sub_solvable,PZ1-FINAL-0139,1,11,32
PPO_ZERO43,43,HISTORICAL_FINAL256_OBSERVED,requires_mul_or_div,PZ1-FINAL-0140,0,0,32
PPO_ZERO43,43,HISTORICAL_FINAL256_OBSERVED,add_sub_solvable,PZ1-FINAL-0141,1,17,32
PPO_ZERO43,43,HISTORICAL_FINAL256_OBSERVED,requires_mul_or_div,PZ1-FINAL-0142,0,0,32
PPO_ZERO43,43,HISTORICAL_FINAL256_OBSERVED,add_sub_solvable,PZ1-FINAL-0143,1,14,32
PPO_ZERO43,43,HISTORICAL_FINAL256_OBSERVED,requires_mul_or_div,PZ1-FINAL-0144,0,0,32
PPO_ZERO43,43,HISTORICAL_FINAL256_OBSERVED,add_sub_solvable,PZ1-FINAL-0145,1,22,32
PPO_ZERO43,43,HISTORICAL_FINAL256_OBSERVED,requires_mul_or_div,PZ1-FINAL-0146,0,0,32
PPO_ZERO43,43,HISTORICAL_FINAL256_OBSERVED,add_sub_solvable,PZ1-FINAL-0147,0,7,32
PPO_ZERO43,43,HISTORICAL_FINAL256_OBSERVED,requires_mul_or_div,PZ1-FINAL-0148,1,25,32
PPO_ZERO43,43,HISTORICAL_FINAL256_OBSERVED,add_sub_solvable,PZ1-FINAL-0149,1,32,32
PPO_ZERO43,43,HISTORICAL_FINAL256_OBSERVED,requires_mul_or_div,PZ1-FINAL-0150,0,0,32
PPO_ZERO43,43,HISTORICAL_FINAL256_OBSERVED,add_sub_solvable,PZ1-FINAL-0151,0,2,32
PPO_ZERO43,43,HISTORICAL_FINAL256_OBSERVED,requires_mul_or_div,PZ1-FINAL-0152,0,0,32
PPO_ZERO43,43,HISTORICAL_FINAL256_OBSERVED,add_sub_solvable,PZ1-FINAL-0153,1,31,32
PPO_ZERO43,43,HISTORICAL_FINAL256_OBSERVED,requires_mul_or_div,PZ1-FINAL-0154,0,12,32
PPO_ZERO43,43,HISTORICAL_FINAL256_OBSERVED,add_sub_solvable,PZ1-FINAL-0155,1,32,32
PPO_ZERO43,43,HISTORICAL_FINAL256_OBSERVED,requires_mul_or_div,PZ1-FINAL-0156,0,0,32
PPO_ZERO43,43,HISTORICAL_FINAL256_OBSERVED,add_sub_solvable,PZ1-FINAL-0157,1,32,32
PPO_ZERO43,43,HISTORICAL_FINAL256_OBSERVED,requires_mul_or_div,PZ1-FINAL-0158,0,0,32
PPO_ZERO43,43,HISTORICAL_FINAL256_OBSERVED,add_sub_solvable,PZ1-FINAL-0159,1,30,32
PPO_ZERO43,43,HISTORICAL_FINAL256_OBSERVED,requires_mul_or_div,PZ1-FINAL-0160,0,0,32
PPO_ZERO43,43,HISTORICAL_FINAL256_OBSERVED,add_sub_solvable,PZ1-FINAL-0161,0,0,32
PPO_ZERO43,43,HISTORICAL_FINAL256_OBSERVED,requires_mul_or_div,PZ1-FINAL-0162,1,25,32
PPO_ZERO43,43,HISTORICAL_FINAL256_OBSERVED,add_sub_solvable,PZ1-FINAL-0163,0,4,32
PPO_ZERO43,43,HISTORICAL_FINAL256_OBSERVED,requires_mul_or_div,PZ1-FINAL-0164,0,0,32
PPO_ZERO43,43,HISTORICAL_FINAL256_OBSERVED,add_sub_solvable,PZ1-FINAL-0165,1,32,32
PPO_ZERO43,43,HISTORICAL_FINAL256_OBSERVED,requires_mul_or_div,PZ1-FINAL-0166,0,2,32
PPO_ZERO43,43,HISTORICAL_FINAL256_OBSERVED,add_sub_solvable,PZ1-FINAL-0167,1,16,32
PPO_ZERO43,43,HISTORICAL_FINAL256_OBSERVED,requires_mul_or_div,PZ1-FINAL-0168,0,0,32
PPO_ZERO43,43,HISTORICAL_FINAL256_OBSERVED,add_sub_solvable,PZ1-FINAL-0169,0,10,32
PPO_ZERO43,43,HISTORICAL_FINAL256_OBSERVED,requires_mul_or_div,PZ1-FINAL-0170,0,0,32
PPO_ZERO43,43,HISTORICAL_FINAL256_OBSERVED,add_sub_solvable,PZ1-FINAL-0171,1,31,32
PPO_ZERO43,43,HISTORICAL_FINAL256_OBSERVED,requires_mul_or_div,PZ1-FINAL-0172,0,0,32
PPO_ZERO43,43,HISTORICAL_FINAL256_OBSERVED,add_sub_solvable,PZ1-FINAL-0173,1,32,32
PPO_ZERO43,43,HISTORICAL_FINAL256_OBSERVED,requires_mul_or_div,PZ1-FINAL-0174,0,0,32
PPO_ZERO43,43,HISTORICAL_FINAL256_OBSERVED,add_sub_solvable,PZ1-FINAL-0175,1,30,32
PPO_ZERO43,43,HISTORICAL_FINAL256_OBSERVED,requires_mul_or_div,PZ1-FINAL-0176,0,0,32
PPO_ZERO43,43,HISTORICAL_FINAL256_OBSERVED,add_sub_solvable,PZ1-FINAL-0177,1,30,32
PPO_ZERO43,43,HISTORICAL_FINAL256_OBSERVED,requires_mul_or_div,PZ1-FINAL-0178,0,11,32
PPO_ZERO43,43,HISTORICAL_FINAL256_OBSERVED,add_sub_solvable,PZ1-FINAL-0179,1,29,32
PPO_ZERO43,43,HISTORICAL_FINAL256_OBSERVED,requires_mul_or_div,PZ1-FINAL-0180,0,0,32
PPO_ZERO43,43,HISTORICAL_FINAL256_OBSERVED,add_sub_solvable,PZ1-FINAL-0181,0,0,32
PPO_ZERO43,43,HISTORICAL_FINAL256_OBSERVED,requires_mul_or_div,PZ1-FINAL-0182,1,28,32
PPO_ZERO43,43,HISTORICAL_FINAL256_OBSERVED,add_sub_solvable,PZ1-FINAL-0183,1,16,32
PPO_ZERO43,43,HISTORICAL_FINAL256_OBSERVED,requires_mul_or_div,PZ1-FINAL-0184,0,1,32
PPO_ZERO43,43,HISTORICAL_FINAL256_OBSERVED,add_sub_solvable,PZ1-FINAL-0185,1,32,32
PPO_ZERO43,43,HISTORICAL_FINAL256_OBSERVED,requires_mul_or_div,PZ1-FINAL-0186,0,0,32
PPO_ZERO43,43,HISTORICAL_FINAL256_OBSERVED,add_sub_solvable,PZ1-FINAL-0187,1,19,32
PPO_ZERO43,43,HISTORICAL_FINAL256_OBSERVED,requires_mul_or_div,PZ1-FINAL-0188,0,0,32
PPO_ZERO43,43,HISTORICAL_FINAL256_OBSERVED,add_sub_solvable,PZ1-FINAL-0189,1,30,32
PPO_ZERO43,43,HISTORICAL_FINAL256_OBSERVED,requires_mul_or_div,PZ1-FINAL-0190,0,0,32
PPO_ZERO43,43,HISTORICAL_FINAL256_OBSERVED,add_sub_solvable,PZ1-FINAL-0191,0,1,32
PPO_ZERO43,43,HISTORICAL_FINAL256_OBSERVED,requires_mul_or_div,PZ1-FINAL-0192,0,0,32
PPO_ZERO43,43,HISTORICAL_FINAL256_OBSERVED,add_sub_solvable,PZ1-FINAL-0193,1,31,32
PPO_ZERO43,43,HISTORICAL_FINAL256_OBSERVED,requires_mul_or_div,PZ1-FINAL-0194,0,0,32
PPO_ZERO43,43,HISTORICAL_FINAL256_OBSERVED,add_sub_solvable,PZ1-FINAL-0195,1,30,32
PPO_ZERO43,43,HISTORICAL_FINAL256_OBSERVED,requires_mul_or_div,PZ1-FINAL-0196,0,0,32
PPO_ZERO43,43,HISTORICAL_FINAL256_OBSERVED,add_sub_solvable,PZ1-FINAL-0197,1,32,32
PPO_ZERO43,43,HISTORICAL_FINAL256_OBSERVED,requires_mul_or_div,PZ1-FINAL-0198,0,0,32
PPO_ZERO43,43,HISTORICAL_FINAL256_OBSERVED,add_sub_solvable,PZ1-FINAL-0199,1,32,32
PPO_ZERO43,43,HISTORICAL_FINAL256_OBSERVED,requires_mul_or_div,PZ1-FINAL-0200,0,0,32
PPO_ZERO43,43,HISTORICAL_FINAL256_OBSERVED,add_sub_solvable,PZ1-FINAL-0201,1,32,32
PPO_ZERO43,43,HISTORICAL_FINAL256_OBSERVED,requires_mul_or_div,PZ1-FINAL-0202,1,28,32
PPO_ZERO43,43,HISTORICAL_FINAL256_OBSERVED,add_sub_solvable,PZ1-FINAL-0203,1,32,32
PPO_ZERO43,43,HISTORICAL_FINAL256_OBSERVED,requires_mul_or_div,PZ1-FINAL-0204,0,0,32
PPO_ZERO43,43,HISTORICAL_FINAL256_OBSERVED,add_sub_solvable,PZ1-FINAL-0205,1,31,32
PPO_ZERO43,43,HISTORICAL_FINAL256_OBSERVED,requires_mul_or_div,PZ1-FINAL-0206,0,0,32
PPO_ZERO43,43,HISTORICAL_FINAL256_OBSERVED,add_sub_solvable,PZ1-FINAL-0207,1,31,32
PPO_ZERO43,43,HISTORICAL_FINAL256_OBSERVED,requires_mul_or_div,PZ1-FINAL-0208,0,0,32
PPO_ZERO43,43,HISTORICAL_FINAL256_OBSERVED,add_sub_solvable,PZ1-FINAL-0209,0,10,32
PPO_ZERO43,43,HISTORICAL_FINAL256_OBSERVED,requires_mul_or_div,PZ1-FINAL-0210,0,0,32
PPO_ZERO43,43,HISTORICAL_FINAL256_OBSERVED,add_sub_solvable,PZ1-FINAL-0211,0,7,32
PPO_ZERO43,43,HISTORICAL_FINAL256_OBSERVED,requires_mul_or_div,PZ1-FINAL-0212,0,0,32
PPO_ZERO43,43,HISTORICAL_FINAL256_OBSERVED,add_sub_solvable,PZ1-FINAL-0213,1,32,32
PPO_ZERO43,43,HISTORICAL_FINAL256_OBSERVED,requires_mul_or_div,PZ1-FINAL-0214,0,0,32
PPO_ZERO43,43,HISTORICAL_FINAL256_OBSERVED,add_sub_solvable,PZ1-FINAL-0215,1,26,32
PPO_ZERO43,43,HISTORICAL_FINAL256_OBSERVED,requires_mul_or_div,PZ1-FINAL-0216,0,0,32
PPO_ZERO43,43,HISTORICAL_FINAL256_OBSERVED,add_sub_solvable,PZ1-FINAL-0217,1,31,32
PPO_ZERO43,43,HISTORICAL_FINAL256_OBSERVED,requires_mul_or_div,PZ1-FINAL-0218,0,3,32
PPO_ZERO43,43,HISTORICAL_FINAL256_OBSERVED,add_sub_solvable,PZ1-FINAL-0219,1,24,32
PPO_ZERO43,43,HISTORICAL_FINAL256_OBSERVED,requires_mul_or_div,PZ1-FINAL-0220,0,0,32
PPO_ZERO43,43,HISTORICAL_FINAL256_OBSERVED,add_sub_solvable,PZ1-FINAL-0221,1,31,32
PPO_ZERO43,43,HISTORICAL_FINAL256_OBSERVED,requires_mul_or_div,PZ1-FINAL-0222,0,2,32
PPO_ZERO43,43,HISTORICAL_FINAL256_OBSERVED,add_sub_solvable,PZ1-FINAL-0223,1,31,32
PPO_ZERO43,43,HISTORICAL_FINAL256_OBSERVED,requires_mul_or_div,PZ1-FINAL-0224,0,0,32
PPO_ZERO43,43,HISTORICAL_FINAL256_OBSERVED,add_sub_solvable,PZ1-FINAL-0225,1,32,32
PPO_ZERO43,43,HISTORICAL_FINAL256_OBSERVED,requires_mul_or_div,PZ1-FINAL-0226,0,0,32
PPO_ZERO43,43,HISTORICAL_FINAL256_OBSERVED,add_sub_solvable,PZ1-FINAL-0227,1,22,32
PPO_ZERO43,43,HISTORICAL_FINAL256_OBSERVED,requires_mul_or_div,PZ1-FINAL-0228,0,0,32
PPO_ZERO43,43,HISTORICAL_FINAL256_OBSERVED,add_sub_solvable,PZ1-FINAL-0229,1,27,32
PPO_ZERO43,43,HISTORICAL_FINAL256_OBSERVED,requires_mul_or_div,PZ1-FINAL-0230,0,3,32
PPO_ZERO43,43,HISTORICAL_FINAL256_OBSERVED,add_sub_solvable,PZ1-FINAL-0231,0,0,32
PPO_ZERO43,43,HISTORICAL_FINAL256_OBSERVED,requires_mul_or_div,PZ1-FINAL-0232,0,3,32
PPO_ZERO43,43,HISTORICAL_FINAL256_OBSERVED,add_sub_solvable,PZ1-FINAL-0233,1,31,32
PPO_ZERO43,43,HISTORICAL_FINAL256_OBSERVED,requires_mul_or_div,PZ1-FINAL-0234,1,12,32
PPO_ZERO43,43,HISTORICAL_FINAL256_OBSERVED,add_sub_solvable,PZ1-FINAL-0235,1,32,32
PPO_ZERO43,43,HISTORICAL_FINAL256_OBSERVED,requires_mul_or_div,PZ1-FINAL-0236,0,8,32
PPO_ZERO43,43,HISTORICAL_FINAL256_OBSERVED,add_sub_solvable,PZ1-FINAL-0237,0,0,32
PPO_ZERO43,43,HISTORICAL_FINAL256_OBSERVED,requires_mul_or_div,PZ1-FINAL-0238,0,0,32
PPO_ZERO43,43,HISTORICAL_FINAL256_OBSERVED,add_sub_solvable,PZ1-FINAL-0239,0,2,32
PPO_ZERO43,43,HISTORICAL_FINAL256_OBSERVED,requires_mul_or_div,PZ1-FINAL-0240,0,0,32
PPO_ZERO43,43,HISTORICAL_FINAL256_OBSERVED,add_sub_solvable,PZ1-FINAL-0241,1,31,32
PPO_ZERO43,43,HISTORICAL_FINAL256_OBSERVED,requires_mul_or_div,PZ1-FINAL-0242,0,0,32
PPO_ZERO43,43,HISTORICAL_FINAL256_OBSERVED,add_sub_solvable,PZ1-FINAL-0243,1,32,32
PPO_ZERO43,43,HISTORICAL_FINAL256_OBSERVED,requires_mul_or_div,PZ1-FINAL-0244,0,0,32
PPO_ZERO43,43,HISTORICAL_FINAL256_OBSERVED,add_sub_solvable,PZ1-FINAL-0245,1,30,32
PPO_ZERO43,43,HISTORICAL_FINAL256_OBSERVED,requires_mul_or_div,PZ1-FINAL-0246,0,0,32
PPO_ZERO43,43,HISTORICAL_FINAL256_OBSERVED,add_sub_solvable,PZ1-FINAL-0247,1,31,32
PPO_ZERO43,43,HISTORICAL_FINAL256_OBSERVED,requires_mul_or_div,PZ1-FINAL-0248,0,0,32
PPO_ZERO43,43,HISTORICAL_FINAL256_OBSERVED,add_sub_solvable,PZ1-FINAL-0249,1,31,32
PPO_ZERO43,43,HISTORICAL_FINAL256_OBSERVED,requires_mul_or_div,PZ1-FINAL-0250,0,0,32
PPO_ZERO43,43,HISTORICAL_FINAL256_OBSERVED,add_sub_solvable,PZ1-FINAL-0251,0,2,32
PPO_ZERO43,43,HISTORICAL_FINAL256_OBSERVED,requires_mul_or_div,PZ1-FINAL-0252,0,0,32
PPO_ZERO43,43,HISTORICAL_FINAL256_OBSERVED,add_sub_solvable,PZ1-FINAL-0253,1,16,32
PPO_ZERO43,43,HISTORICAL_FINAL256_OBSERVED,requires_mul_or_div,PZ1-FINAL-0254,0,0,32
PPO_ZERO43,43,HISTORICAL_FINAL256_OBSERVED,add_sub_solvable,PZ1-FINAL-0255,0,1,32
PPO_ZERO43,43,HISTORICAL_FINAL256_OBSERVED,requires_mul_or_div,PZ1-FINAL-0256,0,2,32
PPO_ZERO43,43,CONFIRM128_RESERVED,add_sub_solvable,PZ2-CONFIRM-0001,1,32,32
PPO_ZERO43,43,CONFIRM128_RESERVED,requires_mul_or_div,PZ2-CONFIRM-0002,0,0,32
PPO_ZERO43,43,CONFIRM128_RESERVED,add_sub_solvable,PZ2-CONFIRM-0003,0,2,32
PPO_ZERO43,43,CONFIRM128_RESERVED,requires_mul_or_div,PZ2-CONFIRM-0004,0,4,32
PPO_ZERO43,43,CONFIRM128_RESERVED,add_sub_solvable,PZ2-CONFIRM-0005,0,0,32
PPO_ZERO43,43,CONFIRM128_RESERVED,requires_mul_or_div,PZ2-CONFIRM-0006,1,25,32
PPO_ZERO43,43,CONFIRM128_RESERVED,add_sub_solvable,PZ2-CONFIRM-0007,1,28,32
PPO_ZERO43,43,CONFIRM128_RESERVED,requires_mul_or_div,PZ2-CONFIRM-0008,0,0,32
PPO_ZERO43,43,CONFIRM128_RESERVED,add_sub_solvable,PZ2-CONFIRM-0009,1,30,32
PPO_ZERO43,43,CONFIRM128_RESERVED,requires_mul_or_div,PZ2-CONFIRM-0010,0,0,32
PPO_ZERO43,43,CONFIRM128_RESERVED,add_sub_solvable,PZ2-CONFIRM-0011,0,0,32
PPO_ZERO43,43,CONFIRM128_RESERVED,requires_mul_or_div,PZ2-CONFIRM-0012,0,0,32
PPO_ZERO43,43,CONFIRM128_RESERVED,add_sub_solvable,PZ2-CONFIRM-0013,1,32,32
PPO_ZERO43,43,CONFIRM128_RESERVED,requires_mul_or_div,PZ2-CONFIRM-0014,0,0,32
PPO_ZERO43,43,CONFIRM128_RESERVED,add_sub_solvable,PZ2-CONFIRM-0015,1,32,32
PPO_ZERO43,43,CONFIRM128_RESERVED,requires_mul_or_div,PZ2-CONFIRM-0016,0,0,32
PPO_ZERO43,43,CONFIRM128_RESERVED,add_sub_solvable,PZ2-CONFIRM-0017,1,32,32
PPO_ZERO43,43,CONFIRM128_RESERVED,requires_mul_or_div,PZ2-CONFIRM-0018,0,5,32
PPO_ZERO43,43,CONFIRM128_RESERVED,add_sub_solvable,PZ2-CONFIRM-0019,0,0,32
PPO_ZERO43,43,CONFIRM128_RESERVED,requires_mul_or_div,PZ2-CONFIRM-0020,0,0,32
PPO_ZERO43,43,CONFIRM128_RESERVED,add_sub_solvable,PZ2-CONFIRM-0021,0,19,32
PPO_ZERO43,43,CONFIRM128_RESERVED,requires_mul_or_div,PZ2-CONFIRM-0022,0,0,32
PPO_ZERO43,43,CONFIRM128_RESERVED,add_sub_solvable,PZ2-CONFIRM-0023,1,28,32
PPO_ZERO43,43,CONFIRM128_RESERVED,requires_mul_or_div,PZ2-CONFIRM-0024,0,0,32
PPO_ZERO43,43,CONFIRM128_RESERVED,add_sub_solvable,PZ2-CONFIRM-0025,0,1,32
PPO_ZERO43,43,CONFIRM128_RESERVED,requires_mul_or_div,PZ2-CONFIRM-0026,0,0,32
PPO_ZERO43,43,CONFIRM128_RESERVED,add_sub_solvable,PZ2-CONFIRM-0027,0,1,32
PPO_ZERO43,43,CONFIRM128_RESERVED,requires_mul_or_div,PZ2-CONFIRM-0028,0,1,32
PPO_ZERO43,43,CONFIRM128_RESERVED,add_sub_solvable,PZ2-CONFIRM-0029,1,32,32
PPO_ZERO43,43,CONFIRM128_RESERVED,requires_mul_or_div,PZ2-CONFIRM-0030,0,0,32
PPO_ZERO43,43,CONFIRM128_RESERVED,add_sub_solvable,PZ2-CONFIRM-0031,1,32,32
PPO_ZERO43,43,CONFIRM128_RESERVED,requires_mul_or_div,PZ2-CONFIRM-0032,0,0,32
PPO_ZERO43,43,CONFIRM128_RESERVED,add_sub_solvable,PZ2-CONFIRM-0033,1,31,32
PPO_ZERO43,43,CONFIRM128_RESERVED,requires_mul_or_div,PZ2-CONFIRM-0034,0,0,32
PPO_ZERO43,43,CONFIRM128_RESERVED,add_sub_solvable,PZ2-CONFIRM-0035,1,28,32
PPO_ZERO43,43,CONFIRM128_RESERVED,requires_mul_or_div,PZ2-CONFIRM-0036,0,0,32
PPO_ZERO43,43,CONFIRM128_RESERVED,add_sub_solvable,PZ2-CONFIRM-0037,1,32,32
PPO_ZERO43,43,CONFIRM128_RESERVED,requires_mul_or_div,PZ2-CONFIRM-0038,0,0,32
PPO_ZERO43,43,CONFIRM128_RESERVED,add_sub_solvable,PZ2-CONFIRM-0039,0,7,32
PPO_ZERO43,43,CONFIRM128_RESERVED,requires_mul_or_div,PZ2-CONFIRM-0040,0,0,32
PPO_ZERO43,43,CONFIRM128_RESERVED,add_sub_solvable,PZ2-CONFIRM-0041,0,3,32
PPO_ZERO43,43,CONFIRM128_RESERVED,requires_mul_or_div,PZ2-CONFIRM-0042,0,0,32
PPO_ZERO43,43,CONFIRM128_RESERVED,add_sub_solvable,PZ2-CONFIRM-0043,1,31,32
PPO_ZERO43,43,CONFIRM128_RESERVED,requires_mul_or_div,PZ2-CONFIRM-0044,0,0,32
PPO_ZERO43,43,CONFIRM128_RESERVED,add_sub_solvable,PZ2-CONFIRM-0045,1,32,32
PPO_ZERO43,43,CONFIRM128_RESERVED,requires_mul_or_div,PZ2-CONFIRM-0046,0,0,32
PPO_ZERO43,43,CONFIRM128_RESERVED,add_sub_solvable,PZ2-CONFIRM-0047,0,11,32
PPO_ZERO43,43,CONFIRM128_RESERVED,requires_mul_or_div,PZ2-CONFIRM-0048,0,1,32
PPO_ZERO43,43,CONFIRM128_RESERVED,add_sub_solvable,PZ2-CONFIRM-0049,0,2,32
PPO_ZERO43,43,CONFIRM128_RESERVED,requires_mul_or_div,PZ2-CONFIRM-0050,1,7,32
PPO_ZERO43,43,CONFIRM128_RESERVED,add_sub_solvable,PZ2-CONFIRM-0051,1,28,32
PPO_ZERO43,43,CONFIRM128_RESERVED,requires_mul_or_div,PZ2-CONFIRM-0052,0,0,32
PPO_ZERO43,43,CONFIRM128_RESERVED,add_sub_solvable,PZ2-CONFIRM-0053,1,32,32
PPO_ZERO43,43,CONFIRM128_RESERVED,requires_mul_or_div,PZ2-CONFIRM-0054,0,0,32
PPO_ZERO43,43,CONFIRM128_RESERVED,add_sub_solvable,PZ2-CONFIRM-0055,0,4,32
PPO_ZERO43,43,CONFIRM128_RESERVED,requires_mul_or_div,PZ2-CONFIRM-0056,1,27,32
PPO_ZERO43,43,CONFIRM128_RESERVED,add_sub_solvable,PZ2-CONFIRM-0057,1,23,32
PPO_ZERO43,43,CONFIRM128_RESERVED,requires_mul_or_div,PZ2-CONFIRM-0058,1,21,32
PPO_ZERO43,43,CONFIRM128_RESERVED,add_sub_solvable,PZ2-CONFIRM-0059,1,28,32
PPO_ZERO43,43,CONFIRM128_RESERVED,requires_mul_or_div,PZ2-CONFIRM-0060,0,0,32
PPO_ZERO43,43,CONFIRM128_RESERVED,add_sub_solvable,PZ2-CONFIRM-0061,1,17,32
PPO_ZERO43,43,CONFIRM128_RESERVED,requires_mul_or_div,PZ2-CONFIRM-0062,0,0,32
PPO_ZERO43,43,CONFIRM128_RESERVED,add_sub_solvable,PZ2-CONFIRM-0063,0,5,32
PPO_ZERO43,43,CONFIRM128_RESERVED,requires_mul_or_div,PZ2-CONFIRM-0064,0,0,32
PPO_ZERO43,43,CONFIRM128_RESERVED,add_sub_solvable,PZ2-CONFIRM-0065,0,5,32
PPO_ZERO43,43,CONFIRM128_RESERVED,requires_mul_or_div,PZ2-CONFIRM-0066,0,2,32
PPO_ZERO43,43,CONFIRM128_RESERVED,add_sub_solvable,PZ2-CONFIRM-0067,1,29,32
PPO_ZERO43,43,CONFIRM128_RESERVED,requires_mul_or_div,PZ2-CONFIRM-0068,0,11,32
PPO_ZERO43,43,CONFIRM128_RESERVED,add_sub_solvable,PZ2-CONFIRM-0069,1,32,32
PPO_ZERO43,43,CONFIRM128_RESERVED,requires_mul_or_div,PZ2-CONFIRM-0070,0,0,32
PPO_ZERO43,43,CONFIRM128_RESERVED,add_sub_solvable,PZ2-CONFIRM-0071,1,32,32
PPO_ZERO43,43,CONFIRM128_RESERVED,requires_mul_or_div,PZ2-CONFIRM-0072,0,0,32
PPO_ZERO43,43,CONFIRM128_RESERVED,add_sub_solvable,PZ2-CONFIRM-0073,1,32,32
PPO_ZERO43,43,CONFIRM128_RESERVED,requires_mul_or_div,PZ2-CONFIRM-0074,0,0,32
PPO_ZERO43,43,CONFIRM128_RESERVED,add_sub_solvable,PZ2-CONFIRM-0075,1,19,32
PPO_ZERO43,43,CONFIRM128_RESERVED,requires_mul_or_div,PZ2-CONFIRM-0076,0,0,32
PPO_ZERO43,43,CONFIRM128_RESERVED,add_sub_solvable,PZ2-CONFIRM-0077,1,28,32
PPO_ZERO43,43,CONFIRM128_RESERVED,requires_mul_or_div,PZ2-CONFIRM-0078,0,0,32
PPO_ZERO43,43,CONFIRM128_RESERVED,add_sub_solvable,PZ2-CONFIRM-0079,0,0,32
PPO_ZERO43,43,CONFIRM128_RESERVED,requires_mul_or_div,PZ2-CONFIRM-0080,0,0,32
PPO_ZERO43,43,CONFIRM128_RESERVED,add_sub_solvable,PZ2-CONFIRM-0081,1,29,32
PPO_ZERO43,43,CONFIRM128_RESERVED,requires_mul_or_div,PZ2-CONFIRM-0082,0,3,32
PPO_ZERO43,43,CONFIRM128_RESERVED,add_sub_solvable,PZ2-CONFIRM-0083,1,23,32
PPO_ZERO43,43,CONFIRM128_RESERVED,requires_mul_or_div,PZ2-CONFIRM-0084,0,0,32
PPO_ZERO43,43,CONFIRM128_RESERVED,add_sub_solvable,PZ2-CONFIRM-0085,1,32,32
PPO_ZERO43,43,CONFIRM128_RESERVED,requires_mul_or_div,PZ2-CONFIRM-0086,0,0,32
PPO_ZERO43,43,CONFIRM128_RESERVED,add_sub_solvable,PZ2-CONFIRM-0087,0,5,32
PPO_ZERO43,43,CONFIRM128_RESERVED,requires_mul_or_div,PZ2-CONFIRM-0088,0,0,32
PPO_ZERO43,43,CONFIRM128_RESERVED,add_sub_solvable,PZ2-CONFIRM-0089,1,17,32
PPO_ZERO43,43,CONFIRM128_RESERVED,requires_mul_or_div,PZ2-CONFIRM-0090,0,0,32
PPO_ZERO43,43,CONFIRM128_RESERVED,add_sub_solvable,PZ2-CONFIRM-0091,1,19,32
PPO_ZERO43,43,CONFIRM128_RESERVED,requires_mul_or_div,PZ2-CONFIRM-0092,0,1,32
PPO_ZERO43,43,CONFIRM128_RESERVED,add_sub_solvable,PZ2-CONFIRM-0093,0,3,32
PPO_ZERO43,43,CONFIRM128_RESERVED,requires_mul_or_div,PZ2-CONFIRM-0094,0,19,32
PPO_ZERO43,43,CONFIRM128_RESERVED,add_sub_solvable,PZ2-CONFIRM-0095,1,32,32
PPO_ZERO43,43,CONFIRM128_RESERVED,requires_mul_or_div,PZ2-CONFIRM-0096,0,0,32
PPO_ZERO43,43,CONFIRM128_RESERVED,add_sub_solvable,PZ2-CONFIRM-0097,0,0,32
PPO_ZERO43,43,CONFIRM128_RESERVED,requires_mul_or_div,PZ2-CONFIRM-0098,0,0,32
PPO_ZERO43,43,CONFIRM128_RESERVED,add_sub_solvable,PZ2-CONFIRM-0099,1,31,32
PPO_ZERO43,43,CONFIRM128_RESERVED,requires_mul_or_div,PZ2-CONFIRM-0100,0,0,32
PPO_ZERO43,43,CONFIRM128_RESERVED,add_sub_solvable,PZ2-CONFIRM-0101,1,27,32
PPO_ZERO43,43,CONFIRM128_RESERVED,requires_mul_or_div,PZ2-CONFIRM-0102,0,1,32
PPO_ZERO43,43,CONFIRM128_RESERVED,add_sub_solvable,PZ2-CONFIRM-0103,1,28,32
PPO_ZERO43,43,CONFIRM128_RESERVED,requires_mul_or_div,PZ2-CONFIRM-0104,0,18,32
PPO_ZERO43,43,CONFIRM128_RESERVED,add_sub_solvable,PZ2-CONFIRM-0105,0,8,32
PPO_ZERO43,43,CONFIRM128_RESERVED,requires_mul_or_div,PZ2-CONFIRM-0106,0,0,32
PPO_ZERO43,43,CONFIRM128_RESERVED,add_sub_solvable,PZ2-CONFIRM-0107,0,0,32
PPO_ZERO43,43,CONFIRM128_RESERVED,requires_mul_or_div,PZ2-CONFIRM-0108,0,0,32
PPO_ZERO43,43,CONFIRM128_RESERVED,add_sub_solvable,PZ2-CONFIRM-0109,0,15,32
PPO_ZERO43,43,CONFIRM128_RESERVED,requires_mul_or_div,PZ2-CONFIRM-0110,1,24,32
PPO_ZERO43,43,CONFIRM128_RESERVED,add_sub_solvable,PZ2-CONFIRM-0111,1,32,32
PPO_ZERO43,43,CONFIRM128_RESERVED,requires_mul_or_div,PZ2-CONFIRM-0112,0,0,32
PPO_ZERO43,43,CONFIRM128_RESERVED,add_sub_solvable,PZ2-CONFIRM-0113,1,17,32
PPO_ZERO43,43,CONFIRM128_RESERVED,requires_mul_or_div,PZ2-CONFIRM-0114,0,0,32
PPO_ZERO43,43,CONFIRM128_RESERVED,add_sub_solvable,PZ2-CONFIRM-0115,1,24,32
PPO_ZERO43,43,CONFIRM128_RESERVED,requires_mul_or_div,PZ2-CONFIRM-0116,0,1,32
PPO_ZERO43,43,CONFIRM128_RESERVED,add_sub_solvable,PZ2-CONFIRM-0117,0,3,32
PPO_ZERO43,43,CONFIRM128_RESERVED,requires_mul_or_div,PZ2-CONFIRM-0118,0,0,32
PPO_ZERO43,43,CONFIRM128_RESERVED,add_sub_solvable,PZ2-CONFIRM-0119,0,4,32
PPO_ZERO43,43,CONFIRM128_RESERVED,requires_mul_or_div,PZ2-CONFIRM-0120,0,0,32
PPO_ZERO43,43,CONFIRM128_RESERVED,add_sub_solvable,PZ2-CONFIRM-0121,1,32,32
PPO_ZERO43,43,CONFIRM128_RESERVED,requires_mul_or_div,PZ2-CONFIRM-0122,0,0,32
PPO_ZERO43,43,CONFIRM128_RESERVED,add_sub_solvable,PZ2-CONFIRM-0123,1,26,32
PPO_ZERO43,43,CONFIRM128_RESERVED,requires_mul_or_div,PZ2-CONFIRM-0124,0,0,32
PPO_ZERO43,43,CONFIRM128_RESERVED,add_sub_solvable,PZ2-CONFIRM-0125,0,12,32
PPO_ZERO43,43,CONFIRM128_RESERVED,requires_mul_or_div,PZ2-CONFIRM-0126,1,11,32
PPO_ZERO43,43,CONFIRM128_RESERVED,add_sub_solvable,PZ2-CONFIRM-0127,1,32,32
PPO_ZERO43,43,CONFIRM128_RESERVED,requires_mul_or_div,PZ2-CONFIRM-0128,0,0,32
