policy,population,band,c,questions
GRPO17,CONFIRM128_RESERVED,add_sub_solvable,0,3
GRPO17,CONFIRM128_RESERVED,add_sub_solvable,1,4
GRPO17,CONFIRM128_RESERVED,add_sub_solvable,2,3
GRPO17,CONFIRM128_RESERVED,add_sub_solvable,3,2
GRPO17,CONFIRM128_RESERVED,add_sub_solvable,4,0
GRPO17,CONFIRM128_RESERVED,add_sub_solvable,5,2
GRPO17,CONFIRM128_RESERVED,add_sub_solvable,6,1
GRPO17,CONFIRM128_RESERVED,add_sub_solvable,7,0
GRPO17,CONFIRM128_RESERVED,add_sub_solvable,8,0
GRPO17,CONFIRM128_RESERVED,add_sub_solvable,9,3
GRPO17,CONFIRM128_RESERVED,add_sub_solvable,10,0
GRPO17,CONFIRM128_RESERVED,add_sub_solvable,11,1
GRPO17,CONFIRM128_RESERVED,add_sub_solvable,12,1
GRPO17,CONFIRM128_RESERVED,add_sub_solvable,13,2
GRPO17,CONFIRM128_RESERVED,add_sub_solvable,14,3
GRPO17,CONFIRM128_RESERVED,add_sub_solvable,15,1
GRPO17,CONFIRM128_RESERVED,add_sub_solvable,16,1
GRPO17,CONFIRM128_RESERVED,add_sub_solvable,17,1
GRPO17,CONFIRM128_RESERVED,add_sub_solvable,18,0
GRPO17,CONFIRM128_RESERVED,add_sub_solvable,19,1
GRPO17,CONFIRM128_RESERVED,add_sub_solvable,20,1
GRPO17,CONFIRM128_RESERVED,add_sub_solvable,21,2
GRPO17,CONFIRM128_RESERVED,add_sub_solvable,22,1
GRPO17,CONFIRM128_RESERVED,add_sub_solvable,23,1
GRPO17,CONFIRM128_RESERVED,add_sub_solvable,24,7
GRPO17,CONFIRM128_RESERVED,add_sub_solvable,25,1
GRPO17,CONFIRM128_RESERVED,add_sub_solvable,26,3
GRPO17,CONFIRM128_RESERVED,add_sub_solvable,27,3
GRPO17,CONFIRM128_RESERVED,add_sub_solvable,28,1
GRPO17,CONFIRM128_RESERVED,add_sub_solvable,29,1
GRPO17,CONFIRM128_RESERVED,add_sub_solvable,30,8
GRPO17,CONFIRM128_RESERVED,add_sub_solvable,31,4
GRPO17,CONFIRM128_RESERVED,add_sub_solvable,32,2
GRPO17,CONFIRM128_RESERVED,all,0,43
GRPO17,CONFIRM128_RESERVED,all,1,11
GRPO17,CONFIRM128_RESERVED,all,2,7
GRPO17,CONFIRM128_RESERVED,all,3,4
GRPO17,CONFIRM128_RESERVED,all,4,2
GRPO17,CONFIRM128_RESERVED,all,5,4
GRPO17,CONFIRM128_RESERVED,all,6,3
GRPO17,CONFIRM128_RESERVED,all,7,0
GRPO17,CONFIRM128_RESERVED,all,8,0
GRPO17,CONFIRM128_RESERVED,all,9,3
GRPO17,CONFIRM128_RESERVED,all,10,1
GRPO17,CONFIRM128_RESERVED,all,11,1
GRPO17,CONFIRM128_RESERVED,all,12,1
GRPO17,CONFIRM128_RESERVED,all,13,2
GRPO17,CONFIRM128_RESERVED,all,14,3
GRPO17,CONFIRM128_RESERVED,all,15,1
GRPO17,CONFIRM128_RESERVED,all,16,1
GRPO17,CONFIRM128_RESERVED,all,17,1
GRPO17,CONFIRM128_RESERVED,all,18,0
GRPO17,CONFIRM128_RESERVED,all,19,1
GRPO17,CONFIRM128_RESERVED,all,20,1
GRPO17,CONFIRM128_RESERVED,all,21,3
GRPO17,CONFIRM128_RESERVED,all,22,1
GRPO17,CONFIRM128_RESERVED,all,23,2
GRPO17,CONFIRM128_RESERVED,all,24,7
GRPO17,CONFIRM128_RESERVED,all,25,2
GRPO17,CONFIRM128_RESERVED,all,26,4
GRPO17,CONFIRM128_RESERVED,all,27,3
GRPO17,CONFIRM128_RESERVED,all,28,1
GRPO17,CONFIRM128_RESERVED,all,29,1
GRPO17,CONFIRM128_RESERVED,all,30,8
GRPO17,CONFIRM128_RESERVED,all,31,4
GRPO17,CONFIRM128_RESERVED,all,32,2
GRPO17,CONFIRM128_RESERVED,requires_mul_or_div,0,40
GRPO17,CONFIRM128_RESERVED,requires_mul_or_div,1,7
GRPO17,CONFIRM128_RESERVED,requires_mul_or_div,2,4
GRPO17,CONFIRM128_RESERVED,requires_mul_or_div,3,2
GRPO17,CONFIRM128_RESERVED,requires_mul_or_div,4,2
GRPO17,CONFIRM128_RESERVED,requires_mul_or_div,5,2
GRPO17,CONFIRM128_RESERVED,requires_mul_or_div,6,2
GRPO17,CONFIRM128_RESERVED,requires_mul_or_div,7,0
GRPO17,CONFIRM128_RESERVED,requires_mul_or_div,8,0
GRPO17,CONFIRM128_RESERVED,requires_mul_or_div,9,0
GRPO17,CONFIRM128_RESERVED,requires_mul_or_div,10,1
GRPO17,CONFIRM128_RESERVED,requires_mul_or_div,11,0
GRPO17,CONFIRM128_RESERVED,requires_mul_or_div,12,0
GRPO17,CONFIRM128_RESERVED,requires_mul_or_div,13,0
GRPO17,CONFIRM128_RESERVED,requires_mul_or_div,14,0
GRPO17,CONFIRM128_RESERVED,requires_mul_or_div,15,0
GRPO17,CONFIRM128_RESERVED,requires_mul_or_div,16,0
GRPO17,CONFIRM128_RESERVED,requires_mul_or_div,17,0
GRPO17,CONFIRM128_RESERVED,requires_mul_or_div,18,0
GRPO17,CONFIRM128_RESERVED,requires_mul_or_div,19,0
GRPO17,CONFIRM128_RESERVED,requires_mul_or_div,20,0
GRPO17,CONFIRM128_RESERVED,requires_mul_or_div,21,1
GRPO17,CONFIRM128_RESERVED,requires_mul_or_div,22,0
GRPO17,CONFIRM128_RESERVED,requires_mul_or_div,23,1
GRPO17,CONFIRM128_RESERVED,requires_mul_or_div,24,0
GRPO17,CONFIRM128_RESERVED,requires_mul_or_div,25,1
GRPO17,CONFIRM128_RESERVED,requires_mul_or_div,26,1
GRPO17,CONFIRM128_RESERVED,requires_mul_or_div,27,0
GRPO17,CONFIRM128_RESERVED,requires_mul_or_div,28,0
GRPO17,CONFIRM128_RESERVED,requires_mul_or_div,29,0
GRPO17,CONFIRM128_RESERVED,requires_mul_or_div,30,0
GRPO17,CONFIRM128_RESERVED,requires_mul_or_div,31,0
GRPO17,CONFIRM128_RESERVED,requires_mul_or_div,32,0
GRPO17,HISTORICAL_FINAL256_OBSERVED,add_sub_solvable,0,6
GRPO17,HISTORICAL_FINAL256_OBSERVED,add_sub_solvable,1,3
GRPO17,HISTORICAL_FINAL256_OBSERVED,add_sub_solvable,2,2
GRPO17,HISTORICAL_FINAL256_OBSERVED,add_sub_solvable,3,1
GRPO17,HISTORICAL_FINAL256_OBSERVED,add_sub_solvable,4,1
GRPO17,HISTORICAL_FINAL256_OBSERVED,add_sub_solvable,5,4
GRPO17,HISTORICAL_FINAL256_OBSERVED,add_sub_solvable,6,3
GRPO17,HISTORICAL_FINAL256_OBSERVED,add_sub_solvable,7,1
GRPO17,HISTORICAL_FINAL256_OBSERVED,add_sub_solvable,8,3
GRPO17,HISTORICAL_FINAL256_OBSERVED,add_sub_solvable,9,2
GRPO17,HISTORICAL_FINAL256_OBSERVED,add_sub_solvable,10,0
GRPO17,HISTORICAL_FINAL256_OBSERVED,add_sub_solvable,11,4
GRPO17,HISTORICAL_FINAL256_OBSERVED,add_sub_solvable,12,1
GRPO17,HISTORICAL_FINAL256_OBSERVED,add_sub_solvable,13,1
GRPO17,HISTORICAL_FINAL256_OBSERVED,add_sub_solvable,14,4
GRPO17,HISTORICAL_FINAL256_OBSERVED,add_sub_solvable,15,3
GRPO17,HISTORICAL_FINAL256_OBSERVED,add_sub_solvable,16,2
GRPO17,HISTORICAL_FINAL256_OBSERVED,add_sub_solvable,17,7
GRPO17,HISTORICAL_FINAL256_OBSERVED,add_sub_solvable,18,1
GRPO17,HISTORICAL_FINAL256_OBSERVED,add_sub_solvable,19,2
GRPO17,HISTORICAL_FINAL256_OBSERVED,add_sub_solvable,20,7
GRPO17,HISTORICAL_FINAL256_OBSERVED,add_sub_solvable,21,2
GRPO17,HISTORICAL_FINAL256_OBSERVED,add_sub_solvable,22,8
GRPO17,HISTORICAL_FINAL256_OBSERVED,add_sub_solvable,23,4
GRPO17,HISTORICAL_FINAL256_OBSERVED,add_sub_solvable,24,1
GRPO17,HISTORICAL_FINAL256_OBSERVED,add_sub_solvable,25,5
GRPO17,HISTORICAL_FINAL256_OBSERVED,add_sub_solvable,26,3
GRPO17,HISTORICAL_FINAL256_OBSERVED,add_sub_solvable,27,8
GRPO17,HISTORICAL_FINAL256_OBSERVED,add_sub_solvable,28,9
GRPO17,HISTORICAL_FINAL256_OBSERVED,add_sub_solvable,29,7
GRPO17,HISTORICAL_FINAL256_OBSERVED,add_sub_solvable,30,5
GRPO17,HISTORICAL_FINAL256_OBSERVED,add_sub_solvable,31,10
GRPO17,HISTORICAL_FINAL256_OBSERVED,add_sub_solvable,32,8
GRPO17,HISTORICAL_FINAL256_OBSERVED,all,0,80
GRPO17,HISTORICAL_FINAL256_OBSERVED,all,1,17
GRPO17,HISTORICAL_FINAL256_OBSERVED,all,2,4
GRPO17,HISTORICAL_FINAL256_OBSERVED,all,3,3
GRPO17,HISTORICAL_FINAL256_OBSERVED,all,4,5
GRPO17,HISTORICAL_FINAL256_OBSERVED,all,5,7
GRPO17,HISTORICAL_FINAL256_OBSERVED,all,6,5
GRPO17,HISTORICAL_FINAL256_OBSERVED,all,7,2
GRPO17,HISTORICAL_FINAL256_OBSERVED,all,8,6
GRPO17,HISTORICAL_FINAL256_OBSERVED,all,9,4
GRPO17,HISTORICAL_FINAL256_OBSERVED,all,10,4
GRPO17,HISTORICAL_FINAL256_OBSERVED,all,11,4
GRPO17,HISTORICAL_FINAL256_OBSERVED,all,12,2
GRPO17,HISTORICAL_FINAL256_OBSERVED,all,13,3
GRPO17,HISTORICAL_FINAL256_OBSERVED,all,14,6
GRPO17,HISTORICAL_FINAL256_OBSERVED,all,15,3
GRPO17,HISTORICAL_FINAL256_OBSERVED,all,16,3
GRPO17,HISTORICAL_FINAL256_OBSERVED,all,17,7
GRPO17,HISTORICAL_FINAL256_OBSERVED,all,18,4
GRPO17,HISTORICAL_FINAL256_OBSERVED,all,19,2
GRPO17,HISTORICAL_FINAL256_OBSERVED,all,20,7
GRPO17,HISTORICAL_FINAL256_OBSERVED,all,21,2
GRPO17,HISTORICAL_FINAL256_OBSERVED,all,22,10
GRPO17,HISTORICAL_FINAL256_OBSERVED,all,23,4
GRPO17,HISTORICAL_FINAL256_OBSERVED,all,24,3
GRPO17,HISTORICAL_FINAL256_OBSERVED,all,25,5
GRPO17,HISTORICAL_FINAL256_OBSERVED,all,26,4
GRPO17,HISTORICAL_FINAL256_OBSERVED,all,27,9
GRPO17,HISTORICAL_FINAL256_OBSERVED,all,28,9
GRPO17,HISTORICAL_FINAL256_OBSERVED,all,29,8
GRPO17,HISTORICAL_FINAL256_OBSERVED,all,30,5
GRPO17,HISTORICAL_FINAL256_OBSERVED,all,31,10
GRPO17,HISTORICAL_FINAL256_OBSERVED,all,32,9
GRPO17,HISTORICAL_FINAL256_OBSERVED,requires_mul_or_div,0,74
GRPO17,HISTORICAL_FINAL256_OBSERVED,requires_mul_or_div,1,14
GRPO17,HISTORICAL_FINAL256_OBSERVED,requires_mul_or_div,2,2
GRPO17,HISTORICAL_FINAL256_OBSERVED,requires_mul_or_div,3,2
GRPO17,HISTORICAL_FINAL256_OBSERVED,requires_mul_or_div,4,4
GRPO17,HISTORICAL_FINAL256_OBSERVED,requires_mul_or_div,5,3
GRPO17,HISTORICAL_FINAL256_OBSERVED,requires_mul_or_div,6,2
GRPO17,HISTORICAL_FINAL256_OBSERVED,requires_mul_or_div,7,1
GRPO17,HISTORICAL_FINAL256_OBSERVED,requires_mul_or_div,8,3
GRPO17,HISTORICAL_FINAL256_OBSERVED,requires_mul_or_div,9,2
GRPO17,HISTORICAL_FINAL256_OBSERVED,requires_mul_or_div,10,4
GRPO17,HISTORICAL_FINAL256_OBSERVED,requires_mul_or_div,11,0
GRPO17,HISTORICAL_FINAL256_OBSERVED,requires_mul_or_div,12,1
GRPO17,HISTORICAL_FINAL256_OBSERVED,requires_mul_or_div,13,2
GRPO17,HISTORICAL_FINAL256_OBSERVED,requires_mul_or_div,14,2
GRPO17,HISTORICAL_FINAL256_OBSERVED,requires_mul_or_div,15,0
GRPO17,HISTORICAL_FINAL256_OBSERVED,requires_mul_or_div,16,1
GRPO17,HISTORICAL_FINAL256_OBSERVED,requires_mul_or_div,17,0
GRPO17,HISTORICAL_FINAL256_OBSERVED,requires_mul_or_div,18,3
GRPO17,HISTORICAL_FINAL256_OBSERVED,requires_mul_or_div,19,0
GRPO17,HISTORICAL_FINAL256_OBSERVED,requires_mul_or_div,20,0
GRPO17,HISTORICAL_FINAL256_OBSERVED,requires_mul_or_div,21,0
GRPO17,HISTORICAL_FINAL256_OBSERVED,requires_mul_or_div,22,2
GRPO17,HISTORICAL_FINAL256_OBSERVED,requires_mul_or_div,23,0
GRPO17,HISTORICAL_FINAL256_OBSERVED,requires_mul_or_div,24,2
GRPO17,HISTORICAL_FINAL256_OBSERVED,requires_mul_or_div,25,0
GRPO17,HISTORICAL_FINAL256_OBSERVED,requires_mul_or_div,26,1
GRPO17,HISTORICAL_FINAL256_OBSERVED,requires_mul_or_div,27,1
GRPO17,HISTORICAL_FINAL256_OBSERVED,requires_mul_or_div,28,0
GRPO17,HISTORICAL_FINAL256_OBSERVED,requires_mul_or_div,29,1
GRPO17,HISTORICAL_FINAL256_OBSERVED,requires_mul_or_div,30,0
GRPO17,HISTORICAL_FINAL256_OBSERVED,requires_mul_or_div,31,0
GRPO17,HISTORICAL_FINAL256_OBSERVED,requires_mul_or_div,32,1
GRPO29,CONFIRM128_RESERVED,add_sub_solvable,0,6
GRPO29,CONFIRM128_RESERVED,add_sub_solvable,1,4
GRPO29,CONFIRM128_RESERVED,add_sub_solvable,2,1
GRPO29,CONFIRM128_RESERVED,add_sub_solvable,3,2
GRPO29,CONFIRM128_RESERVED,add_sub_solvable,4,1
GRPO29,CONFIRM128_RESERVED,add_sub_solvable,5,2
GRPO29,CONFIRM128_RESERVED,add_sub_solvable,6,1
GRPO29,CONFIRM128_RESERVED,add_sub_solvable,7,0
GRPO29,CONFIRM128_RESERVED,add_sub_solvable,8,1
GRPO29,CONFIRM128_RESERVED,add_sub_solvable,9,1
GRPO29,CONFIRM128_RESERVED,add_sub_solvable,10,2
GRPO29,CONFIRM128_RESERVED,add_sub_solvable,11,0
GRPO29,CONFIRM128_RESERVED,add_sub_solvable,12,1
GRPO29,CONFIRM128_RESERVED,add_sub_solvable,13,0
GRPO29,CONFIRM128_RESERVED,add_sub_solvable,14,0
GRPO29,CONFIRM128_RESERVED,add_sub_solvable,15,2
GRPO29,CONFIRM128_RESERVED,add_sub_solvable,16,4
GRPO29,CONFIRM128_RESERVED,add_sub_solvable,17,0
GRPO29,CONFIRM128_RESERVED,add_sub_solvable,18,1
GRPO29,CONFIRM128_RESERVED,add_sub_solvable,19,2
GRPO29,CONFIRM128_RESERVED,add_sub_solvable,20,1
GRPO29,CONFIRM128_RESERVED,add_sub_solvable,21,1
GRPO29,CONFIRM128_RESERVED,add_sub_solvable,22,1
GRPO29,CONFIRM128_RESERVED,add_sub_solvable,23,0
GRPO29,CONFIRM128_RESERVED,add_sub_solvable,24,1
GRPO29,CONFIRM128_RESERVED,add_sub_solvable,25,1
GRPO29,CONFIRM128_RESERVED,add_sub_solvable,26,2
GRPO29,CONFIRM128_RESERVED,add_sub_solvable,27,2
GRPO29,CONFIRM128_RESERVED,add_sub_solvable,28,3
GRPO29,CONFIRM128_RESERVED,add_sub_solvable,29,6
GRPO29,CONFIRM128_RESERVED,add_sub_solvable,30,2
GRPO29,CONFIRM128_RESERVED,add_sub_solvable,31,6
GRPO29,CONFIRM128_RESERVED,add_sub_solvable,32,7
GRPO29,CONFIRM128_RESERVED,all,0,46
GRPO29,CONFIRM128_RESERVED,all,1,11
GRPO29,CONFIRM128_RESERVED,all,2,4
GRPO29,CONFIRM128_RESERVED,all,3,4
GRPO29,CONFIRM128_RESERVED,all,4,2
GRPO29,CONFIRM128_RESERVED,all,5,4
GRPO29,CONFIRM128_RESERVED,all,6,2
GRPO29,CONFIRM128_RESERVED,all,7,1
GRPO29,CONFIRM128_RESERVED,all,8,2
GRPO29,CONFIRM128_RESERVED,all,9,1
GRPO29,CONFIRM128_RESERVED,all,10,2
GRPO29,CONFIRM128_RESERVED,all,11,1
GRPO29,CONFIRM128_RESERVED,all,12,2
GRPO29,CONFIRM128_RESERVED,all,13,1
GRPO29,CONFIRM128_RESERVED,all,14,0
GRPO29,CONFIRM128_RESERVED,all,15,2
GRPO29,CONFIRM128_RESERVED,all,16,4
GRPO29,CONFIRM128_RESERVED,all,17,0
GRPO29,CONFIRM128_RESERVED,all,18,1
GRPO29,CONFIRM128_RESERVED,all,19,2
GRPO29,CONFIRM128_RESERVED,all,20,2
GRPO29,CONFIRM128_RESERVED,all,21,1
GRPO29,CONFIRM128_RESERVED,all,22,1
GRPO29,CONFIRM128_RESERVED,all,23,0
GRPO29,CONFIRM128_RESERVED,all,24,1
GRPO29,CONFIRM128_RESERVED,all,25,1
GRPO29,CONFIRM128_RESERVED,all,26,2
GRPO29,CONFIRM128_RESERVED,all,27,2
GRPO29,CONFIRM128_RESERVED,all,28,3
GRPO29,CONFIRM128_RESERVED,all,29,7
GRPO29,CONFIRM128_RESERVED,all,30,2
GRPO29,CONFIRM128_RESERVED,all,31,6
GRPO29,CONFIRM128_RESERVED,all,32,8
GRPO29,CONFIRM128_RESERVED,requires_mul_or_div,0,40
GRPO29,CONFIRM128_RESERVED,requires_mul_or_div,1,7
GRPO29,CONFIRM128_RESERVED,requires_mul_or_div,2,3
GRPO29,CONFIRM128_RESERVED,requires_mul_or_div,3,2
GRPO29,CONFIRM128_RESERVED,requires_mul_or_div,4,1
GRPO29,CONFIRM128_RESERVED,requires_mul_or_div,5,2
GRPO29,CONFIRM128_RESERVED,requires_mul_or_div,6,1
GRPO29,CONFIRM128_RESERVED,requires_mul_or_div,7,1
GRPO29,CONFIRM128_RESERVED,requires_mul_or_div,8,1
GRPO29,CONFIRM128_RESERVED,requires_mul_or_div,9,0
GRPO29,CONFIRM128_RESERVED,requires_mul_or_div,10,0
GRPO29,CONFIRM128_RESERVED,requires_mul_or_div,11,1
GRPO29,CONFIRM128_RESERVED,requires_mul_or_div,12,1
GRPO29,CONFIRM128_RESERVED,requires_mul_or_div,13,1
GRPO29,CONFIRM128_RESERVED,requires_mul_or_div,14,0
GRPO29,CONFIRM128_RESERVED,requires_mul_or_div,15,0
GRPO29,CONFIRM128_RESERVED,requires_mul_or_div,16,0
GRPO29,CONFIRM128_RESERVED,requires_mul_or_div,17,0
GRPO29,CONFIRM128_RESERVED,requires_mul_or_div,18,0
GRPO29,CONFIRM128_RESERVED,requires_mul_or_div,19,0
GRPO29,CONFIRM128_RESERVED,requires_mul_or_div,20,1
GRPO29,CONFIRM128_RESERVED,requires_mul_or_div,21,0
GRPO29,CONFIRM128_RESERVED,requires_mul_or_div,22,0
GRPO29,CONFIRM128_RESERVED,requires_mul_or_div,23,0
GRPO29,CONFIRM128_RESERVED,requires_mul_or_div,24,0
GRPO29,CONFIRM128_RESERVED,requires_mul_or_div,25,0
GRPO29,CONFIRM128_RESERVED,requires_mul_or_div,26,0
GRPO29,CONFIRM128_RESERVED,requires_mul_or_div,27,0
GRPO29,CONFIRM128_RESERVED,requires_mul_or_div,28,0
GRPO29,CONFIRM128_RESERVED,requires_mul_or_div,29,1
GRPO29,CONFIRM128_RESERVED,requires_mul_or_div,30,0
GRPO29,CONFIRM128_RESERVED,requires_mul_or_div,31,0
GRPO29,CONFIRM128_RESERVED,requires_mul_or_div,32,1
GRPO29,HISTORICAL_FINAL256_OBSERVED,add_sub_solvable,0,12
GRPO29,HISTORICAL_FINAL256_OBSERVED,add_sub_solvable,1,4
GRPO29,HISTORICAL_FINAL256_OBSERVED,add_sub_solvable,2,1
GRPO29,HISTORICAL_FINAL256_OBSERVED,add_sub_solvable,3,3
GRPO29,HISTORICAL_FINAL256_OBSERVED,add_sub_solvable,4,1
GRPO29,HISTORICAL_FINAL256_OBSERVED,add_sub_solvable,5,1
GRPO29,HISTORICAL_FINAL256_OBSERVED,add_sub_solvable,6,3
GRPO29,HISTORICAL_FINAL256_OBSERVED,add_sub_solvable,7,2
GRPO29,HISTORICAL_FINAL256_OBSERVED,add_sub_solvable,8,2
GRPO29,HISTORICAL_FINAL256_OBSERVED,add_sub_solvable,9,2
GRPO29,HISTORICAL_FINAL256_OBSERVED,add_sub_solvable,10,4
GRPO29,HISTORICAL_FINAL256_OBSERVED,add_sub_solvable,11,0
GRPO29,HISTORICAL_FINAL256_OBSERVED,add_sub_solvable,12,1
GRPO29,HISTORICAL_FINAL256_OBSERVED,add_sub_solvable,13,3
GRPO29,HISTORICAL_FINAL256_OBSERVED,add_sub_solvable,14,3
GRPO29,HISTORICAL_FINAL256_OBSERVED,add_sub_solvable,15,2
GRPO29,HISTORICAL_FINAL256_OBSERVED,add_sub_solvable,16,1
GRPO29,HISTORICAL_FINAL256_OBSERVED,add_sub_solvable,17,4
GRPO29,HISTORICAL_FINAL256_OBSERVED,add_sub_solvable,18,3
GRPO29,HISTORICAL_FINAL256_OBSERVED,add_sub_solvable,19,1
GRPO29,HISTORICAL_FINAL256_OBSERVED,add_sub_solvable,20,3
GRPO29,HISTORICAL_FINAL256_OBSERVED,add_sub_solvable,21,3
GRPO29,HISTORICAL_FINAL256_OBSERVED,add_sub_solvable,22,4
GRPO29,HISTORICAL_FINAL256_OBSERVED,add_sub_solvable,23,4
GRPO29,HISTORICAL_FINAL256_OBSERVED,add_sub_solvable,24,2
GRPO29,HISTORICAL_FINAL256_OBSERVED,add_sub_solvable,25,2
GRPO29,HISTORICAL_FINAL256_OBSERVED,add_sub_solvable,26,1
GRPO29,HISTORICAL_FINAL256_OBSERVED,add_sub_solvable,27,3
GRPO29,HISTORICAL_FINAL256_OBSERVED,add_sub_solvable,28,10
GRPO29,HISTORICAL_FINAL256_OBSERVED,add_sub_solvable,29,6
GRPO29,HISTORICAL_FINAL256_OBSERVED,add_sub_solvable,30,8
GRPO29,HISTORICAL_FINAL256_OBSERVED,add_sub_solvable,31,12
GRPO29,HISTORICAL_FINAL256_OBSERVED,add_sub_solvable,32,17
GRPO29,HISTORICAL_FINAL256_OBSERVED,all,0,93
GRPO29,HISTORICAL_FINAL256_OBSERVED,all,1,11
GRPO29,HISTORICAL_FINAL256_OBSERVED,all,2,7
GRPO29,HISTORICAL_FINAL256_OBSERVED,all,3,6
GRPO29,HISTORICAL_FINAL256_OBSERVED,all,4,5
GRPO29,HISTORICAL_FINAL256_OBSERVED,all,5,3
GRPO29,HISTORICAL_FINAL256_OBSERVED,all,6,3
GRPO29,HISTORICAL_FINAL256_OBSERVED,all,7,5
GRPO29,HISTORICAL_FINAL256_OBSERVED,all,8,4
GRPO29,HISTORICAL_FINAL256_OBSERVED,all,9,2
GRPO29,HISTORICAL_FINAL256_OBSERVED,all,10,6
GRPO29,HISTORICAL_FINAL256_OBSERVED,all,11,2
GRPO29,HISTORICAL_FINAL256_OBSERVED,all,12,1
GRPO29,HISTORICAL_FINAL256_OBSERVED,all,13,3
GRPO29,HISTORICAL_FINAL256_OBSERVED,all,14,6
GRPO29,HISTORICAL_FINAL256_OBSERVED,all,15,2
GRPO29,HISTORICAL_FINAL256_OBSERVED,all,16,1
GRPO29,HISTORICAL_FINAL256_OBSERVED,all,17,5
GRPO29,HISTORICAL_FINAL256_OBSERVED,all,18,5
GRPO29,HISTORICAL_FINAL256_OBSERVED,all,19,1
GRPO29,HISTORICAL_FINAL256_OBSERVED,all,20,3
GRPO29,HISTORICAL_FINAL256_OBSERVED,all,21,4
GRPO29,HISTORICAL_FINAL256_OBSERVED,all,22,6
GRPO29,HISTORICAL_FINAL256_OBSERVED,all,23,6
GRPO29,HISTORICAL_FINAL256_OBSERVED,all,24,2
GRPO29,HISTORICAL_FINAL256_OBSERVED,all,25,2
GRPO29,HISTORICAL_FINAL256_OBSERVED,all,26,2
GRPO29,HISTORICAL_FINAL256_OBSERVED,all,27,3
GRPO29,HISTORICAL_FINAL256_OBSERVED,all,28,11
GRPO29,HISTORICAL_FINAL256_OBSERVED,all,29,6
GRPO29,HISTORICAL_FINAL256_OBSERVED,all,30,10
GRPO29,HISTORICAL_FINAL256_OBSERVED,all,31,12
GRPO29,HISTORICAL_FINAL256_OBSERVED,all,32,18
GRPO29,HISTORICAL_FINAL256_OBSERVED,requires_mul_or_div,0,81
GRPO29,HISTORICAL_FINAL256_OBSERVED,requires_mul_or_div,1,7
GRPO29,HISTORICAL_FINAL256_OBSERVED,requires_mul_or_div,2,6
GRPO29,HISTORICAL_FINAL256_OBSERVED,requires_mul_or_div,3,3
GRPO29,HISTORICAL_FINAL256_OBSERVED,requires_mul_or_div,4,4
GRPO29,HISTORICAL_FINAL256_OBSERVED,requires_mul_or_div,5,2
GRPO29,HISTORICAL_FINAL256_OBSERVED,requires_mul_or_div,6,0
GRPO29,HISTORICAL_FINAL256_OBSERVED,requires_mul_or_div,7,3
GRPO29,HISTORICAL_FINAL256_OBSERVED,requires_mul_or_div,8,2
GRPO29,HISTORICAL_FINAL256_OBSERVED,requires_mul_or_div,9,0
GRPO29,HISTORICAL_FINAL256_OBSERVED,requires_mul_or_div,10,2
GRPO29,HISTORICAL_FINAL256_OBSERVED,requires_mul_or_div,11,2
GRPO29,HISTORICAL_FINAL256_OBSERVED,requires_mul_or_div,12,0
GRPO29,HISTORICAL_FINAL256_OBSERVED,requires_mul_or_div,13,0
GRPO29,HISTORICAL_FINAL256_OBSERVED,requires_mul_or_div,14,3
GRPO29,HISTORICAL_FINAL256_OBSERVED,requires_mul_or_div,15,0
GRPO29,HISTORICAL_FINAL256_OBSERVED,requires_mul_or_div,16,0
GRPO29,HISTORICAL_FINAL256_OBSERVED,requires_mul_or_div,17,1
GRPO29,HISTORICAL_FINAL256_OBSERVED,requires_mul_or_div,18,2
GRPO29,HISTORICAL_FINAL256_OBSERVED,requires_mul_or_div,19,0
GRPO29,HISTORICAL_FINAL256_OBSERVED,requires_mul_or_div,20,0
GRPO29,HISTORICAL_FINAL256_OBSERVED,requires_mul_or_div,21,1
GRPO29,HISTORICAL_FINAL256_OBSERVED,requires_mul_or_div,22,2
GRPO29,HISTORICAL_FINAL256_OBSERVED,requires_mul_or_div,23,2
GRPO29,HISTORICAL_FINAL256_OBSERVED,requires_mul_or_div,24,0
GRPO29,HISTORICAL_FINAL256_OBSERVED,requires_mul_or_div,25,0
GRPO29,HISTORICAL_FINAL256_OBSERVED,requires_mul_or_div,26,1
GRPO29,HISTORICAL_FINAL256_OBSERVED,requires_mul_or_div,27,0
GRPO29,HISTORICAL_FINAL256_OBSERVED,requires_mul_or_div,28,1
GRPO29,HISTORICAL_FINAL256_OBSERVED,requires_mul_or_div,29,0
GRPO29,HISTORICAL_FINAL256_OBSERVED,requires_mul_or_div,30,2
GRPO29,HISTORICAL_FINAL256_OBSERVED,requires_mul_or_div,31,0
GRPO29,HISTORICAL_FINAL256_OBSERVED,requires_mul_or_div,32,1
GRPO43,CONFIRM128_RESERVED,add_sub_solvable,0,12
GRPO43,CONFIRM128_RESERVED,add_sub_solvable,1,2
GRPO43,CONFIRM128_RESERVED,add_sub_solvable,2,1
GRPO43,CONFIRM128_RESERVED,add_sub_solvable,3,2
GRPO43,CONFIRM128_RESERVED,add_sub_solvable,4,1
GRPO43,CONFIRM128_RESERVED,add_sub_solvable,5,3
GRPO43,CONFIRM128_RESERVED,add_sub_solvable,6,1
GRPO43,CONFIRM128_RESERVED,add_sub_solvable,7,1
GRPO43,CONFIRM128_RESERVED,add_sub_solvable,8,0
GRPO43,CONFIRM128_RESERVED,add_sub_solvable,9,2
GRPO43,CONFIRM128_RESERVED,add_sub_solvable,10,1
GRPO43,CONFIRM128_RESERVED,add_sub_solvable,11,0
GRPO43,CONFIRM128_RESERVED,add_sub_solvable,12,0
GRPO43,CONFIRM128_RESERVED,add_sub_solvable,13,0
GRPO43,CONFIRM128_RESERVED,add_sub_solvable,14,2
GRPO43,CONFIRM128_RESERVED,add_sub_solvable,15,0
GRPO43,CONFIRM128_RESERVED,add_sub_solvable,16,1
GRPO43,CONFIRM128_RESERVED,add_sub_solvable,17,0
GRPO43,CONFIRM128_RESERVED,add_sub_solvable,18,1
GRPO43,CONFIRM128_RESERVED,add_sub_solvable,19,2
GRPO43,CONFIRM128_RESERVED,add_sub_solvable,20,3
GRPO43,CONFIRM128_RESERVED,add_sub_solvable,21,1
GRPO43,CONFIRM128_RESERVED,add_sub_solvable,22,0
GRPO43,CONFIRM128_RESERVED,add_sub_solvable,23,1
GRPO43,CONFIRM128_RESERVED,add_sub_solvable,24,1
GRPO43,CONFIRM128_RESERVED,add_sub_solvable,25,1
GRPO43,CONFIRM128_RESERVED,add_sub_solvable,26,2
GRPO43,CONFIRM128_RESERVED,add_sub_solvable,27,1
GRPO43,CONFIRM128_RESERVED,add_sub_solvable,28,4
GRPO43,CONFIRM128_RESERVED,add_sub_solvable,29,1
GRPO43,CONFIRM128_RESERVED,add_sub_solvable,30,1
GRPO43,CONFIRM128_RESERVED,add_sub_solvable,31,11
GRPO43,CONFIRM128_RESERVED,add_sub_solvable,32,5
GRPO43,CONFIRM128_RESERVED,all,0,49
GRPO43,CONFIRM128_RESERVED,all,1,14
GRPO43,CONFIRM128_RESERVED,all,2,4
GRPO43,CONFIRM128_RESERVED,all,3,5
GRPO43,CONFIRM128_RESERVED,all,4,1
GRPO43,CONFIRM128_RESERVED,all,5,4
GRPO43,CONFIRM128_RESERVED,all,6,4
GRPO43,CONFIRM128_RESERVED,all,7,2
GRPO43,CONFIRM128_RESERVED,all,8,0
GRPO43,CONFIRM128_RESERVED,all,9,2
GRPO43,CONFIRM128_RESERVED,all,10,1
GRPO43,CONFIRM128_RESERVED,all,11,0
GRPO43,CONFIRM128_RESERVED,all,12,0
GRPO43,CONFIRM128_RESERVED,all,13,0
GRPO43,CONFIRM128_RESERVED,all,14,2
GRPO43,CONFIRM128_RESERVED,all,15,0
GRPO43,CONFIRM128_RESERVED,all,16,1
GRPO43,CONFIRM128_RESERVED,all,17,0
GRPO43,CONFIRM128_RESERVED,all,18,1
GRPO43,CONFIRM128_RESERVED,all,19,2
GRPO43,CONFIRM128_RESERVED,all,20,3
GRPO43,CONFIRM128_RESERVED,all,21,1
GRPO43,CONFIRM128_RESERVED,all,22,0
GRPO43,CONFIRM128_RESERVED,all,23,1
GRPO43,CONFIRM128_RESERVED,all,24,1
GRPO43,CONFIRM128_RESERVED,all,25,2
GRPO43,CONFIRM128_RESERVED,all,26,3
GRPO43,CONFIRM128_RESERVED,all,27,1
GRPO43,CONFIRM128_RESERVED,all,28,4
GRPO43,CONFIRM128_RESERVED,all,29,3
GRPO43,CONFIRM128_RESERVED,all,30,1
GRPO43,CONFIRM128_RESERVED,all,31,11
GRPO43,CONFIRM128_RESERVED,all,32,5
GRPO43,CONFIRM128_RESERVED,requires_mul_or_div,0,37
GRPO43,CONFIRM128_RESERVED,requires_mul_or_div,1,12
GRPO43,CONFIRM128_RESERVED,requires_mul_or_div,2,3
GRPO43,CONFIRM128_RESERVED,requires_mul_or_div,3,3
GRPO43,CONFIRM128_RESERVED,requires_mul_or_div,4,0
GRPO43,CONFIRM128_RESERVED,requires_mul_or_div,5,1
GRPO43,CONFIRM128_RESERVED,requires_mul_or_div,6,3
GRPO43,CONFIRM128_RESERVED,requires_mul_or_div,7,1
GRPO43,CONFIRM128_RESERVED,requires_mul_or_div,8,0
GRPO43,CONFIRM128_RESERVED,requires_mul_or_div,9,0
GRPO43,CONFIRM128_RESERVED,requires_mul_or_div,10,0
GRPO43,CONFIRM128_RESERVED,requires_mul_or_div,11,0
GRPO43,CONFIRM128_RESERVED,requires_mul_or_div,12,0
GRPO43,CONFIRM128_RESERVED,requires_mul_or_div,13,0
GRPO43,CONFIRM128_RESERVED,requires_mul_or_div,14,0
GRPO43,CONFIRM128_RESERVED,requires_mul_or_div,15,0
GRPO43,CONFIRM128_RESERVED,requires_mul_or_div,16,0
GRPO43,CONFIRM128_RESERVED,requires_mul_or_div,17,0
GRPO43,CONFIRM128_RESERVED,requires_mul_or_div,18,0
GRPO43,CONFIRM128_RESERVED,requires_mul_or_div,19,0
GRPO43,CONFIRM128_RESERVED,requires_mul_or_div,20,0
GRPO43,CONFIRM128_RESERVED,requires_mul_or_div,21,0
GRPO43,CONFIRM128_RESERVED,requires_mul_or_div,22,0
GRPO43,CONFIRM128_RESERVED,requires_mul_or_div,23,0
GRPO43,CONFIRM128_RESERVED,requires_mul_or_div,24,0
GRPO43,CONFIRM128_RESERVED,requires_mul_or_div,25,1
GRPO43,CONFIRM128_RESERVED,requires_mul_or_div,26,1
GRPO43,CONFIRM128_RESERVED,requires_mul_or_div,27,0
GRPO43,CONFIRM128_RESERVED,requires_mul_or_div,28,0
GRPO43,CONFIRM128_RESERVED,requires_mul_or_div,29,2
GRPO43,CONFIRM128_RESERVED,requires_mul_or_div,30,0
GRPO43,CONFIRM128_RESERVED,requires_mul_or_div,31,0
GRPO43,CONFIRM128_RESERVED,requires_mul_or_div,32,0
GRPO43,HISTORICAL_FINAL256_OBSERVED,add_sub_solvable,0,19
GRPO43,HISTORICAL_FINAL256_OBSERVED,add_sub_solvable,1,4
GRPO43,HISTORICAL_FINAL256_OBSERVED,add_sub_solvable,2,6
GRPO43,HISTORICAL_FINAL256_OBSERVED,add_sub_solvable,3,5
GRPO43,HISTORICAL_FINAL256_OBSERVED,add_sub_solvable,4,6
GRPO43,HISTORICAL_FINAL256_OBSERVED,add_sub_solvable,5,1
GRPO43,HISTORICAL_FINAL256_OBSERVED,add_sub_solvable,6,2
GRPO43,HISTORICAL_FINAL256_OBSERVED,add_sub_solvable,7,0
GRPO43,HISTORICAL_FINAL256_OBSERVED,add_sub_solvable,8,1
GRPO43,HISTORICAL_FINAL256_OBSERVED,add_sub_solvable,9,3
GRPO43,HISTORICAL_FINAL256_OBSERVED,add_sub_solvable,10,4
GRPO43,HISTORICAL_FINAL256_OBSERVED,add_sub_solvable,11,0
GRPO43,HISTORICAL_FINAL256_OBSERVED,add_sub_solvable,12,0
GRPO43,HISTORICAL_FINAL256_OBSERVED,add_sub_solvable,13,0
GRPO43,HISTORICAL_FINAL256_OBSERVED,add_sub_solvable,14,2
GRPO43,HISTORICAL_FINAL256_OBSERVED,add_sub_solvable,15,1
GRPO43,HISTORICAL_FINAL256_OBSERVED,add_sub_solvable,16,0
GRPO43,HISTORICAL_FINAL256_OBSERVED,add_sub_solvable,17,1
GRPO43,HISTORICAL_FINAL256_OBSERVED,add_sub_solvable,18,2
GRPO43,HISTORICAL_FINAL256_OBSERVED,add_sub_solvable,19,2
GRPO43,HISTORICAL_FINAL256_OBSERVED,add_sub_solvable,20,4
GRPO43,HISTORICAL_FINAL256_OBSERVED,add_sub_solvable,21,0
GRPO43,HISTORICAL_FINAL256_OBSERVED,add_sub_solvable,22,3
GRPO43,HISTORICAL_FINAL256_OBSERVED,add_sub_solvable,23,4
GRPO43,HISTORICAL_FINAL256_OBSERVED,add_sub_solvable,24,1
GRPO43,HISTORICAL_FINAL256_OBSERVED,add_sub_solvable,25,1
GRPO43,HISTORICAL_FINAL256_OBSERVED,add_sub_solvable,26,5
GRPO43,HISTORICAL_FINAL256_OBSERVED,add_sub_solvable,27,6
GRPO43,HISTORICAL_FINAL256_OBSERVED,add_sub_solvable,28,6
GRPO43,HISTORICAL_FINAL256_OBSERVED,add_sub_solvable,29,6
GRPO43,HISTORICAL_FINAL256_OBSERVED,add_sub_solvable,30,5
GRPO43,HISTORICAL_FINAL256_OBSERVED,add_sub_solvable,31,11
GRPO43,HISTORICAL_FINAL256_OBSERVED,add_sub_solvable,32,17
GRPO43,HISTORICAL_FINAL256_OBSERVED,all,0,102
GRPO43,HISTORICAL_FINAL256_OBSERVED,all,1,13
GRPO43,HISTORICAL_FINAL256_OBSERVED,all,2,15
GRPO43,HISTORICAL_FINAL256_OBSERVED,all,3,5
GRPO43,HISTORICAL_FINAL256_OBSERVED,all,4,10
GRPO43,HISTORICAL_FINAL256_OBSERVED,all,5,2
GRPO43,HISTORICAL_FINAL256_OBSERVED,all,6,3
GRPO43,HISTORICAL_FINAL256_OBSERVED,all,7,2
GRPO43,HISTORICAL_FINAL256_OBSERVED,all,8,2
GRPO43,HISTORICAL_FINAL256_OBSERVED,all,9,4
GRPO43,HISTORICAL_FINAL256_OBSERVED,all,10,5
GRPO43,HISTORICAL_FINAL256_OBSERVED,all,11,0
GRPO43,HISTORICAL_FINAL256_OBSERVED,all,12,2
GRPO43,HISTORICAL_FINAL256_OBSERVED,all,13,1
GRPO43,HISTORICAL_FINAL256_OBSERVED,all,14,3
GRPO43,HISTORICAL_FINAL256_OBSERVED,all,15,2
GRPO43,HISTORICAL_FINAL256_OBSERVED,all,16,0
GRPO43,HISTORICAL_FINAL256_OBSERVED,all,17,2
GRPO43,HISTORICAL_FINAL256_OBSERVED,all,18,2
GRPO43,HISTORICAL_FINAL256_OBSERVED,all,19,3
GRPO43,HISTORICAL_FINAL256_OBSERVED,all,20,4
GRPO43,HISTORICAL_FINAL256_OBSERVED,all,21,1
GRPO43,HISTORICAL_FINAL256_OBSERVED,all,22,4
GRPO43,HISTORICAL_FINAL256_OBSERVED,all,23,4
GRPO43,HISTORICAL_FINAL256_OBSERVED,all,24,2
GRPO43,HISTORICAL_FINAL256_OBSERVED,all,25,2
GRPO43,HISTORICAL_FINAL256_OBSERVED,all,26,5
GRPO43,HISTORICAL_FINAL256_OBSERVED,all,27,6
GRPO43,HISTORICAL_FINAL256_OBSERVED,all,28,8
GRPO43,HISTORICAL_FINAL256_OBSERVED,all,29,7
GRPO43,HISTORICAL_FINAL256_OBSERVED,all,30,5
GRPO43,HISTORICAL_FINAL256_OBSERVED,all,31,12
GRPO43,HISTORICAL_FINAL256_OBSERVED,all,32,18
GRPO43,HISTORICAL_FINAL256_OBSERVED,requires_mul_or_div,0,83
GRPO43,HISTORICAL_FINAL256_OBSERVED,requires_mul_or_div,1,9
GRPO43,HISTORICAL_FINAL256_OBSERVED,requires_mul_or_div,2,9
GRPO43,HISTORICAL_FINAL256_OBSERVED,requires_mul_or_div,3,0
GRPO43,HISTORICAL_FINAL256_OBSERVED,requires_mul_or_div,4,4
GRPO43,HISTORICAL_FINAL256_OBSERVED,requires_mul_or_div,5,1
GRPO43,HISTORICAL_FINAL256_OBSERVED,requires_mul_or_div,6,1
GRPO43,HISTORICAL_FINAL256_OBSERVED,requires_mul_or_div,7,2
GRPO43,HISTORICAL_FINAL256_OBSERVED,requires_mul_or_div,8,1
GRPO43,HISTORICAL_FINAL256_OBSERVED,requires_mul_or_div,9,1
GRPO43,HISTORICAL_FINAL256_OBSERVED,requires_mul_or_div,10,1
GRPO43,HISTORICAL_FINAL256_OBSERVED,requires_mul_or_div,11,0
GRPO43,HISTORICAL_FINAL256_OBSERVED,requires_mul_or_div,12,2
GRPO43,HISTORICAL_FINAL256_OBSERVED,requires_mul_or_div,13,1
GRPO43,HISTORICAL_FINAL256_OBSERVED,requires_mul_or_div,14,1
GRPO43,HISTORICAL_FINAL256_OBSERVED,requires_mul_or_div,15,1
GRPO43,HISTORICAL_FINAL256_OBSERVED,requires_mul_or_div,16,0
GRPO43,HISTORICAL_FINAL256_OBSERVED,requires_mul_or_div,17,1
GRPO43,HISTORICAL_FINAL256_OBSERVED,requires_mul_or_div,18,0
GRPO43,HISTORICAL_FINAL256_OBSERVED,requires_mul_or_div,19,1
GRPO43,HISTORICAL_FINAL256_OBSERVED,requires_mul_or_div,20,0
GRPO43,HISTORICAL_FINAL256_OBSERVED,requires_mul_or_div,21,1
GRPO43,HISTORICAL_FINAL256_OBSERVED,requires_mul_or_div,22,1
GRPO43,HISTORICAL_FINAL256_OBSERVED,requires_mul_or_div,23,0
GRPO43,HISTORICAL_FINAL256_OBSERVED,requires_mul_or_div,24,1
GRPO43,HISTORICAL_FINAL256_OBSERVED,requires_mul_or_div,25,1
GRPO43,HISTORICAL_FINAL256_OBSERVED,requires_mul_or_div,26,0
GRPO43,HISTORICAL_FINAL256_OBSERVED,requires_mul_or_div,27,0
GRPO43,HISTORICAL_FINAL256_OBSERVED,requires_mul_or_div,28,2
GRPO43,HISTORICAL_FINAL256_OBSERVED,requires_mul_or_div,29,1
GRPO43,HISTORICAL_FINAL256_OBSERVED,requires_mul_or_div,30,0
GRPO43,HISTORICAL_FINAL256_OBSERVED,requires_mul_or_div,31,1
GRPO43,HISTORICAL_FINAL256_OBSERVED,requires_mul_or_div,32,1
PPO17,CONFIRM128_RESERVED,add_sub_solvable,0,6
PPO17,CONFIRM128_RESERVED,add_sub_solvable,1,5
PPO17,CONFIRM128_RESERVED,add_sub_solvable,2,3
PPO17,CONFIRM128_RESERVED,add_sub_solvable,3,1
PPO17,CONFIRM128_RESERVED,add_sub_solvable,4,2
PPO17,CONFIRM128_RESERVED,add_sub_solvable,5,1
PPO17,CONFIRM128_RESERVED,add_sub_solvable,6,1
PPO17,CONFIRM128_RESERVED,add_sub_solvable,7,1
PPO17,CONFIRM128_RESERVED,add_sub_solvable,8,0
PPO17,CONFIRM128_RESERVED,add_sub_solvable,9,1
PPO17,CONFIRM128_RESERVED,add_sub_solvable,10,0
PPO17,CONFIRM128_RESERVED,add_sub_solvable,11,1
PPO17,CONFIRM128_RESERVED,add_sub_solvable,12,0
PPO17,CONFIRM128_RESERVED,add_sub_solvable,13,2
PPO17,CONFIRM128_RESERVED,add_sub_solvable,14,1
PPO17,CONFIRM128_RESERVED,add_sub_solvable,15,1
PPO17,CONFIRM128_RESERVED,add_sub_solvable,16,2
PPO17,CONFIRM128_RESERVED,add_sub_solvable,17,0
PPO17,CONFIRM128_RESERVED,add_sub_solvable,18,0
PPO17,CONFIRM128_RESERVED,add_sub_solvable,19,1
PPO17,CONFIRM128_RESERVED,add_sub_solvable,20,1
PPO17,CONFIRM128_RESERVED,add_sub_solvable,21,1
PPO17,CONFIRM128_RESERVED,add_sub_solvable,22,2
PPO17,CONFIRM128_RESERVED,add_sub_solvable,23,2
PPO17,CONFIRM128_RESERVED,add_sub_solvable,24,0
PPO17,CONFIRM128_RESERVED,add_sub_solvable,25,2
PPO17,CONFIRM128_RESERVED,add_sub_solvable,26,5
PPO17,CONFIRM128_RESERVED,add_sub_solvable,27,5
PPO17,CONFIRM128_RESERVED,add_sub_solvable,28,1
PPO17,CONFIRM128_RESERVED,add_sub_solvable,29,4
PPO17,CONFIRM128_RESERVED,add_sub_solvable,30,1
PPO17,CONFIRM128_RESERVED,add_sub_solvable,31,5
PPO17,CONFIRM128_RESERVED,add_sub_solvable,32,6
PPO17,CONFIRM128_RESERVED,all,0,49
PPO17,CONFIRM128_RESERVED,all,1,12
PPO17,CONFIRM128_RESERVED,all,2,7
PPO17,CONFIRM128_RESERVED,all,3,2
PPO17,CONFIRM128_RESERVED,all,4,2
PPO17,CONFIRM128_RESERVED,all,5,1
PPO17,CONFIRM128_RESERVED,all,6,1
PPO17,CONFIRM128_RESERVED,all,7,2
PPO17,CONFIRM128_RESERVED,all,8,0
PPO17,CONFIRM128_RESERVED,all,9,1
PPO17,CONFIRM128_RESERVED,all,10,0
PPO17,CONFIRM128_RESERVED,all,11,1
PPO17,CONFIRM128_RESERVED,all,12,0
PPO17,CONFIRM128_RESERVED,all,13,2
PPO17,CONFIRM128_RESERVED,all,14,2
PPO17,CONFIRM128_RESERVED,all,15,1
PPO17,CONFIRM128_RESERVED,all,16,2
PPO17,CONFIRM128_RESERVED,all,17,1
PPO17,CONFIRM128_RESERVED,all,18,0
PPO17,CONFIRM128_RESERVED,all,19,1
PPO17,CONFIRM128_RESERVED,all,20,1
PPO17,CONFIRM128_RESERVED,all,21,2
PPO17,CONFIRM128_RESERVED,all,22,4
PPO17,CONFIRM128_RESERVED,all,23,3
PPO17,CONFIRM128_RESERVED,all,24,0
PPO17,CONFIRM128_RESERVED,all,25,2
PPO17,CONFIRM128_RESERVED,all,26,5
PPO17,CONFIRM128_RESERVED,all,27,5
PPO17,CONFIRM128_RESERVED,all,28,2
PPO17,CONFIRM128_RESERVED,all,29,4
PPO17,CONFIRM128_RESERVED,all,30,1
PPO17,CONFIRM128_RESERVED,all,31,5
PPO17,CONFIRM128_RESERVED,all,32,7
PPO17,CONFIRM128_RESERVED,requires_mul_or_div,0,43
PPO17,CONFIRM128_RESERVED,requires_mul_or_div,1,7
PPO17,CONFIRM128_RESERVED,requires_mul_or_div,2,4
PPO17,CONFIRM128_RESERVED,requires_mul_or_div,3,1
PPO17,CONFIRM128_RESERVED,requires_mul_or_div,4,0
PPO17,CONFIRM128_RESERVED,requires_mul_or_div,5,0
PPO17,CONFIRM128_RESERVED,requires_mul_or_div,6,0
PPO17,CONFIRM128_RESERVED,requires_mul_or_div,7,1
PPO17,CONFIRM128_RESERVED,requires_mul_or_div,8,0
PPO17,CONFIRM128_RESERVED,requires_mul_or_div,9,0
PPO17,CONFIRM128_RESERVED,requires_mul_or_div,10,0
PPO17,CONFIRM128_RESERVED,requires_mul_or_div,11,0
PPO17,CONFIRM128_RESERVED,requires_mul_or_div,12,0
PPO17,CONFIRM128_RESERVED,requires_mul_or_div,13,0
PPO17,CONFIRM128_RESERVED,requires_mul_or_div,14,1
PPO17,CONFIRM128_RESERVED,requires_mul_or_div,15,0
PPO17,CONFIRM128_RESERVED,requires_mul_or_div,16,0
PPO17,CONFIRM128_RESERVED,requires_mul_or_div,17,1
PPO17,CONFIRM128_RESERVED,requires_mul_or_div,18,0
PPO17,CONFIRM128_RESERVED,requires_mul_or_div,19,0
PPO17,CONFIRM128_RESERVED,requires_mul_or_div,20,0
PPO17,CONFIRM128_RESERVED,requires_mul_or_div,21,1
PPO17,CONFIRM128_RESERVED,requires_mul_or_div,22,2
PPO17,CONFIRM128_RESERVED,requires_mul_or_div,23,1
PPO17,CONFIRM128_RESERVED,requires_mul_or_div,24,0
PPO17,CONFIRM128_RESERVED,requires_mul_or_div,25,0
PPO17,CONFIRM128_RESERVED,requires_mul_or_div,26,0
PPO17,CONFIRM128_RESERVED,requires_mul_or_div,27,0
PPO17,CONFIRM128_RESERVED,requires_mul_or_div,28,1
PPO17,CONFIRM128_RESERVED,requires_mul_or_div,29,0
PPO17,CONFIRM128_RESERVED,requires_mul_or_div,30,0
PPO17,CONFIRM128_RESERVED,requires_mul_or_div,31,0
PPO17,CONFIRM128_RESERVED,requires_mul_or_div,32,1
PPO17,HISTORICAL_FINAL256_OBSERVED,add_sub_solvable,0,6
PPO17,HISTORICAL_FINAL256_OBSERVED,add_sub_solvable,1,4
PPO17,HISTORICAL_FINAL256_OBSERVED,add_sub_solvable,2,3
PPO17,HISTORICAL_FINAL256_OBSERVED,add_sub_solvable,3,4
PPO17,HISTORICAL_FINAL256_OBSERVED,add_sub_solvable,4,3
PPO17,HISTORICAL_FINAL256_OBSERVED,add_sub_solvable,5,3
PPO17,HISTORICAL_FINAL256_OBSERVED,add_sub_solvable,6,3
PPO17,HISTORICAL_FINAL256_OBSERVED,add_sub_solvable,7,3
PPO17,HISTORICAL_FINAL256_OBSERVED,add_sub_solvable,8,0
PPO17,HISTORICAL_FINAL256_OBSERVED,add_sub_solvable,9,3
PPO17,HISTORICAL_FINAL256_OBSERVED,add_sub_solvable,10,5
PPO17,HISTORICAL_FINAL256_OBSERVED,add_sub_solvable,11,4
PPO17,HISTORICAL_FINAL256_OBSERVED,add_sub_solvable,12,2
PPO17,HISTORICAL_FINAL256_OBSERVED,add_sub_solvable,13,2
PPO17,HISTORICAL_FINAL256_OBSERVED,add_sub_solvable,14,1
PPO17,HISTORICAL_FINAL256_OBSERVED,add_sub_solvable,15,1
PPO17,HISTORICAL_FINAL256_OBSERVED,add_sub_solvable,16,1
PPO17,HISTORICAL_FINAL256_OBSERVED,add_sub_solvable,17,1
PPO17,HISTORICAL_FINAL256_OBSERVED,add_sub_solvable,18,1
PPO17,HISTORICAL_FINAL256_OBSERVED,add_sub_solvable,19,5
PPO17,HISTORICAL_FINAL256_OBSERVED,add_sub_solvable,20,6
PPO17,HISTORICAL_FINAL256_OBSERVED,add_sub_solvable,21,1
PPO17,HISTORICAL_FINAL256_OBSERVED,add_sub_solvable,22,0
PPO17,HISTORICAL_FINAL256_OBSERVED,add_sub_solvable,23,4
PPO17,HISTORICAL_FINAL256_OBSERVED,add_sub_solvable,24,2
PPO17,HISTORICAL_FINAL256_OBSERVED,add_sub_solvable,25,3
PPO17,HISTORICAL_FINAL256_OBSERVED,add_sub_solvable,26,9
PPO17,HISTORICAL_FINAL256_OBSERVED,add_sub_solvable,27,9
PPO17,HISTORICAL_FINAL256_OBSERVED,add_sub_solvable,28,10
PPO17,HISTORICAL_FINAL256_OBSERVED,add_sub_solvable,29,7
PPO17,HISTORICAL_FINAL256_OBSERVED,add_sub_solvable,30,5
PPO17,HISTORICAL_FINAL256_OBSERVED,add_sub_solvable,31,9
PPO17,HISTORICAL_FINAL256_OBSERVED,add_sub_solvable,32,8
PPO17,HISTORICAL_FINAL256_OBSERVED,all,0,86
PPO17,HISTORICAL_FINAL256_OBSERVED,all,1,18
PPO17,HISTORICAL_FINAL256_OBSERVED,all,2,10
PPO17,HISTORICAL_FINAL256_OBSERVED,all,3,5
PPO17,HISTORICAL_FINAL256_OBSERVED,all,4,4
PPO17,HISTORICAL_FINAL256_OBSERVED,all,5,4
PPO17,HISTORICAL_FINAL256_OBSERVED,all,6,6
PPO17,HISTORICAL_FINAL256_OBSERVED,all,7,4
PPO17,HISTORICAL_FINAL256_OBSERVED,all,8,1
PPO17,HISTORICAL_FINAL256_OBSERVED,all,9,5
PPO17,HISTORICAL_FINAL256_OBSERVED,all,10,7
PPO17,HISTORICAL_FINAL256_OBSERVED,all,11,4
PPO17,HISTORICAL_FINAL256_OBSERVED,all,12,2
PPO17,HISTORICAL_FINAL256_OBSERVED,all,13,2
PPO17,HISTORICAL_FINAL256_OBSERVED,all,14,1
PPO17,HISTORICAL_FINAL256_OBSERVED,all,15,3
PPO17,HISTORICAL_FINAL256_OBSERVED,all,16,1
PPO17,HISTORICAL_FINAL256_OBSERVED,all,17,2
PPO17,HISTORICAL_FINAL256_OBSERVED,all,18,4
PPO17,HISTORICAL_FINAL256_OBSERVED,all,19,5
PPO17,HISTORICAL_FINAL256_OBSERVED,all,20,6
PPO17,HISTORICAL_FINAL256_OBSERVED,all,21,2
PPO17,HISTORICAL_FINAL256_OBSERVED,all,22,1
PPO17,HISTORICAL_FINAL256_OBSERVED,all,23,5
PPO17,HISTORICAL_FINAL256_OBSERVED,all,24,2
PPO17,HISTORICAL_FINAL256_OBSERVED,all,25,3
PPO17,HISTORICAL_FINAL256_OBSERVED,all,26,10
PPO17,HISTORICAL_FINAL256_OBSERVED,all,27,11
PPO17,HISTORICAL_FINAL256_OBSERVED,all,28,11
PPO17,HISTORICAL_FINAL256_OBSERVED,all,29,7
PPO17,HISTORICAL_FINAL256_OBSERVED,all,30,5
PPO17,HISTORICAL_FINAL256_OBSERVED,all,31,9
PPO17,HISTORICAL_FINAL256_OBSERVED,all,32,10
PPO17,HISTORICAL_FINAL256_OBSERVED,requires_mul_or_div,0,80
PPO17,HISTORICAL_FINAL256_OBSERVED,requires_mul_or_div,1,14
PPO17,HISTORICAL_FINAL256_OBSERVED,requires_mul_or_div,2,7
PPO17,HISTORICAL_FINAL256_OBSERVED,requires_mul_or_div,3,1
PPO17,HISTORICAL_FINAL256_OBSERVED,requires_mul_or_div,4,1
PPO17,HISTORICAL_FINAL256_OBSERVED,requires_mul_or_div,5,1
PPO17,HISTORICAL_FINAL256_OBSERVED,requires_mul_or_div,6,3
PPO17,HISTORICAL_FINAL256_OBSERVED,requires_mul_or_div,7,1
PPO17,HISTORICAL_FINAL256_OBSERVED,requires_mul_or_div,8,1
PPO17,HISTORICAL_FINAL256_OBSERVED,requires_mul_or_div,9,2
PPO17,HISTORICAL_FINAL256_OBSERVED,requires_mul_or_div,10,2
PPO17,HISTORICAL_FINAL256_OBSERVED,requires_mul_or_div,11,0
PPO17,HISTORICAL_FINAL256_OBSERVED,requires_mul_or_div,12,0
PPO17,HISTORICAL_FINAL256_OBSERVED,requires_mul_or_div,13,0
PPO17,HISTORICAL_FINAL256_OBSERVED,requires_mul_or_div,14,0
PPO17,HISTORICAL_FINAL256_OBSERVED,requires_mul_or_div,15,2
PPO17,HISTORICAL_FINAL256_OBSERVED,requires_mul_or_div,16,0
PPO17,HISTORICAL_FINAL256_OBSERVED,requires_mul_or_div,17,1
PPO17,HISTORICAL_FINAL256_OBSERVED,requires_mul_or_div,18,3
PPO17,HISTORICAL_FINAL256_OBSERVED,requires_mul_or_div,19,0
PPO17,HISTORICAL_FINAL256_OBSERVED,requires_mul_or_div,20,0
PPO17,HISTORICAL_FINAL256_OBSERVED,requires_mul_or_div,21,1
PPO17,HISTORICAL_FINAL256_OBSERVED,requires_mul_or_div,22,1
PPO17,HISTORICAL_FINAL256_OBSERVED,requires_mul_or_div,23,1
PPO17,HISTORICAL_FINAL256_OBSERVED,requires_mul_or_div,24,0
PPO17,HISTORICAL_FINAL256_OBSERVED,requires_mul_or_div,25,0
PPO17,HISTORICAL_FINAL256_OBSERVED,requires_mul_or_div,26,1
PPO17,HISTORICAL_FINAL256_OBSERVED,requires_mul_or_div,27,2
PPO17,HISTORICAL_FINAL256_OBSERVED,requires_mul_or_div,28,1
PPO17,HISTORICAL_FINAL256_OBSERVED,requires_mul_or_div,29,0
PPO17,HISTORICAL_FINAL256_OBSERVED,requires_mul_or_div,30,0
PPO17,HISTORICAL_FINAL256_OBSERVED,requires_mul_or_div,31,0
PPO17,HISTORICAL_FINAL256_OBSERVED,requires_mul_or_div,32,2
PPO29,CONFIRM128_RESERVED,add_sub_solvable,0,14
PPO29,CONFIRM128_RESERVED,add_sub_solvable,1,3
PPO29,CONFIRM128_RESERVED,add_sub_solvable,2,0
PPO29,CONFIRM128_RESERVED,add_sub_solvable,3,3
PPO29,CONFIRM128_RESERVED,add_sub_solvable,4,1
PPO29,CONFIRM128_RESERVED,add_sub_solvable,5,1
PPO29,CONFIRM128_RESERVED,add_sub_solvable,6,1
PPO29,CONFIRM128_RESERVED,add_sub_solvable,7,2
PPO29,CONFIRM128_RESERVED,add_sub_solvable,8,1
PPO29,CONFIRM128_RESERVED,add_sub_solvable,9,0
PPO29,CONFIRM128_RESERVED,add_sub_solvable,10,2
PPO29,CONFIRM128_RESERVED,add_sub_solvable,11,0
PPO29,CONFIRM128_RESERVED,add_sub_solvable,12,1
PPO29,CONFIRM128_RESERVED,add_sub_solvable,13,0
PPO29,CONFIRM128_RESERVED,add_sub_solvable,14,0
PPO29,CONFIRM128_RESERVED,add_sub_solvable,15,0
PPO29,CONFIRM128_RESERVED,add_sub_solvable,16,1
PPO29,CONFIRM128_RESERVED,add_sub_solvable,17,0
PPO29,CONFIRM128_RESERVED,add_sub_solvable,18,0
PPO29,CONFIRM128_RESERVED,add_sub_solvable,19,0
PPO29,CONFIRM128_RESERVED,add_sub_solvable,20,3
PPO29,CONFIRM128_RESERVED,add_sub_solvable,21,1
PPO29,CONFIRM128_RESERVED,add_sub_solvable,22,1
PPO29,CONFIRM128_RESERVED,add_sub_solvable,23,1
PPO29,CONFIRM128_RESERVED,add_sub_solvable,24,0
PPO29,CONFIRM128_RESERVED,add_sub_solvable,25,0
PPO29,CONFIRM128_RESERVED,add_sub_solvable,26,1
PPO29,CONFIRM128_RESERVED,add_sub_solvable,27,3
PPO29,CONFIRM128_RESERVED,add_sub_solvable,28,0
PPO29,CONFIRM128_RESERVED,add_sub_solvable,29,0
PPO29,CONFIRM128_RESERVED,add_sub_solvable,30,2
PPO29,CONFIRM128_RESERVED,add_sub_solvable,31,5
PPO29,CONFIRM128_RESERVED,add_sub_solvable,32,17
PPO29,CONFIRM128_RESERVED,all,0,68
PPO29,CONFIRM128_RESERVED,all,1,8
PPO29,CONFIRM128_RESERVED,all,2,0
PPO29,CONFIRM128_RESERVED,all,3,3
PPO29,CONFIRM128_RESERVED,all,4,1
PPO29,CONFIRM128_RESERVED,all,5,1
PPO29,CONFIRM128_RESERVED,all,6,1
PPO29,CONFIRM128_RESERVED,all,7,2
PPO29,CONFIRM128_RESERVED,all,8,1
PPO29,CONFIRM128_RESERVED,all,9,1
PPO29,CONFIRM128_RESERVED,all,10,2
PPO29,CONFIRM128_RESERVED,all,11,0
PPO29,CONFIRM128_RESERVED,all,12,1
PPO29,CONFIRM128_RESERVED,all,13,0
PPO29,CONFIRM128_RESERVED,all,14,0
PPO29,CONFIRM128_RESERVED,all,15,0
PPO29,CONFIRM128_RESERVED,all,16,1
PPO29,CONFIRM128_RESERVED,all,17,0
PPO29,CONFIRM128_RESERVED,all,18,1
PPO29,CONFIRM128_RESERVED,all,19,0
PPO29,CONFIRM128_RESERVED,all,20,3
PPO29,CONFIRM128_RESERVED,all,21,1
PPO29,CONFIRM128_RESERVED,all,22,2
PPO29,CONFIRM128_RESERVED,all,23,1
PPO29,CONFIRM128_RESERVED,all,24,0
PPO29,CONFIRM128_RESERVED,all,25,0
PPO29,CONFIRM128_RESERVED,all,26,1
PPO29,CONFIRM128_RESERVED,all,27,4
PPO29,CONFIRM128_RESERVED,all,28,0
PPO29,CONFIRM128_RESERVED,all,29,1
PPO29,CONFIRM128_RESERVED,all,30,2
PPO29,CONFIRM128_RESERVED,all,31,5
PPO29,CONFIRM128_RESERVED,all,32,17
PPO29,CONFIRM128_RESERVED,requires_mul_or_div,0,54
PPO29,CONFIRM128_RESERVED,requires_mul_or_div,1,5
PPO29,CONFIRM128_RESERVED,requires_mul_or_div,2,0
PPO29,CONFIRM128_RESERVED,requires_mul_or_div,3,0
PPO29,CONFIRM128_RESERVED,requires_mul_or_div,4,0
PPO29,CONFIRM128_RESERVED,requires_mul_or_div,5,0
PPO29,CONFIRM128_RESERVED,requires_mul_or_div,6,0
PPO29,CONFIRM128_RESERVED,requires_mul_or_div,7,0
PPO29,CONFIRM128_RESERVED,requires_mul_or_div,8,0
PPO29,CONFIRM128_RESERVED,requires_mul_or_div,9,1
PPO29,CONFIRM128_RESERVED,requires_mul_or_div,10,0
PPO29,CONFIRM128_RESERVED,requires_mul_or_div,11,0
PPO29,CONFIRM128_RESERVED,requires_mul_or_div,12,0
PPO29,CONFIRM128_RESERVED,requires_mul_or_div,13,0
PPO29,CONFIRM128_RESERVED,requires_mul_or_div,14,0
PPO29,CONFIRM128_RESERVED,requires_mul_or_div,15,0
PPO29,CONFIRM128_RESERVED,requires_mul_or_div,16,0
PPO29,CONFIRM128_RESERVED,requires_mul_or_div,17,0
PPO29,CONFIRM128_RESERVED,requires_mul_or_div,18,1
PPO29,CONFIRM128_RESERVED,requires_mul_or_div,19,0
PPO29,CONFIRM128_RESERVED,requires_mul_or_div,20,0
PPO29,CONFIRM128_RESERVED,requires_mul_or_div,21,0
PPO29,CONFIRM128_RESERVED,requires_mul_or_div,22,1
PPO29,CONFIRM128_RESERVED,requires_mul_or_div,23,0
PPO29,CONFIRM128_RESERVED,requires_mul_or_div,24,0
PPO29,CONFIRM128_RESERVED,requires_mul_or_div,25,0
PPO29,CONFIRM128_RESERVED,requires_mul_or_div,26,0
PPO29,CONFIRM128_RESERVED,requires_mul_or_div,27,1
PPO29,CONFIRM128_RESERVED,requires_mul_or_div,28,0
PPO29,CONFIRM128_RESERVED,requires_mul_or_div,29,1
PPO29,CONFIRM128_RESERVED,requires_mul_or_div,30,0
PPO29,CONFIRM128_RESERVED,requires_mul_or_div,31,0
PPO29,CONFIRM128_RESERVED,requires_mul_or_div,32,0
PPO29,HISTORICAL_FINAL256_OBSERVED,add_sub_solvable,0,20
PPO29,HISTORICAL_FINAL256_OBSERVED,add_sub_solvable,1,6
PPO29,HISTORICAL_FINAL256_OBSERVED,add_sub_solvable,2,4
PPO29,HISTORICAL_FINAL256_OBSERVED,add_sub_solvable,3,4
PPO29,HISTORICAL_FINAL256_OBSERVED,add_sub_solvable,4,4
PPO29,HISTORICAL_FINAL256_OBSERVED,add_sub_solvable,5,2
PPO29,HISTORICAL_FINAL256_OBSERVED,add_sub_solvable,6,2
PPO29,HISTORICAL_FINAL256_OBSERVED,add_sub_solvable,7,2
PPO29,HISTORICAL_FINAL256_OBSERVED,add_sub_solvable,8,3
PPO29,HISTORICAL_FINAL256_OBSERVED,add_sub_solvable,9,0
PPO29,HISTORICAL_FINAL256_OBSERVED,add_sub_solvable,10,4
PPO29,HISTORICAL_FINAL256_OBSERVED,add_sub_solvable,11,1
PPO29,HISTORICAL_FINAL256_OBSERVED,add_sub_solvable,12,0
PPO29,HISTORICAL_FINAL256_OBSERVED,add_sub_solvable,13,2
PPO29,HISTORICAL_FINAL256_OBSERVED,add_sub_solvable,14,1
PPO29,HISTORICAL_FINAL256_OBSERVED,add_sub_solvable,15,1
PPO29,HISTORICAL_FINAL256_OBSERVED,add_sub_solvable,16,3
PPO29,HISTORICAL_FINAL256_OBSERVED,add_sub_solvable,17,0
PPO29,HISTORICAL_FINAL256_OBSERVED,add_sub_solvable,18,0
PPO29,HISTORICAL_FINAL256_OBSERVED,add_sub_solvable,19,3
PPO29,HISTORICAL_FINAL256_OBSERVED,add_sub_solvable,20,1
PPO29,HISTORICAL_FINAL256_OBSERVED,add_sub_solvable,21,1
PPO29,HISTORICAL_FINAL256_OBSERVED,add_sub_solvable,22,1
PPO29,HISTORICAL_FINAL256_OBSERVED,add_sub_solvable,23,0
PPO29,HISTORICAL_FINAL256_OBSERVED,add_sub_solvable,24,2
PPO29,HISTORICAL_FINAL256_OBSERVED,add_sub_solvable,25,2
PPO29,HISTORICAL_FINAL256_OBSERVED,add_sub_solvable,26,2
PPO29,HISTORICAL_FINAL256_OBSERVED,add_sub_solvable,27,4
PPO29,HISTORICAL_FINAL256_OBSERVED,add_sub_solvable,28,2
PPO29,HISTORICAL_FINAL256_OBSERVED,add_sub_solvable,29,2
PPO29,HISTORICAL_FINAL256_OBSERVED,add_sub_solvable,30,8
PPO29,HISTORICAL_FINAL256_OBSERVED,add_sub_solvable,31,12
PPO29,HISTORICAL_FINAL256_OBSERVED,add_sub_solvable,32,29
PPO29,HISTORICAL_FINAL256_OBSERVED,all,0,121
PPO29,HISTORICAL_FINAL256_OBSERVED,all,1,12
PPO29,HISTORICAL_FINAL256_OBSERVED,all,2,6
PPO29,HISTORICAL_FINAL256_OBSERVED,all,3,5
PPO29,HISTORICAL_FINAL256_OBSERVED,all,4,5
PPO29,HISTORICAL_FINAL256_OBSERVED,all,5,4
PPO29,HISTORICAL_FINAL256_OBSERVED,all,6,5
PPO29,HISTORICAL_FINAL256_OBSERVED,all,7,3
PPO29,HISTORICAL_FINAL256_OBSERVED,all,8,3
PPO29,HISTORICAL_FINAL256_OBSERVED,all,9,1
PPO29,HISTORICAL_FINAL256_OBSERVED,all,10,4
PPO29,HISTORICAL_FINAL256_OBSERVED,all,11,2
PPO29,HISTORICAL_FINAL256_OBSERVED,all,12,0
PPO29,HISTORICAL_FINAL256_OBSERVED,all,13,3
PPO29,HISTORICAL_FINAL256_OBSERVED,all,14,1
PPO29,HISTORICAL_FINAL256_OBSERVED,all,15,1
PPO29,HISTORICAL_FINAL256_OBSERVED,all,16,3
PPO29,HISTORICAL_FINAL256_OBSERVED,all,17,0
PPO29,HISTORICAL_FINAL256_OBSERVED,all,18,0
PPO29,HISTORICAL_FINAL256_OBSERVED,all,19,3
PPO29,HISTORICAL_FINAL256_OBSERVED,all,20,2
PPO29,HISTORICAL_FINAL256_OBSERVED,all,21,1
PPO29,HISTORICAL_FINAL256_OBSERVED,all,22,1
PPO29,HISTORICAL_FINAL256_OBSERVED,all,23,0
PPO29,HISTORICAL_FINAL256_OBSERVED,all,24,2
PPO29,HISTORICAL_FINAL256_OBSERVED,all,25,4
PPO29,HISTORICAL_FINAL256_OBSERVED,all,26,2
PPO29,HISTORICAL_FINAL256_OBSERVED,all,27,4
PPO29,HISTORICAL_FINAL256_OBSERVED,all,28,3
PPO29,HISTORICAL_FINAL256_OBSERVED,all,29,3
PPO29,HISTORICAL_FINAL256_OBSERVED,all,30,9
PPO29,HISTORICAL_FINAL256_OBSERVED,all,31,12
PPO29,HISTORICAL_FINAL256_OBSERVED,all,32,31
PPO29,HISTORICAL_FINAL256_OBSERVED,requires_mul_or_div,0,101
PPO29,HISTORICAL_FINAL256_OBSERVED,requires_mul_or_div,1,6
PPO29,HISTORICAL_FINAL256_OBSERVED,requires_mul_or_div,2,2
PPO29,HISTORICAL_FINAL256_OBSERVED,requires_mul_or_div,3,1
PPO29,HISTORICAL_FINAL256_OBSERVED,requires_mul_or_div,4,1
PPO29,HISTORICAL_FINAL256_OBSERVED,requires_mul_or_div,5,2
PPO29,HISTORICAL_FINAL256_OBSERVED,requires_mul_or_div,6,3
PPO29,HISTORICAL_FINAL256_OBSERVED,requires_mul_or_div,7,1
PPO29,HISTORICAL_FINAL256_OBSERVED,requires_mul_or_div,8,0
PPO29,HISTORICAL_FINAL256_OBSERVED,requires_mul_or_div,9,1
PPO29,HISTORICAL_FINAL256_OBSERVED,requires_mul_or_div,10,0
PPO29,HISTORICAL_FINAL256_OBSERVED,requires_mul_or_div,11,1
PPO29,HISTORICAL_FINAL256_OBSERVED,requires_mul_or_div,12,0
PPO29,HISTORICAL_FINAL256_OBSERVED,requires_mul_or_div,13,1
PPO29,HISTORICAL_FINAL256_OBSERVED,requires_mul_or_div,14,0
PPO29,HISTORICAL_FINAL256_OBSERVED,requires_mul_or_div,15,0
PPO29,HISTORICAL_FINAL256_OBSERVED,requires_mul_or_div,16,0
PPO29,HISTORICAL_FINAL256_OBSERVED,requires_mul_or_div,17,0
PPO29,HISTORICAL_FINAL256_OBSERVED,requires_mul_or_div,18,0
PPO29,HISTORICAL_FINAL256_OBSERVED,requires_mul_or_div,19,0
PPO29,HISTORICAL_FINAL256_OBSERVED,requires_mul_or_div,20,1
PPO29,HISTORICAL_FINAL256_OBSERVED,requires_mul_or_div,21,0
PPO29,HISTORICAL_FINAL256_OBSERVED,requires_mul_or_div,22,0
PPO29,HISTORICAL_FINAL256_OBSERVED,requires_mul_or_div,23,0
PPO29,HISTORICAL_FINAL256_OBSERVED,requires_mul_or_div,24,0
PPO29,HISTORICAL_FINAL256_OBSERVED,requires_mul_or_div,25,2
PPO29,HISTORICAL_FINAL256_OBSERVED,requires_mul_or_div,26,0
PPO29,HISTORICAL_FINAL256_OBSERVED,requires_mul_or_div,27,0
PPO29,HISTORICAL_FINAL256_OBSERVED,requires_mul_or_div,28,1
PPO29,HISTORICAL_FINAL256_OBSERVED,requires_mul_or_div,29,1
PPO29,HISTORICAL_FINAL256_OBSERVED,requires_mul_or_div,30,1
PPO29,HISTORICAL_FINAL256_OBSERVED,requires_mul_or_div,31,0
PPO29,HISTORICAL_FINAL256_OBSERVED,requires_mul_or_div,32,2
PPO43,CONFIRM128_RESERVED,add_sub_solvable,0,10
PPO43,CONFIRM128_RESERVED,add_sub_solvable,1,5
PPO43,CONFIRM128_RESERVED,add_sub_solvable,2,3
PPO43,CONFIRM128_RESERVED,add_sub_solvable,3,2
PPO43,CONFIRM128_RESERVED,add_sub_solvable,4,0
PPO43,CONFIRM128_RESERVED,add_sub_solvable,5,1
PPO43,CONFIRM128_RESERVED,add_sub_solvable,6,0
PPO43,CONFIRM128_RESERVED,add_sub_solvable,7,0
PPO43,CONFIRM128_RESERVED,add_sub_solvable,8,0
PPO43,CONFIRM128_RESERVED,add_sub_solvable,9,2
PPO43,CONFIRM128_RESERVED,add_sub_solvable,10,0
PPO43,CONFIRM128_RESERVED,add_sub_solvable,11,1
PPO43,CONFIRM128_RESERVED,add_sub_solvable,12,0
PPO43,CONFIRM128_RESERVED,add_sub_solvable,13,0
PPO43,CONFIRM128_RESERVED,add_sub_solvable,14,0
PPO43,CONFIRM128_RESERVED,add_sub_solvable,15,2
PPO43,CONFIRM128_RESERVED,add_sub_solvable,16,0
PPO43,CONFIRM128_RESERVED,add_sub_solvable,17,0
PPO43,CONFIRM128_RESERVED,add_sub_solvable,18,1
PPO43,CONFIRM128_RESERVED,add_sub_solvable,19,0
PPO43,CONFIRM128_RESERVED,add_sub_solvable,20,0
PPO43,CONFIRM128_RESERVED,add_sub_solvable,21,2
PPO43,CONFIRM128_RESERVED,add_sub_solvable,22,0
PPO43,CONFIRM128_RESERVED,add_sub_solvable,23,0
PPO43,CONFIRM128_RESERVED,add_sub_solvable,24,0
PPO43,CONFIRM128_RESERVED,add_sub_solvable,25,5
PPO43,CONFIRM128_RESERVED,add_sub_solvable,26,2
PPO43,CONFIRM128_RESERVED,add_sub_solvable,27,2
PPO43,CONFIRM128_RESERVED,add_sub_solvable,28,2
PPO43,CONFIRM128_RESERVED,add_sub_solvable,29,1
PPO43,CONFIRM128_RESERVED,add_sub_solvable,30,4
PPO43,CONFIRM128_RESERVED,add_sub_solvable,31,4
PPO43,CONFIRM128_RESERVED,add_sub_solvable,32,15
PPO43,CONFIRM128_RESERVED,all,0,56
PPO43,CONFIRM128_RESERVED,all,1,9
PPO43,CONFIRM128_RESERVED,all,2,5
PPO43,CONFIRM128_RESERVED,all,3,4
PPO43,CONFIRM128_RESERVED,all,4,5
PPO43,CONFIRM128_RESERVED,all,5,1
PPO43,CONFIRM128_RESERVED,all,6,1
PPO43,CONFIRM128_RESERVED,all,7,0
PPO43,CONFIRM128_RESERVED,all,8,1
PPO43,CONFIRM128_RESERVED,all,9,2
PPO43,CONFIRM128_RESERVED,all,10,1
PPO43,CONFIRM128_RESERVED,all,11,1
PPO43,CONFIRM128_RESERVED,all,12,0
PPO43,CONFIRM128_RESERVED,all,13,0
PPO43,CONFIRM128_RESERVED,all,14,0
PPO43,CONFIRM128_RESERVED,all,15,2
PPO43,CONFIRM128_RESERVED,all,16,0
PPO43,CONFIRM128_RESERVED,all,17,0
PPO43,CONFIRM128_RESERVED,all,18,2
PPO43,CONFIRM128_RESERVED,all,19,0
PPO43,CONFIRM128_RESERVED,all,20,0
PPO43,CONFIRM128_RESERVED,all,21,3
PPO43,CONFIRM128_RESERVED,all,22,0
PPO43,CONFIRM128_RESERVED,all,23,0
PPO43,CONFIRM128_RESERVED,all,24,0
PPO43,CONFIRM128_RESERVED,all,25,5
PPO43,CONFIRM128_RESERVED,all,26,2
PPO43,CONFIRM128_RESERVED,all,27,2
PPO43,CONFIRM128_RESERVED,all,28,2
PPO43,CONFIRM128_RESERVED,all,29,1
PPO43,CONFIRM128_RESERVED,all,30,4
PPO43,CONFIRM128_RESERVED,all,31,4
PPO43,CONFIRM128_RESERVED,all,32,15
PPO43,CONFIRM128_RESERVED,requires_mul_or_div,0,46
PPO43,CONFIRM128_RESERVED,requires_mul_or_div,1,4
PPO43,CONFIRM128_RESERVED,requires_mul_or_div,2,2
PPO43,CONFIRM128_RESERVED,requires_mul_or_div,3,2
PPO43,CONFIRM128_RESERVED,requires_mul_or_div,4,5
PPO43,CONFIRM128_RESERVED,requires_mul_or_div,5,0
PPO43,CONFIRM128_RESERVED,requires_mul_or_div,6,1
PPO43,CONFIRM128_RESERVED,requires_mul_or_div,7,0
PPO43,CONFIRM128_RESERVED,requires_mul_or_div,8,1
PPO43,CONFIRM128_RESERVED,requires_mul_or_div,9,0
PPO43,CONFIRM128_RESERVED,requires_mul_or_div,10,1
PPO43,CONFIRM128_RESERVED,requires_mul_or_div,11,0
PPO43,CONFIRM128_RESERVED,requires_mul_or_div,12,0
PPO43,CONFIRM128_RESERVED,requires_mul_or_div,13,0
PPO43,CONFIRM128_RESERVED,requires_mul_or_div,14,0
PPO43,CONFIRM128_RESERVED,requires_mul_or_div,15,0
PPO43,CONFIRM128_RESERVED,requires_mul_or_div,16,0
PPO43,CONFIRM128_RESERVED,requires_mul_or_div,17,0
PPO43,CONFIRM128_RESERVED,requires_mul_or_div,18,1
PPO43,CONFIRM128_RESERVED,requires_mul_or_div,19,0
PPO43,CONFIRM128_RESERVED,requires_mul_or_div,20,0
PPO43,CONFIRM128_RESERVED,requires_mul_or_div,21,1
PPO43,CONFIRM128_RESERVED,requires_mul_or_div,22,0
PPO43,CONFIRM128_RESERVED,requires_mul_or_div,23,0
PPO43,CONFIRM128_RESERVED,requires_mul_or_div,24,0
PPO43,CONFIRM128_RESERVED,requires_mul_or_div,25,0
PPO43,CONFIRM128_RESERVED,requires_mul_or_div,26,0
PPO43,CONFIRM128_RESERVED,requires_mul_or_div,27,0
PPO43,CONFIRM128_RESERVED,requires_mul_or_div,28,0
PPO43,CONFIRM128_RESERVED,requires_mul_or_div,29,0
PPO43,CONFIRM128_RESERVED,requires_mul_or_div,30,0
PPO43,CONFIRM128_RESERVED,requires_mul_or_div,31,0
PPO43,CONFIRM128_RESERVED,requires_mul_or_div,32,0
PPO43,HISTORICAL_FINAL256_OBSERVED,add_sub_solvable,0,25
PPO43,HISTORICAL_FINAL256_OBSERVED,add_sub_solvable,1,9
PPO43,HISTORICAL_FINAL256_OBSERVED,add_sub_solvable,2,2
PPO43,HISTORICAL_FINAL256_OBSERVED,add_sub_solvable,3,2
PPO43,HISTORICAL_FINAL256_OBSERVED,add_sub_solvable,4,3
PPO43,HISTORICAL_FINAL256_OBSERVED,add_sub_solvable,5,0
PPO43,HISTORICAL_FINAL256_OBSERVED,add_sub_solvable,6,0
PPO43,HISTORICAL_FINAL256_OBSERVED,add_sub_solvable,7,3
PPO43,HISTORICAL_FINAL256_OBSERVED,add_sub_solvable,8,0
PPO43,HISTORICAL_FINAL256_OBSERVED,add_sub_solvable,9,2
PPO43,HISTORICAL_FINAL256_OBSERVED,add_sub_solvable,10,1
PPO43,HISTORICAL_FINAL256_OBSERVED,add_sub_solvable,11,2
PPO43,HISTORICAL_FINAL256_OBSERVED,add_sub_solvable,12,0
PPO43,HISTORICAL_FINAL256_OBSERVED,add_sub_solvable,13,1
PPO43,HISTORICAL_FINAL256_OBSERVED,add_sub_solvable,14,2
PPO43,HISTORICAL_FINAL256_OBSERVED,add_sub_solvable,15,0
PPO43,HISTORICAL_FINAL256_OBSERVED,add_sub_solvable,16,3
PPO43,HISTORICAL_FINAL256_OBSERVED,add_sub_solvable,17,0
PPO43,HISTORICAL_FINAL256_OBSERVED,add_sub_solvable,18,1
PPO43,HISTORICAL_FINAL256_OBSERVED,add_sub_solvable,19,0
PPO43,HISTORICAL_FINAL256_OBSERVED,add_sub_solvable,20,0
PPO43,HISTORICAL_FINAL256_OBSERVED,add_sub_solvable,21,2
PPO43,HISTORICAL_FINAL256_OBSERVED,add_sub_solvable,22,2
PPO43,HISTORICAL_FINAL256_OBSERVED,add_sub_solvable,23,2
PPO43,HISTORICAL_FINAL256_OBSERVED,add_sub_solvable,24,1
PPO43,HISTORICAL_FINAL256_OBSERVED,add_sub_solvable,25,0
PPO43,HISTORICAL_FINAL256_OBSERVED,add_sub_solvable,26,5
PPO43,HISTORICAL_FINAL256_OBSERVED,add_sub_solvable,27,1
PPO43,HISTORICAL_FINAL256_OBSERVED,add_sub_solvable,28,9
PPO43,HISTORICAL_FINAL256_OBSERVED,add_sub_solvable,29,4
PPO43,HISTORICAL_FINAL256_OBSERVED,add_sub_solvable,30,6
PPO43,HISTORICAL_FINAL256_OBSERVED,add_sub_solvable,31,10
PPO43,HISTORICAL_FINAL256_OBSERVED,add_sub_solvable,32,30
PPO43,HISTORICAL_FINAL256_OBSERVED,all,0,121
PPO43,HISTORICAL_FINAL256_OBSERVED,all,1,20
PPO43,HISTORICAL_FINAL256_OBSERVED,all,2,8
PPO43,HISTORICAL_FINAL256_OBSERVED,all,3,6
PPO43,HISTORICAL_FINAL256_OBSERVED,all,4,6
PPO43,HISTORICAL_FINAL256_OBSERVED,all,5,1
PPO43,HISTORICAL_FINAL256_OBSERVED,all,6,0
PPO43,HISTORICAL_FINAL256_OBSERVED,all,7,4
PPO43,HISTORICAL_FINAL256_OBSERVED,all,8,1
PPO43,HISTORICAL_FINAL256_OBSERVED,all,9,2
PPO43,HISTORICAL_FINAL256_OBSERVED,all,10,2
PPO43,HISTORICAL_FINAL256_OBSERVED,all,11,3
PPO43,HISTORICAL_FINAL256_OBSERVED,all,12,1
PPO43,HISTORICAL_FINAL256_OBSERVED,all,13,1
PPO43,HISTORICAL_FINAL256_OBSERVED,all,14,2
PPO43,HISTORICAL_FINAL256_OBSERVED,all,15,1
PPO43,HISTORICAL_FINAL256_OBSERVED,all,16,3
PPO43,HISTORICAL_FINAL256_OBSERVED,all,17,0
PPO43,HISTORICAL_FINAL256_OBSERVED,all,18,1
PPO43,HISTORICAL_FINAL256_OBSERVED,all,19,0
PPO43,HISTORICAL_FINAL256_OBSERVED,all,20,0
PPO43,HISTORICAL_FINAL256_OBSERVED,all,21,2
PPO43,HISTORICAL_FINAL256_OBSERVED,all,22,2
PPO43,HISTORICAL_FINAL256_OBSERVED,all,23,2
PPO43,HISTORICAL_FINAL256_OBSERVED,all,24,1
PPO43,HISTORICAL_FINAL256_OBSERVED,all,25,0
PPO43,HISTORICAL_FINAL256_OBSERVED,all,26,5
PPO43,HISTORICAL_FINAL256_OBSERVED,all,27,1
PPO43,HISTORICAL_FINAL256_OBSERVED,all,28,9
PPO43,HISTORICAL_FINAL256_OBSERVED,all,29,5
PPO43,HISTORICAL_FINAL256_OBSERVED,all,30,6
PPO43,HISTORICAL_FINAL256_OBSERVED,all,31,10
PPO43,HISTORICAL_FINAL256_OBSERVED,all,32,30
PPO43,HISTORICAL_FINAL256_OBSERVED,requires_mul_or_div,0,96
PPO43,HISTORICAL_FINAL256_OBSERVED,requires_mul_or_div,1,11
PPO43,HISTORICAL_FINAL256_OBSERVED,requires_mul_or_div,2,6
PPO43,HISTORICAL_FINAL256_OBSERVED,requires_mul_or_div,3,4
PPO43,HISTORICAL_FINAL256_OBSERVED,requires_mul_or_div,4,3
PPO43,HISTORICAL_FINAL256_OBSERVED,requires_mul_or_div,5,1
PPO43,HISTORICAL_FINAL256_OBSERVED,requires_mul_or_div,6,0
PPO43,HISTORICAL_FINAL256_OBSERVED,requires_mul_or_div,7,1
PPO43,HISTORICAL_FINAL256_OBSERVED,requires_mul_or_div,8,1
PPO43,HISTORICAL_FINAL256_OBSERVED,requires_mul_or_div,9,0
PPO43,HISTORICAL_FINAL256_OBSERVED,requires_mul_or_div,10,1
PPO43,HISTORICAL_FINAL256_OBSERVED,requires_mul_or_div,11,1
PPO43,HISTORICAL_FINAL256_OBSERVED,requires_mul_or_div,12,1
PPO43,HISTORICAL_FINAL256_OBSERVED,requires_mul_or_div,13,0
PPO43,HISTORICAL_FINAL256_OBSERVED,requires_mul_or_div,14,0
PPO43,HISTORICAL_FINAL256_OBSERVED,requires_mul_or_div,15,1
PPO43,HISTORICAL_FINAL256_OBSERVED,requires_mul_or_div,16,0
PPO43,HISTORICAL_FINAL256_OBSERVED,requires_mul_or_div,17,0
PPO43,HISTORICAL_FINAL256_OBSERVED,requires_mul_or_div,18,0
PPO43,HISTORICAL_FINAL256_OBSERVED,requires_mul_or_div,19,0
PPO43,HISTORICAL_FINAL256_OBSERVED,requires_mul_or_div,20,0
PPO43,HISTORICAL_FINAL256_OBSERVED,requires_mul_or_div,21,0
PPO43,HISTORICAL_FINAL256_OBSERVED,requires_mul_or_div,22,0
PPO43,HISTORICAL_FINAL256_OBSERVED,requires_mul_or_div,23,0
PPO43,HISTORICAL_FINAL256_OBSERVED,requires_mul_or_div,24,0
PPO43,HISTORICAL_FINAL256_OBSERVED,requires_mul_or_div,25,0
PPO43,HISTORICAL_FINAL256_OBSERVED,requires_mul_or_div,26,0
PPO43,HISTORICAL_FINAL256_OBSERVED,requires_mul_or_div,27,0
PPO43,HISTORICAL_FINAL256_OBSERVED,requires_mul_or_div,28,0
PPO43,HISTORICAL_FINAL256_OBSERVED,requires_mul_or_div,29,1
PPO43,HISTORICAL_FINAL256_OBSERVED,requires_mul_or_div,30,0
PPO43,HISTORICAL_FINAL256_OBSERVED,requires_mul_or_div,31,0
PPO43,HISTORICAL_FINAL256_OBSERVED,requires_mul_or_div,32,0
PPO_ZERO17,CONFIRM128_RESERVED,add_sub_solvable,0,9
PPO_ZERO17,CONFIRM128_RESERVED,add_sub_solvable,1,4
PPO_ZERO17,CONFIRM128_RESERVED,add_sub_solvable,2,0
PPO_ZERO17,CONFIRM128_RESERVED,add_sub_solvable,3,1
PPO_ZERO17,CONFIRM128_RESERVED,add_sub_solvable,4,2
PPO_ZERO17,CONFIRM128_RESERVED,add_sub_solvable,5,0
PPO_ZERO17,CONFIRM128_RESERVED,add_sub_solvable,6,0
PPO_ZERO17,CONFIRM128_RESERVED,add_sub_solvable,7,0
PPO_ZERO17,CONFIRM128_RESERVED,add_sub_solvable,8,0
PPO_ZERO17,CONFIRM128_RESERVED,add_sub_solvable,9,1
PPO_ZERO17,CONFIRM128_RESERVED,add_sub_solvable,10,3
PPO_ZERO17,CONFIRM128_RESERVED,add_sub_solvable,11,0
PPO_ZERO17,CONFIRM128_RESERVED,add_sub_solvable,12,2
PPO_ZERO17,CONFIRM128_RESERVED,add_sub_solvable,13,2
PPO_ZERO17,CONFIRM128_RESERVED,add_sub_solvable,14,0
PPO_ZERO17,CONFIRM128_RESERVED,add_sub_solvable,15,0
PPO_ZERO17,CONFIRM128_RESERVED,add_sub_solvable,16,1
PPO_ZERO17,CONFIRM128_RESERVED,add_sub_solvable,17,1
PPO_ZERO17,CONFIRM128_RESERVED,add_sub_solvable,18,1
PPO_ZERO17,CONFIRM128_RESERVED,add_sub_solvable,19,1
PPO_ZERO17,CONFIRM128_RESERVED,add_sub_solvable,20,4
PPO_ZERO17,CONFIRM128_RESERVED,add_sub_solvable,21,2
PPO_ZERO17,CONFIRM128_RESERVED,add_sub_solvable,22,2
PPO_ZERO17,CONFIRM128_RESERVED,add_sub_solvable,23,1
PPO_ZERO17,CONFIRM128_RESERVED,add_sub_solvable,24,1
PPO_ZERO17,CONFIRM128_RESERVED,add_sub_solvable,25,0
PPO_ZERO17,CONFIRM128_RESERVED,add_sub_solvable,26,2
PPO_ZERO17,CONFIRM128_RESERVED,add_sub_solvable,27,7
PPO_ZERO17,CONFIRM128_RESERVED,add_sub_solvable,28,2
PPO_ZERO17,CONFIRM128_RESERVED,add_sub_solvable,29,0
PPO_ZERO17,CONFIRM128_RESERVED,add_sub_solvable,30,4
PPO_ZERO17,CONFIRM128_RESERVED,add_sub_solvable,31,5
PPO_ZERO17,CONFIRM128_RESERVED,add_sub_solvable,32,6
PPO_ZERO17,CONFIRM128_RESERVED,all,0,52
PPO_ZERO17,CONFIRM128_RESERVED,all,1,10
PPO_ZERO17,CONFIRM128_RESERVED,all,2,0
PPO_ZERO17,CONFIRM128_RESERVED,all,3,2
PPO_ZERO17,CONFIRM128_RESERVED,all,4,2
PPO_ZERO17,CONFIRM128_RESERVED,all,5,0
PPO_ZERO17,CONFIRM128_RESERVED,all,6,1
PPO_ZERO17,CONFIRM128_RESERVED,all,7,3
PPO_ZERO17,CONFIRM128_RESERVED,all,8,0
PPO_ZERO17,CONFIRM128_RESERVED,all,9,1
PPO_ZERO17,CONFIRM128_RESERVED,all,10,4
PPO_ZERO17,CONFIRM128_RESERVED,all,11,0
PPO_ZERO17,CONFIRM128_RESERVED,all,12,2
PPO_ZERO17,CONFIRM128_RESERVED,all,13,2
PPO_ZERO17,CONFIRM128_RESERVED,all,14,1
PPO_ZERO17,CONFIRM128_RESERVED,all,15,0
PPO_ZERO17,CONFIRM128_RESERVED,all,16,2
PPO_ZERO17,CONFIRM128_RESERVED,all,17,2
PPO_ZERO17,CONFIRM128_RESERVED,all,18,2
PPO_ZERO17,CONFIRM128_RESERVED,all,19,1
PPO_ZERO17,CONFIRM128_RESERVED,all,20,5
PPO_ZERO17,CONFIRM128_RESERVED,all,21,2
PPO_ZERO17,CONFIRM128_RESERVED,all,22,2
PPO_ZERO17,CONFIRM128_RESERVED,all,23,1
PPO_ZERO17,CONFIRM128_RESERVED,all,24,1
PPO_ZERO17,CONFIRM128_RESERVED,all,25,0
PPO_ZERO17,CONFIRM128_RESERVED,all,26,2
PPO_ZERO17,CONFIRM128_RESERVED,all,27,7
PPO_ZERO17,CONFIRM128_RESERVED,all,28,4
PPO_ZERO17,CONFIRM128_RESERVED,all,29,2
PPO_ZERO17,CONFIRM128_RESERVED,all,30,4
PPO_ZERO17,CONFIRM128_RESERVED,all,31,5
PPO_ZERO17,CONFIRM128_RESERVED,all,32,6
PPO_ZERO17,CONFIRM128_RESERVED,requires_mul_or_div,0,43
PPO_ZERO17,CONFIRM128_RESERVED,requires_mul_or_div,1,6
PPO_ZERO17,CONFIRM128_RESERVED,requires_mul_or_div,2,0
PPO_ZERO17,CONFIRM128_RESERVED,requires_mul_or_div,3,1
PPO_ZERO17,CONFIRM128_RESERVED,requires_mul_or_div,4,0
PPO_ZERO17,CONFIRM128_RESERVED,requires_mul_or_div,5,0
PPO_ZERO17,CONFIRM128_RESERVED,requires_mul_or_div,6,1
PPO_ZERO17,CONFIRM128_RESERVED,requires_mul_or_div,7,3
PPO_ZERO17,CONFIRM128_RESERVED,requires_mul_or_div,8,0
PPO_ZERO17,CONFIRM128_RESERVED,requires_mul_or_div,9,0
PPO_ZERO17,CONFIRM128_RESERVED,requires_mul_or_div,10,1
PPO_ZERO17,CONFIRM128_RESERVED,requires_mul_or_div,11,0
PPO_ZERO17,CONFIRM128_RESERVED,requires_mul_or_div,12,0
PPO_ZERO17,CONFIRM128_RESERVED,requires_mul_or_div,13,0
PPO_ZERO17,CONFIRM128_RESERVED,requires_mul_or_div,14,1
PPO_ZERO17,CONFIRM128_RESERVED,requires_mul_or_div,15,0
PPO_ZERO17,CONFIRM128_RESERVED,requires_mul_or_div,16,1
PPO_ZERO17,CONFIRM128_RESERVED,requires_mul_or_div,17,1
PPO_ZERO17,CONFIRM128_RESERVED,requires_mul_or_div,18,1
PPO_ZERO17,CONFIRM128_RESERVED,requires_mul_or_div,19,0
PPO_ZERO17,CONFIRM128_RESERVED,requires_mul_or_div,20,1
PPO_ZERO17,CONFIRM128_RESERVED,requires_mul_or_div,21,0
PPO_ZERO17,CONFIRM128_RESERVED,requires_mul_or_div,22,0
PPO_ZERO17,CONFIRM128_RESERVED,requires_mul_or_div,23,0
PPO_ZERO17,CONFIRM128_RESERVED,requires_mul_or_div,24,0
PPO_ZERO17,CONFIRM128_RESERVED,requires_mul_or_div,25,0
PPO_ZERO17,CONFIRM128_RESERVED,requires_mul_or_div,26,0
PPO_ZERO17,CONFIRM128_RESERVED,requires_mul_or_div,27,0
PPO_ZERO17,CONFIRM128_RESERVED,requires_mul_or_div,28,2
PPO_ZERO17,CONFIRM128_RESERVED,requires_mul_or_div,29,2
PPO_ZERO17,CONFIRM128_RESERVED,requires_mul_or_div,30,0
PPO_ZERO17,CONFIRM128_RESERVED,requires_mul_or_div,31,0
PPO_ZERO17,CONFIRM128_RESERVED,requires_mul_or_div,32,0
PPO_ZERO17,HISTORICAL_FINAL256_OBSERVED,add_sub_solvable,0,11
PPO_ZERO17,HISTORICAL_FINAL256_OBSERVED,add_sub_solvable,1,5
PPO_ZERO17,HISTORICAL_FINAL256_OBSERVED,add_sub_solvable,2,5
PPO_ZERO17,HISTORICAL_FINAL256_OBSERVED,add_sub_solvable,3,3
PPO_ZERO17,HISTORICAL_FINAL256_OBSERVED,add_sub_solvable,4,2
PPO_ZERO17,HISTORICAL_FINAL256_OBSERVED,add_sub_solvable,5,3
PPO_ZERO17,HISTORICAL_FINAL256_OBSERVED,add_sub_solvable,6,1
PPO_ZERO17,HISTORICAL_FINAL256_OBSERVED,add_sub_solvable,7,1
PPO_ZERO17,HISTORICAL_FINAL256_OBSERVED,add_sub_solvable,8,1
PPO_ZERO17,HISTORICAL_FINAL256_OBSERVED,add_sub_solvable,9,1
PPO_ZERO17,HISTORICAL_FINAL256_OBSERVED,add_sub_solvable,10,3
PPO_ZERO17,HISTORICAL_FINAL256_OBSERVED,add_sub_solvable,11,2
PPO_ZERO17,HISTORICAL_FINAL256_OBSERVED,add_sub_solvable,12,3
PPO_ZERO17,HISTORICAL_FINAL256_OBSERVED,add_sub_solvable,13,1
PPO_ZERO17,HISTORICAL_FINAL256_OBSERVED,add_sub_solvable,14,2
PPO_ZERO17,HISTORICAL_FINAL256_OBSERVED,add_sub_solvable,15,4
PPO_ZERO17,HISTORICAL_FINAL256_OBSERVED,add_sub_solvable,16,1
PPO_ZERO17,HISTORICAL_FINAL256_OBSERVED,add_sub_solvable,17,6
PPO_ZERO17,HISTORICAL_FINAL256_OBSERVED,add_sub_solvable,18,4
PPO_ZERO17,HISTORICAL_FINAL256_OBSERVED,add_sub_solvable,19,2
PPO_ZERO17,HISTORICAL_FINAL256_OBSERVED,add_sub_solvable,20,2
PPO_ZERO17,HISTORICAL_FINAL256_OBSERVED,add_sub_solvable,21,3
PPO_ZERO17,HISTORICAL_FINAL256_OBSERVED,add_sub_solvable,22,2
PPO_ZERO17,HISTORICAL_FINAL256_OBSERVED,add_sub_solvable,23,6
PPO_ZERO17,HISTORICAL_FINAL256_OBSERVED,add_sub_solvable,24,1
PPO_ZERO17,HISTORICAL_FINAL256_OBSERVED,add_sub_solvable,25,4
PPO_ZERO17,HISTORICAL_FINAL256_OBSERVED,add_sub_solvable,26,7
PPO_ZERO17,HISTORICAL_FINAL256_OBSERVED,add_sub_solvable,27,3
PPO_ZERO17,HISTORICAL_FINAL256_OBSERVED,add_sub_solvable,28,8
PPO_ZERO17,HISTORICAL_FINAL256_OBSERVED,add_sub_solvable,29,3
PPO_ZERO17,HISTORICAL_FINAL256_OBSERVED,add_sub_solvable,30,9
PPO_ZERO17,HISTORICAL_FINAL256_OBSERVED,add_sub_solvable,31,9
PPO_ZERO17,HISTORICAL_FINAL256_OBSERVED,add_sub_solvable,32,10
PPO_ZERO17,HISTORICAL_FINAL256_OBSERVED,all,0,90
PPO_ZERO17,HISTORICAL_FINAL256_OBSERVED,all,1,25
PPO_ZERO17,HISTORICAL_FINAL256_OBSERVED,all,2,7
PPO_ZERO17,HISTORICAL_FINAL256_OBSERVED,all,3,3
PPO_ZERO17,HISTORICAL_FINAL256_OBSERVED,all,4,4
PPO_ZERO17,HISTORICAL_FINAL256_OBSERVED,all,5,3
PPO_ZERO17,HISTORICAL_FINAL256_OBSERVED,all,6,2
PPO_ZERO17,HISTORICAL_FINAL256_OBSERVED,all,7,3
PPO_ZERO17,HISTORICAL_FINAL256_OBSERVED,all,8,1
PPO_ZERO17,HISTORICAL_FINAL256_OBSERVED,all,9,3
PPO_ZERO17,HISTORICAL_FINAL256_OBSERVED,all,10,3
PPO_ZERO17,HISTORICAL_FINAL256_OBSERVED,all,11,4
PPO_ZERO17,HISTORICAL_FINAL256_OBSERVED,all,12,4
PPO_ZERO17,HISTORICAL_FINAL256_OBSERVED,all,13,1
PPO_ZERO17,HISTORICAL_FINAL256_OBSERVED,all,14,2
PPO_ZERO17,HISTORICAL_FINAL256_OBSERVED,all,15,5
PPO_ZERO17,HISTORICAL_FINAL256_OBSERVED,all,16,1
PPO_ZERO17,HISTORICAL_FINAL256_OBSERVED,all,17,7
PPO_ZERO17,HISTORICAL_FINAL256_OBSERVED,all,18,7
PPO_ZERO17,HISTORICAL_FINAL256_OBSERVED,all,19,2
PPO_ZERO17,HISTORICAL_FINAL256_OBSERVED,all,20,2
PPO_ZERO17,HISTORICAL_FINAL256_OBSERVED,all,21,5
PPO_ZERO17,HISTORICAL_FINAL256_OBSERVED,all,22,4
PPO_ZERO17,HISTORICAL_FINAL256_OBSERVED,all,23,6
PPO_ZERO17,HISTORICAL_FINAL256_OBSERVED,all,24,3
PPO_ZERO17,HISTORICAL_FINAL256_OBSERVED,all,25,5
PPO_ZERO17,HISTORICAL_FINAL256_OBSERVED,all,26,8
PPO_ZERO17,HISTORICAL_FINAL256_OBSERVED,all,27,5
PPO_ZERO17,HISTORICAL_FINAL256_OBSERVED,all,28,9
PPO_ZERO17,HISTORICAL_FINAL256_OBSERVED,all,29,3
PPO_ZERO17,HISTORICAL_FINAL256_OBSERVED,all,30,9
PPO_ZERO17,HISTORICAL_FINAL256_OBSERVED,all,31,9
PPO_ZERO17,HISTORICAL_FINAL256_OBSERVED,all,32,11
PPO_ZERO17,HISTORICAL_FINAL256_OBSERVED,requires_mul_or_div,0,79
PPO_ZERO17,HISTORICAL_FINAL256_OBSERVED,requires_mul_or_div,1,20
PPO_ZERO17,HISTORICAL_FINAL256_OBSERVED,requires_mul_or_div,2,2
PPO_ZERO17,HISTORICAL_FINAL256_OBSERVED,requires_mul_or_div,3,0
PPO_ZERO17,HISTORICAL_FINAL256_OBSERVED,requires_mul_or_div,4,2
PPO_ZERO17,HISTORICAL_FINAL256_OBSERVED,requires_mul_or_div,5,0
PPO_ZERO17,HISTORICAL_FINAL256_OBSERVED,requires_mul_or_div,6,1
PPO_ZERO17,HISTORICAL_FINAL256_OBSERVED,requires_mul_or_div,7,2
PPO_ZERO17,HISTORICAL_FINAL256_OBSERVED,requires_mul_or_div,8,0
PPO_ZERO17,HISTORICAL_FINAL256_OBSERVED,requires_mul_or_div,9,2
PPO_ZERO17,HISTORICAL_FINAL256_OBSERVED,requires_mul_or_div,10,0
PPO_ZERO17,HISTORICAL_FINAL256_OBSERVED,requires_mul_or_div,11,2
PPO_ZERO17,HISTORICAL_FINAL256_OBSERVED,requires_mul_or_div,12,1
PPO_ZERO17,HISTORICAL_FINAL256_OBSERVED,requires_mul_or_div,13,0
PPO_ZERO17,HISTORICAL_FINAL256_OBSERVED,requires_mul_or_div,14,0
PPO_ZERO17,HISTORICAL_FINAL256_OBSERVED,requires_mul_or_div,15,1
PPO_ZERO17,HISTORICAL_FINAL256_OBSERVED,requires_mul_or_div,16,0
PPO_ZERO17,HISTORICAL_FINAL256_OBSERVED,requires_mul_or_div,17,1
PPO_ZERO17,HISTORICAL_FINAL256_OBSERVED,requires_mul_or_div,18,3
PPO_ZERO17,HISTORICAL_FINAL256_OBSERVED,requires_mul_or_div,19,0
PPO_ZERO17,HISTORICAL_FINAL256_OBSERVED,requires_mul_or_div,20,0
PPO_ZERO17,HISTORICAL_FINAL256_OBSERVED,requires_mul_or_div,21,2
PPO_ZERO17,HISTORICAL_FINAL256_OBSERVED,requires_mul_or_div,22,2
PPO_ZERO17,HISTORICAL_FINAL256_OBSERVED,requires_mul_or_div,23,0
PPO_ZERO17,HISTORICAL_FINAL256_OBSERVED,requires_mul_or_div,24,2
PPO_ZERO17,HISTORICAL_FINAL256_OBSERVED,requires_mul_or_div,25,1
PPO_ZERO17,HISTORICAL_FINAL256_OBSERVED,requires_mul_or_div,26,1
PPO_ZERO17,HISTORICAL_FINAL256_OBSERVED,requires_mul_or_div,27,2
PPO_ZERO17,HISTORICAL_FINAL256_OBSERVED,requires_mul_or_div,28,1
PPO_ZERO17,HISTORICAL_FINAL256_OBSERVED,requires_mul_or_div,29,0
PPO_ZERO17,HISTORICAL_FINAL256_OBSERVED,requires_mul_or_div,30,0
PPO_ZERO17,HISTORICAL_FINAL256_OBSERVED,requires_mul_or_div,31,0
PPO_ZERO17,HISTORICAL_FINAL256_OBSERVED,requires_mul_or_div,32,1
PPO_ZERO29,CONFIRM128_RESERVED,add_sub_solvable,0,3
PPO_ZERO29,CONFIRM128_RESERVED,add_sub_solvable,1,5
PPO_ZERO29,CONFIRM128_RESERVED,add_sub_solvable,2,1
PPO_ZERO29,CONFIRM128_RESERVED,add_sub_solvable,3,2
PPO_ZERO29,CONFIRM128_RESERVED,add_sub_solvable,4,0
PPO_ZERO29,CONFIRM128_RESERVED,add_sub_solvable,5,2
PPO_ZERO29,CONFIRM128_RESERVED,add_sub_solvable,6,1
PPO_ZERO29,CONFIRM128_RESERVED,add_sub_solvable,7,1
PPO_ZERO29,CONFIRM128_RESERVED,add_sub_solvable,8,3
PPO_ZERO29,CONFIRM128_RESERVED,add_sub_solvable,9,1
PPO_ZERO29,CONFIRM128_RESERVED,add_sub_solvable,10,0
PPO_ZERO29,CONFIRM128_RESERVED,add_sub_solvable,11,2
PPO_ZERO29,CONFIRM128_RESERVED,add_sub_solvable,12,0
PPO_ZERO29,CONFIRM128_RESERVED,add_sub_solvable,13,3
PPO_ZERO29,CONFIRM128_RESERVED,add_sub_solvable,14,0
PPO_ZERO29,CONFIRM128_RESERVED,add_sub_solvable,15,0
PPO_ZERO29,CONFIRM128_RESERVED,add_sub_solvable,16,0
PPO_ZERO29,CONFIRM128_RESERVED,add_sub_solvable,17,1
PPO_ZERO29,CONFIRM128_RESERVED,add_sub_solvable,18,2
PPO_ZERO29,CONFIRM128_RESERVED,add_sub_solvable,19,0
PPO_ZERO29,CONFIRM128_RESERVED,add_sub_solvable,20,1
PPO_ZERO29,CONFIRM128_RESERVED,add_sub_solvable,21,0
PPO_ZERO29,CONFIRM128_RESERVED,add_sub_solvable,22,1
PPO_ZERO29,CONFIRM128_RESERVED,add_sub_solvable,23,3
PPO_ZERO29,CONFIRM128_RESERVED,add_sub_solvable,24,2
PPO_ZERO29,CONFIRM128_RESERVED,add_sub_solvable,25,1
PPO_ZERO29,CONFIRM128_RESERVED,add_sub_solvable,26,2
PPO_ZERO29,CONFIRM128_RESERVED,add_sub_solvable,27,1
PPO_ZERO29,CONFIRM128_RESERVED,add_sub_solvable,28,0
PPO_ZERO29,CONFIRM128_RESERVED,add_sub_solvable,29,4
PPO_ZERO29,CONFIRM128_RESERVED,add_sub_solvable,30,3
PPO_ZERO29,CONFIRM128_RESERVED,add_sub_solvable,31,9
PPO_ZERO29,CONFIRM128_RESERVED,add_sub_solvable,32,10
PPO_ZERO29,CONFIRM128_RESERVED,all,0,50
PPO_ZERO29,CONFIRM128_RESERVED,all,1,12
PPO_ZERO29,CONFIRM128_RESERVED,all,2,2
PPO_ZERO29,CONFIRM128_RESERVED,all,3,3
PPO_ZERO29,CONFIRM128_RESERVED,all,4,1
PPO_ZERO29,CONFIRM128_RESERVED,all,5,2
PPO_ZERO29,CONFIRM128_RESERVED,all,6,3
PPO_ZERO29,CONFIRM128_RESERVED,all,7,1
PPO_ZERO29,CONFIRM128_RESERVED,all,8,3
PPO_ZERO29,CONFIRM128_RESERVED,all,9,1
PPO_ZERO29,CONFIRM128_RESERVED,all,10,0
PPO_ZERO29,CONFIRM128_RESERVED,all,11,2
PPO_ZERO29,CONFIRM128_RESERVED,all,12,0
PPO_ZERO29,CONFIRM128_RESERVED,all,13,3
PPO_ZERO29,CONFIRM128_RESERVED,all,14,0
PPO_ZERO29,CONFIRM128_RESERVED,all,15,1
PPO_ZERO29,CONFIRM128_RESERVED,all,16,0
PPO_ZERO29,CONFIRM128_RESERVED,all,17,1
PPO_ZERO29,CONFIRM128_RESERVED,all,18,2
PPO_ZERO29,CONFIRM128_RESERVED,all,19,0
PPO_ZERO29,CONFIRM128_RESERVED,all,20,1
PPO_ZERO29,CONFIRM128_RESERVED,all,21,1
PPO_ZERO29,CONFIRM128_RESERVED,all,22,1
PPO_ZERO29,CONFIRM128_RESERVED,all,23,3
PPO_ZERO29,CONFIRM128_RESERVED,all,24,3
PPO_ZERO29,CONFIRM128_RESERVED,all,25,1
PPO_ZERO29,CONFIRM128_RESERVED,all,26,2
PPO_ZERO29,CONFIRM128_RESERVED,all,27,2
PPO_ZERO29,CONFIRM128_RESERVED,all,28,1
PPO_ZERO29,CONFIRM128_RESERVED,all,29,4
PPO_ZERO29,CONFIRM128_RESERVED,all,30,3
PPO_ZERO29,CONFIRM128_RESERVED,all,31,9
PPO_ZERO29,CONFIRM128_RESERVED,all,32,10
PPO_ZERO29,CONFIRM128_RESERVED,requires_mul_or_div,0,47
PPO_ZERO29,CONFIRM128_RESERVED,requires_mul_or_div,1,7
PPO_ZERO29,CONFIRM128_RESERVED,requires_mul_or_div,2,1
PPO_ZERO29,CONFIRM128_RESERVED,requires_mul_or_div,3,1
PPO_ZERO29,CONFIRM128_RESERVED,requires_mul_or_div,4,1
PPO_ZERO29,CONFIRM128_RESERVED,requires_mul_or_div,5,0
PPO_ZERO29,CONFIRM128_RESERVED,requires_mul_or_div,6,2
PPO_ZERO29,CONFIRM128_RESERVED,requires_mul_or_div,7,0
PPO_ZERO29,CONFIRM128_RESERVED,requires_mul_or_div,8,0
PPO_ZERO29,CONFIRM128_RESERVED,requires_mul_or_div,9,0
PPO_ZERO29,CONFIRM128_RESERVED,requires_mul_or_div,10,0
PPO_ZERO29,CONFIRM128_RESERVED,requires_mul_or_div,11,0
PPO_ZERO29,CONFIRM128_RESERVED,requires_mul_or_div,12,0
PPO_ZERO29,CONFIRM128_RESERVED,requires_mul_or_div,13,0
PPO_ZERO29,CONFIRM128_RESERVED,requires_mul_or_div,14,0
PPO_ZERO29,CONFIRM128_RESERVED,requires_mul_or_div,15,1
PPO_ZERO29,CONFIRM128_RESERVED,requires_mul_or_div,16,0
PPO_ZERO29,CONFIRM128_RESERVED,requires_mul_or_div,17,0
PPO_ZERO29,CONFIRM128_RESERVED,requires_mul_or_div,18,0
PPO_ZERO29,CONFIRM128_RESERVED,requires_mul_or_div,19,0
PPO_ZERO29,CONFIRM128_RESERVED,requires_mul_or_div,20,0
PPO_ZERO29,CONFIRM128_RESERVED,requires_mul_or_div,21,1
PPO_ZERO29,CONFIRM128_RESERVED,requires_mul_or_div,22,0
PPO_ZERO29,CONFIRM128_RESERVED,requires_mul_or_div,23,0
PPO_ZERO29,CONFIRM128_RESERVED,requires_mul_or_div,24,1
PPO_ZERO29,CONFIRM128_RESERVED,requires_mul_or_div,25,0
PPO_ZERO29,CONFIRM128_RESERVED,requires_mul_or_div,26,0
PPO_ZERO29,CONFIRM128_RESERVED,requires_mul_or_div,27,1
PPO_ZERO29,CONFIRM128_RESERVED,requires_mul_or_div,28,1
PPO_ZERO29,CONFIRM128_RESERVED,requires_mul_or_div,29,0
PPO_ZERO29,CONFIRM128_RESERVED,requires_mul_or_div,30,0
PPO_ZERO29,CONFIRM128_RESERVED,requires_mul_or_div,31,0
PPO_ZERO29,CONFIRM128_RESERVED,requires_mul_or_div,32,0
PPO_ZERO29,HISTORICAL_FINAL256_OBSERVED,add_sub_solvable,0,4
PPO_ZERO29,HISTORICAL_FINAL256_OBSERVED,add_sub_solvable,1,5
PPO_ZERO29,HISTORICAL_FINAL256_OBSERVED,add_sub_solvable,2,3
PPO_ZERO29,HISTORICAL_FINAL256_OBSERVED,add_sub_solvable,3,2
PPO_ZERO29,HISTORICAL_FINAL256_OBSERVED,add_sub_solvable,4,3
PPO_ZERO29,HISTORICAL_FINAL256_OBSERVED,add_sub_solvable,5,3
PPO_ZERO29,HISTORICAL_FINAL256_OBSERVED,add_sub_solvable,6,2
PPO_ZERO29,HISTORICAL_FINAL256_OBSERVED,add_sub_solvable,7,2
PPO_ZERO29,HISTORICAL_FINAL256_OBSERVED,add_sub_solvable,8,0
PPO_ZERO29,HISTORICAL_FINAL256_OBSERVED,add_sub_solvable,9,1
PPO_ZERO29,HISTORICAL_FINAL256_OBSERVED,add_sub_solvable,10,2
PPO_ZERO29,HISTORICAL_FINAL256_OBSERVED,add_sub_solvable,11,1
PPO_ZERO29,HISTORICAL_FINAL256_OBSERVED,add_sub_solvable,12,2
PPO_ZERO29,HISTORICAL_FINAL256_OBSERVED,add_sub_solvable,13,2
PPO_ZERO29,HISTORICAL_FINAL256_OBSERVED,add_sub_solvable,14,6
PPO_ZERO29,HISTORICAL_FINAL256_OBSERVED,add_sub_solvable,15,1
PPO_ZERO29,HISTORICAL_FINAL256_OBSERVED,add_sub_solvable,16,3
PPO_ZERO29,HISTORICAL_FINAL256_OBSERVED,add_sub_solvable,17,3
PPO_ZERO29,HISTORICAL_FINAL256_OBSERVED,add_sub_solvable,18,5
PPO_ZERO29,HISTORICAL_FINAL256_OBSERVED,add_sub_solvable,19,3
PPO_ZERO29,HISTORICAL_FINAL256_OBSERVED,add_sub_solvable,20,5
PPO_ZERO29,HISTORICAL_FINAL256_OBSERVED,add_sub_solvable,21,4
PPO_ZERO29,HISTORICAL_FINAL256_OBSERVED,add_sub_solvable,22,3
PPO_ZERO29,HISTORICAL_FINAL256_OBSERVED,add_sub_solvable,23,6
PPO_ZERO29,HISTORICAL_FINAL256_OBSERVED,add_sub_solvable,24,1
PPO_ZERO29,HISTORICAL_FINAL256_OBSERVED,add_sub_solvable,25,1
PPO_ZERO29,HISTORICAL_FINAL256_OBSERVED,add_sub_solvable,26,4
PPO_ZERO29,HISTORICAL_FINAL256_OBSERVED,add_sub_solvable,27,4
PPO_ZERO29,HISTORICAL_FINAL256_OBSERVED,add_sub_solvable,28,2
PPO_ZERO29,HISTORICAL_FINAL256_OBSERVED,add_sub_solvable,29,5
PPO_ZERO29,HISTORICAL_FINAL256_OBSERVED,add_sub_solvable,30,9
PPO_ZERO29,HISTORICAL_FINAL256_OBSERVED,add_sub_solvable,31,14
PPO_ZERO29,HISTORICAL_FINAL256_OBSERVED,add_sub_solvable,32,17
PPO_ZERO29,HISTORICAL_FINAL256_OBSERVED,all,0,101
PPO_ZERO29,HISTORICAL_FINAL256_OBSERVED,all,1,13
PPO_ZERO29,HISTORICAL_FINAL256_OBSERVED,all,2,6
PPO_ZERO29,HISTORICAL_FINAL256_OBSERVED,all,3,4
PPO_ZERO29,HISTORICAL_FINAL256_OBSERVED,all,4,4
PPO_ZERO29,HISTORICAL_FINAL256_OBSERVED,all,5,4
PPO_ZERO29,HISTORICAL_FINAL256_OBSERVED,all,6,4
PPO_ZERO29,HISTORICAL_FINAL256_OBSERVED,all,7,2
PPO_ZERO29,HISTORICAL_FINAL256_OBSERVED,all,8,1
PPO_ZERO29,HISTORICAL_FINAL256_OBSERVED,all,9,1
PPO_ZERO29,HISTORICAL_FINAL256_OBSERVED,all,10,4
PPO_ZERO29,HISTORICAL_FINAL256_OBSERVED,all,11,3
PPO_ZERO29,HISTORICAL_FINAL256_OBSERVED,all,12,2
PPO_ZERO29,HISTORICAL_FINAL256_OBSERVED,all,13,2
PPO_ZERO29,HISTORICAL_FINAL256_OBSERVED,all,14,7
PPO_ZERO29,HISTORICAL_FINAL256_OBSERVED,all,15,2
PPO_ZERO29,HISTORICAL_FINAL256_OBSERVED,all,16,3
PPO_ZERO29,HISTORICAL_FINAL256_OBSERVED,all,17,3
PPO_ZERO29,HISTORICAL_FINAL256_OBSERVED,all,18,5
PPO_ZERO29,HISTORICAL_FINAL256_OBSERVED,all,19,3
PPO_ZERO29,HISTORICAL_FINAL256_OBSERVED,all,20,5
PPO_ZERO29,HISTORICAL_FINAL256_OBSERVED,all,21,4
PPO_ZERO29,HISTORICAL_FINAL256_OBSERVED,all,22,4
PPO_ZERO29,HISTORICAL_FINAL256_OBSERVED,all,23,6
PPO_ZERO29,HISTORICAL_FINAL256_OBSERVED,all,24,3
PPO_ZERO29,HISTORICAL_FINAL256_OBSERVED,all,25,2
PPO_ZERO29,HISTORICAL_FINAL256_OBSERVED,all,26,4
PPO_ZERO29,HISTORICAL_FINAL256_OBSERVED,all,27,4
PPO_ZERO29,HISTORICAL_FINAL256_OBSERVED,all,28,2
PPO_ZERO29,HISTORICAL_FINAL256_OBSERVED,all,29,7
PPO_ZERO29,HISTORICAL_FINAL256_OBSERVED,all,30,9
PPO_ZERO29,HISTORICAL_FINAL256_OBSERVED,all,31,14
PPO_ZERO29,HISTORICAL_FINAL256_OBSERVED,all,32,18
PPO_ZERO29,HISTORICAL_FINAL256_OBSERVED,requires_mul_or_div,0,97
PPO_ZERO29,HISTORICAL_FINAL256_OBSERVED,requires_mul_or_div,1,8
PPO_ZERO29,HISTORICAL_FINAL256_OBSERVED,requires_mul_or_div,2,3
PPO_ZERO29,HISTORICAL_FINAL256_OBSERVED,requires_mul_or_div,3,2
PPO_ZERO29,HISTORICAL_FINAL256_OBSERVED,requires_mul_or_div,4,1
PPO_ZERO29,HISTORICAL_FINAL256_OBSERVED,requires_mul_or_div,5,1
PPO_ZERO29,HISTORICAL_FINAL256_OBSERVED,requires_mul_or_div,6,2
PPO_ZERO29,HISTORICAL_FINAL256_OBSERVED,requires_mul_or_div,7,0
PPO_ZERO29,HISTORICAL_FINAL256_OBSERVED,requires_mul_or_div,8,1
PPO_ZERO29,HISTORICAL_FINAL256_OBSERVED,requires_mul_or_div,9,0
PPO_ZERO29,HISTORICAL_FINAL256_OBSERVED,requires_mul_or_div,10,2
PPO_ZERO29,HISTORICAL_FINAL256_OBSERVED,requires_mul_or_div,11,2
PPO_ZERO29,HISTORICAL_FINAL256_OBSERVED,requires_mul_or_div,12,0
PPO_ZERO29,HISTORICAL_FINAL256_OBSERVED,requires_mul_or_div,13,0
PPO_ZERO29,HISTORICAL_FINAL256_OBSERVED,requires_mul_or_div,14,1
PPO_ZERO29,HISTORICAL_FINAL256_OBSERVED,requires_mul_or_div,15,1
PPO_ZERO29,HISTORICAL_FINAL256_OBSERVED,requires_mul_or_div,16,0
PPO_ZERO29,HISTORICAL_FINAL256_OBSERVED,requires_mul_or_div,17,0
PPO_ZERO29,HISTORICAL_FINAL256_OBSERVED,requires_mul_or_div,18,0
PPO_ZERO29,HISTORICAL_FINAL256_OBSERVED,requires_mul_or_div,19,0
PPO_ZERO29,HISTORICAL_FINAL256_OBSERVED,requires_mul_or_div,20,0
PPO_ZERO29,HISTORICAL_FINAL256_OBSERVED,requires_mul_or_div,21,0
PPO_ZERO29,HISTORICAL_FINAL256_OBSERVED,requires_mul_or_div,22,1
PPO_ZERO29,HISTORICAL_FINAL256_OBSERVED,requires_mul_or_div,23,0
PPO_ZERO29,HISTORICAL_FINAL256_OBSERVED,requires_mul_or_div,24,2
PPO_ZERO29,HISTORICAL_FINAL256_OBSERVED,requires_mul_or_div,25,1
PPO_ZERO29,HISTORICAL_FINAL256_OBSERVED,requires_mul_or_div,26,0
PPO_ZERO29,HISTORICAL_FINAL256_OBSERVED,requires_mul_or_div,27,0
PPO_ZERO29,HISTORICAL_FINAL256_OBSERVED,requires_mul_or_div,28,0
PPO_ZERO29,HISTORICAL_FINAL256_OBSERVED,requires_mul_or_div,29,2
PPO_ZERO29,HISTORICAL_FINAL256_OBSERVED,requires_mul_or_div,30,0
PPO_ZERO29,HISTORICAL_FINAL256_OBSERVED,requires_mul_or_div,31,0
PPO_ZERO29,HISTORICAL_FINAL256_OBSERVED,requires_mul_or_div,32,1
PPO_ZERO43,CONFIRM128_RESERVED,add_sub_solvable,0,6
PPO_ZERO43,CONFIRM128_RESERVED,add_sub_solvable,1,2
PPO_ZERO43,CONFIRM128_RESERVED,add_sub_solvable,2,2
PPO_ZERO43,CONFIRM128_RESERVED,add_sub_solvable,3,3
PPO_ZERO43,CONFIRM128_RESERVED,add_sub_solvable,4,2
PPO_ZERO43,CONFIRM128_RESERVED,add_sub_solvable,5,3
PPO_ZERO43,CONFIRM128_RESERVED,add_sub_solvable,6,0
PPO_ZERO43,CONFIRM128_RESERVED,add_sub_solvable,7,1
PPO_ZERO43,CONFIRM128_RESERVED,add_sub_solvable,8,1
PPO_ZERO43,CONFIRM128_RESERVED,add_sub_solvable,9,0
PPO_ZERO43,CONFIRM128_RESERVED,add_sub_solvable,10,0
PPO_ZERO43,CONFIRM128_RESERVED,add_sub_solvable,11,1
PPO_ZERO43,CONFIRM128_RESERVED,add_sub_solvable,12,1
PPO_ZERO43,CONFIRM128_RESERVED,add_sub_solvable,13,0
PPO_ZERO43,CONFIRM128_RESERVED,add_sub_solvable,14,0
PPO_ZERO43,CONFIRM128_RESERVED,add_sub_solvable,15,1
PPO_ZERO43,CONFIRM128_RESERVED,add_sub_solvable,16,0
PPO_ZERO43,CONFIRM128_RESERVED,add_sub_solvable,17,3
PPO_ZERO43,CONFIRM128_RESERVED,add_sub_solvable,18,0
PPO_ZERO43,CONFIRM128_RESERVED,add_sub_solvable,19,3
PPO_ZERO43,CONFIRM128_RESERVED,add_sub_solvable,20,0
PPO_ZERO43,CONFIRM128_RESERVED,add_sub_solvable,21,0
PPO_ZERO43,CONFIRM128_RESERVED,add_sub_solvable,22,0
PPO_ZERO43,CONFIRM128_RESERVED,add_sub_solvable,23,2
PPO_ZERO43,CONFIRM128_RESERVED,add_sub_solvable,24,1
PPO_ZERO43,CONFIRM128_RESERVED,add_sub_solvable,25,0
PPO_ZERO43,CONFIRM128_RESERVED,add_sub_solvable,26,1
PPO_ZERO43,CONFIRM128_RESERVED,add_sub_solvable,27,1
PPO_ZERO43,CONFIRM128_RESERVED,add_sub_solvable,28,7
PPO_ZERO43,CONFIRM128_RESERVED,add_sub_solvable,29,2
PPO_ZERO43,CONFIRM128_RESERVED,add_sub_solvable,30,1
PPO_ZERO43,CONFIRM128_RESERVED,add_sub_solvable,31,3
PPO_ZERO43,CONFIRM128_RESERVED,add_sub_solvable,32,17
PPO_ZERO43,CONFIRM128_RESERVED,all,0,52
PPO_ZERO43,CONFIRM128_RESERVED,all,1,7
PPO_ZERO43,CONFIRM128_RESERVED,all,2,3
PPO_ZERO43,CONFIRM128_RESERVED,all,3,4
PPO_ZERO43,CONFIRM128_RESERVED,all,4,3
PPO_ZERO43,CONFIRM128_RESERVED,all,5,4
PPO_ZERO43,CONFIRM128_RESERVED,all,6,0
PPO_ZERO43,CONFIRM128_RESERVED,all,7,2
PPO_ZERO43,CONFIRM128_RESERVED,all,8,1
PPO_ZERO43,CONFIRM128_RESERVED,all,9,0
PPO_ZERO43,CONFIRM128_RESERVED,all,10,0
PPO_ZERO43,CONFIRM128_RESERVED,all,11,3
PPO_ZERO43,CONFIRM128_RESERVED,all,12,1
PPO_ZERO43,CONFIRM128_RESERVED,all,13,0
PPO_ZERO43,CONFIRM128_RESERVED,all,14,0
PPO_ZERO43,CONFIRM128_RESERVED,all,15,1
PPO_ZERO43,CONFIRM128_RESERVED,all,16,0
PPO_ZERO43,CONFIRM128_RESERVED,all,17,3
PPO_ZERO43,CONFIRM128_RESERVED,all,18,1
PPO_ZERO43,CONFIRM128_RESERVED,all,19,4
PPO_ZERO43,CONFIRM128_RESERVED,all,20,0
PPO_ZERO43,CONFIRM128_RESERVED,all,21,1
PPO_ZERO43,CONFIRM128_RESERVED,all,22,0
PPO_ZERO43,CONFIRM128_RESERVED,all,23,2
PPO_ZERO43,CONFIRM128_RESERVED,all,24,2
PPO_ZERO43,CONFIRM128_RESERVED,all,25,1
PPO_ZERO43,CONFIRM128_RESERVED,all,26,1
PPO_ZERO43,CONFIRM128_RESERVED,all,27,2
PPO_ZERO43,CONFIRM128_RESERVED,all,28,7
PPO_ZERO43,CONFIRM128_RESERVED,all,29,2
PPO_ZERO43,CONFIRM128_RESERVED,all,30,1
PPO_ZERO43,CONFIRM128_RESERVED,all,31,3
PPO_ZERO43,CONFIRM128_RESERVED,all,32,17
PPO_ZERO43,CONFIRM128_RESERVED,requires_mul_or_div,0,46
PPO_ZERO43,CONFIRM128_RESERVED,requires_mul_or_div,1,5
PPO_ZERO43,CONFIRM128_RESERVED,requires_mul_or_div,2,1
PPO_ZERO43,CONFIRM128_RESERVED,requires_mul_or_div,3,1
PPO_ZERO43,CONFIRM128_RESERVED,requires_mul_or_div,4,1
PPO_ZERO43,CONFIRM128_RESERVED,requires_mul_or_div,5,1
PPO_ZERO43,CONFIRM128_RESERVED,requires_mul_or_div,6,0
PPO_ZERO43,CONFIRM128_RESERVED,requires_mul_or_div,7,1
PPO_ZERO43,CONFIRM128_RESERVED,requires_mul_or_div,8,0
PPO_ZERO43,CONFIRM128_RESERVED,requires_mul_or_div,9,0
PPO_ZERO43,CONFIRM128_RESERVED,requires_mul_or_div,10,0
PPO_ZERO43,CONFIRM128_RESERVED,requires_mul_or_div,11,2
PPO_ZERO43,CONFIRM128_RESERVED,requires_mul_or_div,12,0
PPO_ZERO43,CONFIRM128_RESERVED,requires_mul_or_div,13,0
PPO_ZERO43,CONFIRM128_RESERVED,requires_mul_or_div,14,0
PPO_ZERO43,CONFIRM128_RESERVED,requires_mul_or_div,15,0
PPO_ZERO43,CONFIRM128_RESERVED,requires_mul_or_div,16,0
PPO_ZERO43,CONFIRM128_RESERVED,requires_mul_or_div,17,0
PPO_ZERO43,CONFIRM128_RESERVED,requires_mul_or_div,18,1
PPO_ZERO43,CONFIRM128_RESERVED,requires_mul_or_div,19,1
PPO_ZERO43,CONFIRM128_RESERVED,requires_mul_or_div,20,0
PPO_ZERO43,CONFIRM128_RESERVED,requires_mul_or_div,21,1
PPO_ZERO43,CONFIRM128_RESERVED,requires_mul_or_div,22,0
PPO_ZERO43,CONFIRM128_RESERVED,requires_mul_or_div,23,0
PPO_ZERO43,CONFIRM128_RESERVED,requires_mul_or_div,24,1
PPO_ZERO43,CONFIRM128_RESERVED,requires_mul_or_div,25,1
PPO_ZERO43,CONFIRM128_RESERVED,requires_mul_or_div,26,0
PPO_ZERO43,CONFIRM128_RESERVED,requires_mul_or_div,27,1
PPO_ZERO43,CONFIRM128_RESERVED,requires_mul_or_div,28,0
PPO_ZERO43,CONFIRM128_RESERVED,requires_mul_or_div,29,0
PPO_ZERO43,CONFIRM128_RESERVED,requires_mul_or_div,30,0
PPO_ZERO43,CONFIRM128_RESERVED,requires_mul_or_div,31,0
PPO_ZERO43,CONFIRM128_RESERVED,requires_mul_or_div,32,0
PPO_ZERO43,HISTORICAL_FINAL256_OBSERVED,add_sub_solvable,0,11
PPO_ZERO43,HISTORICAL_FINAL256_OBSERVED,add_sub_solvable,1,7
PPO_ZERO43,HISTORICAL_FINAL256_OBSERVED,add_sub_solvable,2,6
PPO_ZERO43,HISTORICAL_FINAL256_OBSERVED,add_sub_solvable,3,3
PPO_ZERO43,HISTORICAL_FINAL256_OBSERVED,add_sub_solvable,4,3
PPO_ZERO43,HISTORICAL_FINAL256_OBSERVED,add_sub_solvable,5,1
PPO_ZERO43,HISTORICAL_FINAL256_OBSERVED,add_sub_solvable,6,1
PPO_ZERO43,HISTORICAL_FINAL256_OBSERVED,add_sub_solvable,7,2
PPO_ZERO43,HISTORICAL_FINAL256_OBSERVED,add_sub_solvable,8,0
PPO_ZERO43,HISTORICAL_FINAL256_OBSERVED,add_sub_solvable,9,0
PPO_ZERO43,HISTORICAL_FINAL256_OBSERVED,add_sub_solvable,10,2
PPO_ZERO43,HISTORICAL_FINAL256_OBSERVED,add_sub_solvable,11,2
PPO_ZERO43,HISTORICAL_FINAL256_OBSERVED,add_sub_solvable,12,0
PPO_ZERO43,HISTORICAL_FINAL256_OBSERVED,add_sub_solvable,13,0
PPO_ZERO43,HISTORICAL_FINAL256_OBSERVED,add_sub_solvable,14,1
PPO_ZERO43,HISTORICAL_FINAL256_OBSERVED,add_sub_solvable,15,0
PPO_ZERO43,HISTORICAL_FINAL256_OBSERVED,add_sub_solvable,16,3
PPO_ZERO43,HISTORICAL_FINAL256_OBSERVED,add_sub_solvable,17,2
PPO_ZERO43,HISTORICAL_FINAL256_OBSERVED,add_sub_solvable,18,1
PPO_ZERO43,HISTORICAL_FINAL256_OBSERVED,add_sub_solvable,19,2
PPO_ZERO43,HISTORICAL_FINAL256_OBSERVED,add_sub_solvable,20,2
PPO_ZERO43,HISTORICAL_FINAL256_OBSERVED,add_sub_solvable,21,2
PPO_ZERO43,HISTORICAL_FINAL256_OBSERVED,add_sub_solvable,22,3
PPO_ZERO43,HISTORICAL_FINAL256_OBSERVED,add_sub_solvable,23,0
PPO_ZERO43,HISTORICAL_FINAL256_OBSERVED,add_sub_solvable,24,3
PPO_ZERO43,HISTORICAL_FINAL256_OBSERVED,add_sub_solvable,25,2
PPO_ZERO43,HISTORICAL_FINAL256_OBSERVED,add_sub_solvable,26,1
PPO_ZERO43,HISTORICAL_FINAL256_OBSERVED,add_sub_solvable,27,4
PPO_ZERO43,HISTORICAL_FINAL256_OBSERVED,add_sub_solvable,28,2
PPO_ZERO43,HISTORICAL_FINAL256_OBSERVED,add_sub_solvable,29,6
PPO_ZERO43,HISTORICAL_FINAL256_OBSERVED,add_sub_solvable,30,8
PPO_ZERO43,HISTORICAL_FINAL256_OBSERVED,add_sub_solvable,31,17
PPO_ZERO43,HISTORICAL_FINAL256_OBSERVED,add_sub_solvable,32,31
PPO_ZERO43,HISTORICAL_FINAL256_OBSERVED,all,0,102
PPO_ZERO43,HISTORICAL_FINAL256_OBSERVED,all,1,10
PPO_ZERO43,HISTORICAL_FINAL256_OBSERVED,all,2,13
PPO_ZERO43,HISTORICAL_FINAL256_OBSERVED,all,3,8
PPO_ZERO43,HISTORICAL_FINAL256_OBSERVED,all,4,6
PPO_ZERO43,HISTORICAL_FINAL256_OBSERVED,all,5,2
PPO_ZERO43,HISTORICAL_FINAL256_OBSERVED,all,6,2
PPO_ZERO43,HISTORICAL_FINAL256_OBSERVED,all,7,2
PPO_ZERO43,HISTORICAL_FINAL256_OBSERVED,all,8,1
PPO_ZERO43,HISTORICAL_FINAL256_OBSERVED,all,9,0
PPO_ZERO43,HISTORICAL_FINAL256_OBSERVED,all,10,2
PPO_ZERO43,HISTORICAL_FINAL256_OBSERVED,all,11,3
PPO_ZERO43,HISTORICAL_FINAL256_OBSERVED,all,12,3
PPO_ZERO43,HISTORICAL_FINAL256_OBSERVED,all,13,2
PPO_ZERO43,HISTORICAL_FINAL256_OBSERVED,all,14,1
PPO_ZERO43,HISTORICAL_FINAL256_OBSERVED,all,15,0
PPO_ZERO43,HISTORICAL_FINAL256_OBSERVED,all,16,3
PPO_ZERO43,HISTORICAL_FINAL256_OBSERVED,all,17,4
PPO_ZERO43,HISTORICAL_FINAL256_OBSERVED,all,18,1
PPO_ZERO43,HISTORICAL_FINAL256_OBSERVED,all,19,2
PPO_ZERO43,HISTORICAL_FINAL256_OBSERVED,all,20,2
PPO_ZERO43,HISTORICAL_FINAL256_OBSERVED,all,21,2
PPO_ZERO43,HISTORICAL_FINAL256_OBSERVED,all,22,3
PPO_ZERO43,HISTORICAL_FINAL256_OBSERVED,all,23,0
PPO_ZERO43,HISTORICAL_FINAL256_OBSERVED,all,24,3
PPO_ZERO43,HISTORICAL_FINAL256_OBSERVED,all,25,5
PPO_ZERO43,HISTORICAL_FINAL256_OBSERVED,all,26,1
PPO_ZERO43,HISTORICAL_FINAL256_OBSERVED,all,27,5
PPO_ZERO43,HISTORICAL_FINAL256_OBSERVED,all,28,4
PPO_ZERO43,HISTORICAL_FINAL256_OBSERVED,all,29,6
PPO_ZERO43,HISTORICAL_FINAL256_OBSERVED,all,30,8
PPO_ZERO43,HISTORICAL_FINAL256_OBSERVED,all,31,18
PPO_ZERO43,HISTORICAL_FINAL256_OBSERVED,all,32,32
PPO_ZERO43,HISTORICAL_FINAL256_OBSERVED,requires_mul_or_div,0,91
PPO_ZERO43,HISTORICAL_FINAL256_OBSERVED,requires_mul_or_div,1,3
PPO_ZERO43,HISTORICAL_FINAL256_OBSERVED,requires_mul_or_div,2,7
PPO_ZERO43,HISTORICAL_FINAL256_OBSERVED,requires_mul_or_div,3,5
PPO_ZERO43,HISTORICAL_FINAL256_OBSERVED,requires_mul_or_div,4,3
PPO_ZERO43,HISTORICAL_FINAL256_OBSERVED,requires_mul_or_div,5,1
PPO_ZERO43,HISTORICAL_FINAL256_OBSERVED,requires_mul_or_div,6,1
PPO_ZERO43,HISTORICAL_FINAL256_OBSERVED,requires_mul_or_div,7,0
PPO_ZERO43,HISTORICAL_FINAL256_OBSERVED,requires_mul_or_div,8,1
PPO_ZERO43,HISTORICAL_FINAL256_OBSERVED,requires_mul_or_div,9,0
PPO_ZERO43,HISTORICAL_FINAL256_OBSERVED,requires_mul_or_div,10,0
PPO_ZERO43,HISTORICAL_FINAL256_OBSERVED,requires_mul_or_div,11,1
PPO_ZERO43,HISTORICAL_FINAL256_OBSERVED,requires_mul_or_div,12,3
PPO_ZERO43,HISTORICAL_FINAL256_OBSERVED,requires_mul_or_div,13,2
PPO_ZERO43,HISTORICAL_FINAL256_OBSERVED,requires_mul_or_div,14,0
PPO_ZERO43,HISTORICAL_FINAL256_OBSERVED,requires_mul_or_div,15,0
PPO_ZERO43,HISTORICAL_FINAL256_OBSERVED,requires_mul_or_div,16,0
PPO_ZERO43,HISTORICAL_FINAL256_OBSERVED,requires_mul_or_div,17,2
PPO_ZERO43,HISTORICAL_FINAL256_OBSERVED,requires_mul_or_div,18,0
PPO_ZERO43,HISTORICAL_FINAL256_OBSERVED,requires_mul_or_div,19,0
PPO_ZERO43,HISTORICAL_FINAL256_OBSERVED,requires_mul_or_div,20,0
PPO_ZERO43,HISTORICAL_FINAL256_OBSERVED,requires_mul_or_div,21,0
PPO_ZERO43,HISTORICAL_FINAL256_OBSERVED,requires_mul_or_div,22,0
PPO_ZERO43,HISTORICAL_FINAL256_OBSERVED,requires_mul_or_div,23,0
PPO_ZERO43,HISTORICAL_FINAL256_OBSERVED,requires_mul_or_div,24,0
PPO_ZERO43,HISTORICAL_FINAL256_OBSERVED,requires_mul_or_div,25,3
PPO_ZERO43,HISTORICAL_FINAL256_OBSERVED,requires_mul_or_div,26,0
PPO_ZERO43,HISTORICAL_FINAL256_OBSERVED,requires_mul_or_div,27,1
PPO_ZERO43,HISTORICAL_FINAL256_OBSERVED,requires_mul_or_div,28,2
PPO_ZERO43,HISTORICAL_FINAL256_OBSERVED,requires_mul_or_div,29,0
PPO_ZERO43,HISTORICAL_FINAL256_OBSERVED,requires_mul_or_div,30,0
PPO_ZERO43,HISTORICAL_FINAL256_OBSERVED,requires_mul_or_div,31,1
PPO_ZERO43,HISTORICAL_FINAL256_OBSERVED,requires_mul_or_div,32,1
RFT17,CONFIRM128_RESERVED,add_sub_solvable,0,15
RFT17,CONFIRM128_RESERVED,add_sub_solvable,1,6
RFT17,CONFIRM128_RESERVED,add_sub_solvable,2,3
RFT17,CONFIRM128_RESERVED,add_sub_solvable,3,0
RFT17,CONFIRM128_RESERVED,add_sub_solvable,4,2
RFT17,CONFIRM128_RESERVED,add_sub_solvable,5,0
RFT17,CONFIRM128_RESERVED,add_sub_solvable,6,0
RFT17,CONFIRM128_RESERVED,add_sub_solvable,7,0
RFT17,CONFIRM128_RESERVED,add_sub_solvable,8,0
RFT17,CONFIRM128_RESERVED,add_sub_solvable,9,1
RFT17,CONFIRM128_RESERVED,add_sub_solvable,10,1
RFT17,CONFIRM128_RESERVED,add_sub_solvable,11,0
RFT17,CONFIRM128_RESERVED,add_sub_solvable,12,1
RFT17,CONFIRM128_RESERVED,add_sub_solvable,13,0
RFT17,CONFIRM128_RESERVED,add_sub_solvable,14,0
RFT17,CONFIRM128_RESERVED,add_sub_solvable,15,0
RFT17,CONFIRM128_RESERVED,add_sub_solvable,16,0
RFT17,CONFIRM128_RESERVED,add_sub_solvable,17,0
RFT17,CONFIRM128_RESERVED,add_sub_solvable,18,0
RFT17,CONFIRM128_RESERVED,add_sub_solvable,19,0
RFT17,CONFIRM128_RESERVED,add_sub_solvable,20,0
RFT17,CONFIRM128_RESERVED,add_sub_solvable,21,1
RFT17,CONFIRM128_RESERVED,add_sub_solvable,22,0
RFT17,CONFIRM128_RESERVED,add_sub_solvable,23,0
RFT17,CONFIRM128_RESERVED,add_sub_solvable,24,0
RFT17,CONFIRM128_RESERVED,add_sub_solvable,25,0
RFT17,CONFIRM128_RESERVED,add_sub_solvable,26,0
RFT17,CONFIRM128_RESERVED,add_sub_solvable,27,0
RFT17,CONFIRM128_RESERVED,add_sub_solvable,28,1
RFT17,CONFIRM128_RESERVED,add_sub_solvable,29,2
RFT17,CONFIRM128_RESERVED,add_sub_solvable,30,2
RFT17,CONFIRM128_RESERVED,add_sub_solvable,31,6
RFT17,CONFIRM128_RESERVED,add_sub_solvable,32,23
RFT17,CONFIRM128_RESERVED,all,0,69
RFT17,CONFIRM128_RESERVED,all,1,8
RFT17,CONFIRM128_RESERVED,all,2,3
RFT17,CONFIRM128_RESERVED,all,3,1
RFT17,CONFIRM128_RESERVED,all,4,2
RFT17,CONFIRM128_RESERVED,all,5,1
RFT17,CONFIRM128_RESERVED,all,6,0
RFT17,CONFIRM128_RESERVED,all,7,0
RFT17,CONFIRM128_RESERVED,all,8,0
RFT17,CONFIRM128_RESERVED,all,9,2
RFT17,CONFIRM128_RESERVED,all,10,1
RFT17,CONFIRM128_RESERVED,all,11,0
RFT17,CONFIRM128_RESERVED,all,12,1
RFT17,CONFIRM128_RESERVED,all,13,1
RFT17,CONFIRM128_RESERVED,all,14,0
RFT17,CONFIRM128_RESERVED,all,15,0
RFT17,CONFIRM128_RESERVED,all,16,0
RFT17,CONFIRM128_RESERVED,all,17,0
RFT17,CONFIRM128_RESERVED,all,18,0
RFT17,CONFIRM128_RESERVED,all,19,0
RFT17,CONFIRM128_RESERVED,all,20,0
RFT17,CONFIRM128_RESERVED,all,21,1
RFT17,CONFIRM128_RESERVED,all,22,0
RFT17,CONFIRM128_RESERVED,all,23,0
RFT17,CONFIRM128_RESERVED,all,24,1
RFT17,CONFIRM128_RESERVED,all,25,0
RFT17,CONFIRM128_RESERVED,all,26,0
RFT17,CONFIRM128_RESERVED,all,27,0
RFT17,CONFIRM128_RESERVED,all,28,2
RFT17,CONFIRM128_RESERVED,all,29,2
RFT17,CONFIRM128_RESERVED,all,30,2
RFT17,CONFIRM128_RESERVED,all,31,8
RFT17,CONFIRM128_RESERVED,all,32,23
RFT17,CONFIRM128_RESERVED,requires_mul_or_div,0,54
RFT17,CONFIRM128_RESERVED,requires_mul_or_div,1,2
RFT17,CONFIRM128_RESERVED,requires_mul_or_div,2,0
RFT17,CONFIRM128_RESERVED,requires_mul_or_div,3,1
RFT17,CONFIRM128_RESERVED,requires_mul_or_div,4,0
RFT17,CONFIRM128_RESERVED,requires_mul_or_div,5,1
RFT17,CONFIRM128_RESERVED,requires_mul_or_div,6,0
RFT17,CONFIRM128_RESERVED,requires_mul_or_div,7,0
RFT17,CONFIRM128_RESERVED,requires_mul_or_div,8,0
RFT17,CONFIRM128_RESERVED,requires_mul_or_div,9,1
RFT17,CONFIRM128_RESERVED,requires_mul_or_div,10,0
RFT17,CONFIRM128_RESERVED,requires_mul_or_div,11,0
RFT17,CONFIRM128_RESERVED,requires_mul_or_div,12,0
RFT17,CONFIRM128_RESERVED,requires_mul_or_div,13,1
RFT17,CONFIRM128_RESERVED,requires_mul_or_div,14,0
RFT17,CONFIRM128_RESERVED,requires_mul_or_div,15,0
RFT17,CONFIRM128_RESERVED,requires_mul_or_div,16,0
RFT17,CONFIRM128_RESERVED,requires_mul_or_div,17,0
RFT17,CONFIRM128_RESERVED,requires_mul_or_div,18,0
RFT17,CONFIRM128_RESERVED,requires_mul_or_div,19,0
RFT17,CONFIRM128_RESERVED,requires_mul_or_div,20,0
RFT17,CONFIRM128_RESERVED,requires_mul_or_div,21,0
RFT17,CONFIRM128_RESERVED,requires_mul_or_div,22,0
RFT17,CONFIRM128_RESERVED,requires_mul_or_div,23,0
RFT17,CONFIRM128_RESERVED,requires_mul_or_div,24,1
RFT17,CONFIRM128_RESERVED,requires_mul_or_div,25,0
RFT17,CONFIRM128_RESERVED,requires_mul_or_div,26,0
RFT17,CONFIRM128_RESERVED,requires_mul_or_div,27,0
RFT17,CONFIRM128_RESERVED,requires_mul_or_div,28,1
RFT17,CONFIRM128_RESERVED,requires_mul_or_div,29,0
RFT17,CONFIRM128_RESERVED,requires_mul_or_div,30,0
RFT17,CONFIRM128_RESERVED,requires_mul_or_div,31,2
RFT17,CONFIRM128_RESERVED,requires_mul_or_div,32,0
RFT17,HISTORICAL_FINAL256_OBSERVED,add_sub_solvable,0,33
RFT17,HISTORICAL_FINAL256_OBSERVED,add_sub_solvable,1,5
RFT17,HISTORICAL_FINAL256_OBSERVED,add_sub_solvable,2,4
RFT17,HISTORICAL_FINAL256_OBSERVED,add_sub_solvable,3,3
RFT17,HISTORICAL_FINAL256_OBSERVED,add_sub_solvable,4,2
RFT17,HISTORICAL_FINAL256_OBSERVED,add_sub_solvable,5,1
RFT17,HISTORICAL_FINAL256_OBSERVED,add_sub_solvable,6,1
RFT17,HISTORICAL_FINAL256_OBSERVED,add_sub_solvable,7,0
RFT17,HISTORICAL_FINAL256_OBSERVED,add_sub_solvable,8,0
RFT17,HISTORICAL_FINAL256_OBSERVED,add_sub_solvable,9,1
RFT17,HISTORICAL_FINAL256_OBSERVED,add_sub_solvable,10,0
RFT17,HISTORICAL_FINAL256_OBSERVED,add_sub_solvable,11,0
RFT17,HISTORICAL_FINAL256_OBSERVED,add_sub_solvable,12,2
RFT17,HISTORICAL_FINAL256_OBSERVED,add_sub_solvable,13,0
RFT17,HISTORICAL_FINAL256_OBSERVED,add_sub_solvable,14,0
RFT17,HISTORICAL_FINAL256_OBSERVED,add_sub_solvable,15,0
RFT17,HISTORICAL_FINAL256_OBSERVED,add_sub_solvable,16,0
RFT17,HISTORICAL_FINAL256_OBSERVED,add_sub_solvable,17,0
RFT17,HISTORICAL_FINAL256_OBSERVED,add_sub_solvable,18,1
RFT17,HISTORICAL_FINAL256_OBSERVED,add_sub_solvable,19,0
RFT17,HISTORICAL_FINAL256_OBSERVED,add_sub_solvable,20,0
RFT17,HISTORICAL_FINAL256_OBSERVED,add_sub_solvable,21,0
RFT17,HISTORICAL_FINAL256_OBSERVED,add_sub_solvable,22,0
RFT17,HISTORICAL_FINAL256_OBSERVED,add_sub_solvable,23,0
RFT17,HISTORICAL_FINAL256_OBSERVED,add_sub_solvable,24,0
RFT17,HISTORICAL_FINAL256_OBSERVED,add_sub_solvable,25,2
RFT17,HISTORICAL_FINAL256_OBSERVED,add_sub_solvable,26,1
RFT17,HISTORICAL_FINAL256_OBSERVED,add_sub_solvable,27,0
RFT17,HISTORICAL_FINAL256_OBSERVED,add_sub_solvable,28,4
RFT17,HISTORICAL_FINAL256_OBSERVED,add_sub_solvable,29,4
RFT17,HISTORICAL_FINAL256_OBSERVED,add_sub_solvable,30,4
RFT17,HISTORICAL_FINAL256_OBSERVED,add_sub_solvable,31,19
RFT17,HISTORICAL_FINAL256_OBSERVED,add_sub_solvable,32,41
RFT17,HISTORICAL_FINAL256_OBSERVED,all,0,138
RFT17,HISTORICAL_FINAL256_OBSERVED,all,1,12
RFT17,HISTORICAL_FINAL256_OBSERVED,all,2,4
RFT17,HISTORICAL_FINAL256_OBSERVED,all,3,6
RFT17,HISTORICAL_FINAL256_OBSERVED,all,4,2
RFT17,HISTORICAL_FINAL256_OBSERVED,all,5,2
RFT17,HISTORICAL_FINAL256_OBSERVED,all,6,1
RFT17,HISTORICAL_FINAL256_OBSERVED,all,7,2
RFT17,HISTORICAL_FINAL256_OBSERVED,all,8,0
RFT17,HISTORICAL_FINAL256_OBSERVED,all,9,1
RFT17,HISTORICAL_FINAL256_OBSERVED,all,10,0
RFT17,HISTORICAL_FINAL256_OBSERVED,all,11,0
RFT17,HISTORICAL_FINAL256_OBSERVED,all,12,2
RFT17,HISTORICAL_FINAL256_OBSERVED,all,13,0
RFT17,HISTORICAL_FINAL256_OBSERVED,all,14,0
RFT17,HISTORICAL_FINAL256_OBSERVED,all,15,0
RFT17,HISTORICAL_FINAL256_OBSERVED,all,16,0
RFT17,HISTORICAL_FINAL256_OBSERVED,all,17,2
RFT17,HISTORICAL_FINAL256_OBSERVED,all,18,1
RFT17,HISTORICAL_FINAL256_OBSERVED,all,19,1
RFT17,HISTORICAL_FINAL256_OBSERVED,all,20,0
RFT17,HISTORICAL_FINAL256_OBSERVED,all,21,0
RFT17,HISTORICAL_FINAL256_OBSERVED,all,22,0
RFT17,HISTORICAL_FINAL256_OBSERVED,all,23,1
RFT17,HISTORICAL_FINAL256_OBSERVED,all,24,0
RFT17,HISTORICAL_FINAL256_OBSERVED,all,25,2
RFT17,HISTORICAL_FINAL256_OBSERVED,all,26,3
RFT17,HISTORICAL_FINAL256_OBSERVED,all,27,0
RFT17,HISTORICAL_FINAL256_OBSERVED,all,28,4
RFT17,HISTORICAL_FINAL256_OBSERVED,all,29,5
RFT17,HISTORICAL_FINAL256_OBSERVED,all,30,4
RFT17,HISTORICAL_FINAL256_OBSERVED,all,31,20
RFT17,HISTORICAL_FINAL256_OBSERVED,all,32,43
RFT17,HISTORICAL_FINAL256_OBSERVED,requires_mul_or_div,0,105
RFT17,HISTORICAL_FINAL256_OBSERVED,requires_mul_or_div,1,7
RFT17,HISTORICAL_FINAL256_OBSERVED,requires_mul_or_div,2,0
RFT17,HISTORICAL_FINAL256_OBSERVED,requires_mul_or_div,3,3
RFT17,HISTORICAL_FINAL256_OBSERVED,requires_mul_or_div,4,0
RFT17,HISTORICAL_FINAL256_OBSERVED,requires_mul_or_div,5,1
RFT17,HISTORICAL_FINAL256_OBSERVED,requires_mul_or_div,6,0
RFT17,HISTORICAL_FINAL256_OBSERVED,requires_mul_or_div,7,2
RFT17,HISTORICAL_FINAL256_OBSERVED,requires_mul_or_div,8,0
RFT17,HISTORICAL_FINAL256_OBSERVED,requires_mul_or_div,9,0
RFT17,HISTORICAL_FINAL256_OBSERVED,requires_mul_or_div,10,0
RFT17,HISTORICAL_FINAL256_OBSERVED,requires_mul_or_div,11,0
RFT17,HISTORICAL_FINAL256_OBSERVED,requires_mul_or_div,12,0
RFT17,HISTORICAL_FINAL256_OBSERVED,requires_mul_or_div,13,0
RFT17,HISTORICAL_FINAL256_OBSERVED,requires_mul_or_div,14,0
RFT17,HISTORICAL_FINAL256_OBSERVED,requires_mul_or_div,15,0
RFT17,HISTORICAL_FINAL256_OBSERVED,requires_mul_or_div,16,0
RFT17,HISTORICAL_FINAL256_OBSERVED,requires_mul_or_div,17,2
RFT17,HISTORICAL_FINAL256_OBSERVED,requires_mul_or_div,18,0
RFT17,HISTORICAL_FINAL256_OBSERVED,requires_mul_or_div,19,1
RFT17,HISTORICAL_FINAL256_OBSERVED,requires_mul_or_div,20,0
RFT17,HISTORICAL_FINAL256_OBSERVED,requires_mul_or_div,21,0
RFT17,HISTORICAL_FINAL256_OBSERVED,requires_mul_or_div,22,0
RFT17,HISTORICAL_FINAL256_OBSERVED,requires_mul_or_div,23,1
RFT17,HISTORICAL_FINAL256_OBSERVED,requires_mul_or_div,24,0
RFT17,HISTORICAL_FINAL256_OBSERVED,requires_mul_or_div,25,0
RFT17,HISTORICAL_FINAL256_OBSERVED,requires_mul_or_div,26,2
RFT17,HISTORICAL_FINAL256_OBSERVED,requires_mul_or_div,27,0
RFT17,HISTORICAL_FINAL256_OBSERVED,requires_mul_or_div,28,0
RFT17,HISTORICAL_FINAL256_OBSERVED,requires_mul_or_div,29,1
RFT17,HISTORICAL_FINAL256_OBSERVED,requires_mul_or_div,30,0
RFT17,HISTORICAL_FINAL256_OBSERVED,requires_mul_or_div,31,1
RFT17,HISTORICAL_FINAL256_OBSERVED,requires_mul_or_div,32,2
RFT29,CONFIRM128_RESERVED,add_sub_solvable,0,11
RFT29,CONFIRM128_RESERVED,add_sub_solvable,1,2
RFT29,CONFIRM128_RESERVED,add_sub_solvable,2,0
RFT29,CONFIRM128_RESERVED,add_sub_solvable,3,0
RFT29,CONFIRM128_RESERVED,add_sub_solvable,4,0
RFT29,CONFIRM128_RESERVED,add_sub_solvable,5,0
RFT29,CONFIRM128_RESERVED,add_sub_solvable,6,0
RFT29,CONFIRM128_RESERVED,add_sub_solvable,7,2
RFT29,CONFIRM128_RESERVED,add_sub_solvable,8,1
RFT29,CONFIRM128_RESERVED,add_sub_solvable,9,1
RFT29,CONFIRM128_RESERVED,add_sub_solvable,10,0
RFT29,CONFIRM128_RESERVED,add_sub_solvable,11,0
RFT29,CONFIRM128_RESERVED,add_sub_solvable,12,1
RFT29,CONFIRM128_RESERVED,add_sub_solvable,13,1
RFT29,CONFIRM128_RESERVED,add_sub_solvable,14,2
RFT29,CONFIRM128_RESERVED,add_sub_solvable,15,0
RFT29,CONFIRM128_RESERVED,add_sub_solvable,16,0
RFT29,CONFIRM128_RESERVED,add_sub_solvable,17,0
RFT29,CONFIRM128_RESERVED,add_sub_solvable,18,0
RFT29,CONFIRM128_RESERVED,add_sub_solvable,19,0
RFT29,CONFIRM128_RESERVED,add_sub_solvable,20,3
RFT29,CONFIRM128_RESERVED,add_sub_solvable,21,0
RFT29,CONFIRM128_RESERVED,add_sub_solvable,22,1
RFT29,CONFIRM128_RESERVED,add_sub_solvable,23,3
RFT29,CONFIRM128_RESERVED,add_sub_solvable,24,1
RFT29,CONFIRM128_RESERVED,add_sub_solvable,25,2
RFT29,CONFIRM128_RESERVED,add_sub_solvable,26,1
RFT29,CONFIRM128_RESERVED,add_sub_solvable,27,0
RFT29,CONFIRM128_RESERVED,add_sub_solvable,28,3
RFT29,CONFIRM128_RESERVED,add_sub_solvable,29,2
RFT29,CONFIRM128_RESERVED,add_sub_solvable,30,1
RFT29,CONFIRM128_RESERVED,add_sub_solvable,31,3
RFT29,CONFIRM128_RESERVED,add_sub_solvable,32,23
RFT29,CONFIRM128_RESERVED,all,0,68
RFT29,CONFIRM128_RESERVED,all,1,3
RFT29,CONFIRM128_RESERVED,all,2,0
RFT29,CONFIRM128_RESERVED,all,3,1
RFT29,CONFIRM128_RESERVED,all,4,0
RFT29,CONFIRM128_RESERVED,all,5,0
RFT29,CONFIRM128_RESERVED,all,6,1
RFT29,CONFIRM128_RESERVED,all,7,2
RFT29,CONFIRM128_RESERVED,all,8,1
RFT29,CONFIRM128_RESERVED,all,9,1
RFT29,CONFIRM128_RESERVED,all,10,0
RFT29,CONFIRM128_RESERVED,all,11,0
RFT29,CONFIRM128_RESERVED,all,12,1
RFT29,CONFIRM128_RESERVED,all,13,1
RFT29,CONFIRM128_RESERVED,all,14,2
RFT29,CONFIRM128_RESERVED,all,15,0
RFT29,CONFIRM128_RESERVED,all,16,0
RFT29,CONFIRM128_RESERVED,all,17,0
RFT29,CONFIRM128_RESERVED,all,18,0
RFT29,CONFIRM128_RESERVED,all,19,0
RFT29,CONFIRM128_RESERVED,all,20,4
RFT29,CONFIRM128_RESERVED,all,21,0
RFT29,CONFIRM128_RESERVED,all,22,1
RFT29,CONFIRM128_RESERVED,all,23,3
RFT29,CONFIRM128_RESERVED,all,24,1
RFT29,CONFIRM128_RESERVED,all,25,2
RFT29,CONFIRM128_RESERVED,all,26,1
RFT29,CONFIRM128_RESERVED,all,27,1
RFT29,CONFIRM128_RESERVED,all,28,3
RFT29,CONFIRM128_RESERVED,all,29,2
RFT29,CONFIRM128_RESERVED,all,30,1
RFT29,CONFIRM128_RESERVED,all,31,4
RFT29,CONFIRM128_RESERVED,all,32,24
RFT29,CONFIRM128_RESERVED,requires_mul_or_div,0,57
RFT29,CONFIRM128_RESERVED,requires_mul_or_div,1,1
RFT29,CONFIRM128_RESERVED,requires_mul_or_div,2,0
RFT29,CONFIRM128_RESERVED,requires_mul_or_div,3,1
RFT29,CONFIRM128_RESERVED,requires_mul_or_div,4,0
RFT29,CONFIRM128_RESERVED,requires_mul_or_div,5,0
RFT29,CONFIRM128_RESERVED,requires_mul_or_div,6,1
RFT29,CONFIRM128_RESERVED,requires_mul_or_div,7,0
RFT29,CONFIRM128_RESERVED,requires_mul_or_div,8,0
RFT29,CONFIRM128_RESERVED,requires_mul_or_div,9,0
RFT29,CONFIRM128_RESERVED,requires_mul_or_div,10,0
RFT29,CONFIRM128_RESERVED,requires_mul_or_div,11,0
RFT29,CONFIRM128_RESERVED,requires_mul_or_div,12,0
RFT29,CONFIRM128_RESERVED,requires_mul_or_div,13,0
RFT29,CONFIRM128_RESERVED,requires_mul_or_div,14,0
RFT29,CONFIRM128_RESERVED,requires_mul_or_div,15,0
RFT29,CONFIRM128_RESERVED,requires_mul_or_div,16,0
RFT29,CONFIRM128_RESERVED,requires_mul_or_div,17,0
RFT29,CONFIRM128_RESERVED,requires_mul_or_div,18,0
RFT29,CONFIRM128_RESERVED,requires_mul_or_div,19,0
RFT29,CONFIRM128_RESERVED,requires_mul_or_div,20,1
RFT29,CONFIRM128_RESERVED,requires_mul_or_div,21,0
RFT29,CONFIRM128_RESERVED,requires_mul_or_div,22,0
RFT29,CONFIRM128_RESERVED,requires_mul_or_div,23,0
RFT29,CONFIRM128_RESERVED,requires_mul_or_div,24,0
RFT29,CONFIRM128_RESERVED,requires_mul_or_div,25,0
RFT29,CONFIRM128_RESERVED,requires_mul_or_div,26,0
RFT29,CONFIRM128_RESERVED,requires_mul_or_div,27,1
RFT29,CONFIRM128_RESERVED,requires_mul_or_div,28,0
RFT29,CONFIRM128_RESERVED,requires_mul_or_div,29,0
RFT29,CONFIRM128_RESERVED,requires_mul_or_div,30,0
RFT29,CONFIRM128_RESERVED,requires_mul_or_div,31,1
RFT29,CONFIRM128_RESERVED,requires_mul_or_div,32,1
RFT29,HISTORICAL_FINAL256_OBSERVED,add_sub_solvable,0,23
RFT29,HISTORICAL_FINAL256_OBSERVED,add_sub_solvable,1,2
RFT29,HISTORICAL_FINAL256_OBSERVED,add_sub_solvable,2,0
RFT29,HISTORICAL_FINAL256_OBSERVED,add_sub_solvable,3,3
RFT29,HISTORICAL_FINAL256_OBSERVED,add_sub_solvable,4,0
RFT29,HISTORICAL_FINAL256_OBSERVED,add_sub_solvable,5,1
RFT29,HISTORICAL_FINAL256_OBSERVED,add_sub_solvable,6,3
RFT29,HISTORICAL_FINAL256_OBSERVED,add_sub_solvable,7,1
RFT29,HISTORICAL_FINAL256_OBSERVED,add_sub_solvable,8,0
RFT29,HISTORICAL_FINAL256_OBSERVED,add_sub_solvable,9,4
RFT29,HISTORICAL_FINAL256_OBSERVED,add_sub_solvable,10,0
RFT29,HISTORICAL_FINAL256_OBSERVED,add_sub_solvable,11,2
RFT29,HISTORICAL_FINAL256_OBSERVED,add_sub_solvable,12,3
RFT29,HISTORICAL_FINAL256_OBSERVED,add_sub_solvable,13,1
RFT29,HISTORICAL_FINAL256_OBSERVED,add_sub_solvable,14,0
RFT29,HISTORICAL_FINAL256_OBSERVED,add_sub_solvable,15,0
RFT29,HISTORICAL_FINAL256_OBSERVED,add_sub_solvable,16,2
RFT29,HISTORICAL_FINAL256_OBSERVED,add_sub_solvable,17,0
RFT29,HISTORICAL_FINAL256_OBSERVED,add_sub_solvable,18,0
RFT29,HISTORICAL_FINAL256_OBSERVED,add_sub_solvable,19,1
RFT29,HISTORICAL_FINAL256_OBSERVED,add_sub_solvable,20,1
RFT29,HISTORICAL_FINAL256_OBSERVED,add_sub_solvable,21,2
RFT29,HISTORICAL_FINAL256_OBSERVED,add_sub_solvable,22,2
RFT29,HISTORICAL_FINAL256_OBSERVED,add_sub_solvable,23,0
RFT29,HISTORICAL_FINAL256_OBSERVED,add_sub_solvable,24,1
RFT29,HISTORICAL_FINAL256_OBSERVED,add_sub_solvable,25,3
RFT29,HISTORICAL_FINAL256_OBSERVED,add_sub_solvable,26,1
RFT29,HISTORICAL_FINAL256_OBSERVED,add_sub_solvable,27,1
RFT29,HISTORICAL_FINAL256_OBSERVED,add_sub_solvable,28,0
RFT29,HISTORICAL_FINAL256_OBSERVED,add_sub_solvable,29,3
RFT29,HISTORICAL_FINAL256_OBSERVED,add_sub_solvable,30,1
RFT29,HISTORICAL_FINAL256_OBSERVED,add_sub_solvable,31,16
RFT29,HISTORICAL_FINAL256_OBSERVED,add_sub_solvable,32,51
RFT29,HISTORICAL_FINAL256_OBSERVED,all,0,130
RFT29,HISTORICAL_FINAL256_OBSERVED,all,1,4
RFT29,HISTORICAL_FINAL256_OBSERVED,all,2,3
RFT29,HISTORICAL_FINAL256_OBSERVED,all,3,4
RFT29,HISTORICAL_FINAL256_OBSERVED,all,4,0
RFT29,HISTORICAL_FINAL256_OBSERVED,all,5,1
RFT29,HISTORICAL_FINAL256_OBSERVED,all,6,3
RFT29,HISTORICAL_FINAL256_OBSERVED,all,7,2
RFT29,HISTORICAL_FINAL256_OBSERVED,all,8,0
RFT29,HISTORICAL_FINAL256_OBSERVED,all,9,4
RFT29,HISTORICAL_FINAL256_OBSERVED,all,10,0
RFT29,HISTORICAL_FINAL256_OBSERVED,all,11,2
RFT29,HISTORICAL_FINAL256_OBSERVED,all,12,3
RFT29,HISTORICAL_FINAL256_OBSERVED,all,13,2
RFT29,HISTORICAL_FINAL256_OBSERVED,all,14,0
RFT29,HISTORICAL_FINAL256_OBSERVED,all,15,0
RFT29,HISTORICAL_FINAL256_OBSERVED,all,16,3
RFT29,HISTORICAL_FINAL256_OBSERVED,all,17,0
RFT29,HISTORICAL_FINAL256_OBSERVED,all,18,0
RFT29,HISTORICAL_FINAL256_OBSERVED,all,19,1
RFT29,HISTORICAL_FINAL256_OBSERVED,all,20,1
RFT29,HISTORICAL_FINAL256_OBSERVED,all,21,2
RFT29,HISTORICAL_FINAL256_OBSERVED,all,22,3
RFT29,HISTORICAL_FINAL256_OBSERVED,all,23,2
RFT29,HISTORICAL_FINAL256_OBSERVED,all,24,2
RFT29,HISTORICAL_FINAL256_OBSERVED,all,25,3
RFT29,HISTORICAL_FINAL256_OBSERVED,all,26,1
RFT29,HISTORICAL_FINAL256_OBSERVED,all,27,2
RFT29,HISTORICAL_FINAL256_OBSERVED,all,28,1
RFT29,HISTORICAL_FINAL256_OBSERVED,all,29,4
RFT29,HISTORICAL_FINAL256_OBSERVED,all,30,2
RFT29,HISTORICAL_FINAL256_OBSERVED,all,31,17
RFT29,HISTORICAL_FINAL256_OBSERVED,all,32,54
RFT29,HISTORICAL_FINAL256_OBSERVED,requires_mul_or_div,0,107
RFT29,HISTORICAL_FINAL256_OBSERVED,requires_mul_or_div,1,2
RFT29,HISTORICAL_FINAL256_OBSERVED,requires_mul_or_div,2,3
RFT29,HISTORICAL_FINAL256_OBSERVED,requires_mul_or_div,3,1
RFT29,HISTORICAL_FINAL256_OBSERVED,requires_mul_or_div,4,0
RFT29,HISTORICAL_FINAL256_OBSERVED,requires_mul_or_div,5,0
RFT29,HISTORICAL_FINAL256_OBSERVED,requires_mul_or_div,6,0
RFT29,HISTORICAL_FINAL256_OBSERVED,requires_mul_or_div,7,1
RFT29,HISTORICAL_FINAL256_OBSERVED,requires_mul_or_div,8,0
RFT29,HISTORICAL_FINAL256_OBSERVED,requires_mul_or_div,9,0
RFT29,HISTORICAL_FINAL256_OBSERVED,requires_mul_or_div,10,0
RFT29,HISTORICAL_FINAL256_OBSERVED,requires_mul_or_div,11,0
RFT29,HISTORICAL_FINAL256_OBSERVED,requires_mul_or_div,12,0
RFT29,HISTORICAL_FINAL256_OBSERVED,requires_mul_or_div,13,1
RFT29,HISTORICAL_FINAL256_OBSERVED,requires_mul_or_div,14,0
RFT29,HISTORICAL_FINAL256_OBSERVED,requires_mul_or_div,15,0
RFT29,HISTORICAL_FINAL256_OBSERVED,requires_mul_or_div,16,1
RFT29,HISTORICAL_FINAL256_OBSERVED,requires_mul_or_div,17,0
RFT29,HISTORICAL_FINAL256_OBSERVED,requires_mul_or_div,18,0
RFT29,HISTORICAL_FINAL256_OBSERVED,requires_mul_or_div,19,0
RFT29,HISTORICAL_FINAL256_OBSERVED,requires_mul_or_div,20,0
RFT29,HISTORICAL_FINAL256_OBSERVED,requires_mul_or_div,21,0
RFT29,HISTORICAL_FINAL256_OBSERVED,requires_mul_or_div,22,1
RFT29,HISTORICAL_FINAL256_OBSERVED,requires_mul_or_div,23,2
RFT29,HISTORICAL_FINAL256_OBSERVED,requires_mul_or_div,24,1
RFT29,HISTORICAL_FINAL256_OBSERVED,requires_mul_or_div,25,0
RFT29,HISTORICAL_FINAL256_OBSERVED,requires_mul_or_div,26,0
RFT29,HISTORICAL_FINAL256_OBSERVED,requires_mul_or_div,27,1
RFT29,HISTORICAL_FINAL256_OBSERVED,requires_mul_or_div,28,1
RFT29,HISTORICAL_FINAL256_OBSERVED,requires_mul_or_div,29,1
RFT29,HISTORICAL_FINAL256_OBSERVED,requires_mul_or_div,30,1
RFT29,HISTORICAL_FINAL256_OBSERVED,requires_mul_or_div,31,1
RFT29,HISTORICAL_FINAL256_OBSERVED,requires_mul_or_div,32,3
RFT43,CONFIRM128_RESERVED,add_sub_solvable,0,15
RFT43,CONFIRM128_RESERVED,add_sub_solvable,1,6
RFT43,CONFIRM128_RESERVED,add_sub_solvable,2,2
RFT43,CONFIRM128_RESERVED,add_sub_solvable,3,1
RFT43,CONFIRM128_RESERVED,add_sub_solvable,4,0
RFT43,CONFIRM128_RESERVED,add_sub_solvable,5,0
RFT43,CONFIRM128_RESERVED,add_sub_solvable,6,0
RFT43,CONFIRM128_RESERVED,add_sub_solvable,7,0
RFT43,CONFIRM128_RESERVED,add_sub_solvable,8,0
RFT43,CONFIRM128_RESERVED,add_sub_solvable,9,1
RFT43,CONFIRM128_RESERVED,add_sub_solvable,10,0
RFT43,CONFIRM128_RESERVED,add_sub_solvable,11,0
RFT43,CONFIRM128_RESERVED,add_sub_solvable,12,0
RFT43,CONFIRM128_RESERVED,add_sub_solvable,13,0
RFT43,CONFIRM128_RESERVED,add_sub_solvable,14,0
RFT43,CONFIRM128_RESERVED,add_sub_solvable,15,0
RFT43,CONFIRM128_RESERVED,add_sub_solvable,16,0
RFT43,CONFIRM128_RESERVED,add_sub_solvable,17,0
RFT43,CONFIRM128_RESERVED,add_sub_solvable,18,0
RFT43,CONFIRM128_RESERVED,add_sub_solvable,19,1
RFT43,CONFIRM128_RESERVED,add_sub_solvable,20,0
RFT43,CONFIRM128_RESERVED,add_sub_solvable,21,2
RFT43,CONFIRM128_RESERVED,add_sub_solvable,22,0
RFT43,CONFIRM128_RESERVED,add_sub_solvable,23,1
RFT43,CONFIRM128_RESERVED,add_sub_solvable,24,0
RFT43,CONFIRM128_RESERVED,add_sub_solvable,25,0
RFT43,CONFIRM128_RESERVED,add_sub_solvable,26,1
RFT43,CONFIRM128_RESERVED,add_sub_solvable,27,1
RFT43,CONFIRM128_RESERVED,add_sub_solvable,28,0
RFT43,CONFIRM128_RESERVED,add_sub_solvable,29,1
RFT43,CONFIRM128_RESERVED,add_sub_solvable,30,1
RFT43,CONFIRM128_RESERVED,add_sub_solvable,31,3
RFT43,CONFIRM128_RESERVED,add_sub_solvable,32,28
RFT43,CONFIRM128_RESERVED,all,0,70
RFT43,CONFIRM128_RESERVED,all,1,7
RFT43,CONFIRM128_RESERVED,all,2,3
RFT43,CONFIRM128_RESERVED,all,3,1
RFT43,CONFIRM128_RESERVED,all,4,0
RFT43,CONFIRM128_RESERVED,all,5,0
RFT43,CONFIRM128_RESERVED,all,6,0
RFT43,CONFIRM128_RESERVED,all,7,1
RFT43,CONFIRM128_RESERVED,all,8,0
RFT43,CONFIRM128_RESERVED,all,9,1
RFT43,CONFIRM128_RESERVED,all,10,1
RFT43,CONFIRM128_RESERVED,all,11,0
RFT43,CONFIRM128_RESERVED,all,12,0
RFT43,CONFIRM128_RESERVED,all,13,0
RFT43,CONFIRM128_RESERVED,all,14,0
RFT43,CONFIRM128_RESERVED,all,15,0
RFT43,CONFIRM128_RESERVED,all,16,0
RFT43,CONFIRM128_RESERVED,all,17,0
RFT43,CONFIRM128_RESERVED,all,18,0
RFT43,CONFIRM128_RESERVED,all,19,1
RFT43,CONFIRM128_RESERVED,all,20,0
RFT43,CONFIRM128_RESERVED,all,21,3
RFT43,CONFIRM128_RESERVED,all,22,0
RFT43,CONFIRM128_RESERVED,all,23,1
RFT43,CONFIRM128_RESERVED,all,24,0
RFT43,CONFIRM128_RESERVED,all,25,0
RFT43,CONFIRM128_RESERVED,all,26,2
RFT43,CONFIRM128_RESERVED,all,27,1
RFT43,CONFIRM128_RESERVED,all,28,0
RFT43,CONFIRM128_RESERVED,all,29,2
RFT43,CONFIRM128_RESERVED,all,30,2
RFT43,CONFIRM128_RESERVED,all,31,4
RFT43,CONFIRM128_RESERVED,all,32,28
RFT43,CONFIRM128_RESERVED,requires_mul_or_div,0,55
RFT43,CONFIRM128_RESERVED,requires_mul_or_div,1,1
RFT43,CONFIRM128_RESERVED,requires_mul_or_div,2,1
RFT43,CONFIRM128_RESERVED,requires_mul_or_div,3,0
RFT43,CONFIRM128_RESERVED,requires_mul_or_div,4,0
RFT43,CONFIRM128_RESERVED,requires_mul_or_div,5,0
RFT43,CONFIRM128_RESERVED,requires_mul_or_div,6,0
RFT43,CONFIRM128_RESERVED,requires_mul_or_div,7,1
RFT43,CONFIRM128_RESERVED,requires_mul_or_div,8,0
RFT43,CONFIRM128_RESERVED,requires_mul_or_div,9,0
RFT43,CONFIRM128_RESERVED,requires_mul_or_div,10,1
RFT43,CONFIRM128_RESERVED,requires_mul_or_div,11,0
RFT43,CONFIRM128_RESERVED,requires_mul_or_div,12,0
RFT43,CONFIRM128_RESERVED,requires_mul_or_div,13,0
RFT43,CONFIRM128_RESERVED,requires_mul_or_div,14,0
RFT43,CONFIRM128_RESERVED,requires_mul_or_div,15,0
RFT43,CONFIRM128_RESERVED,requires_mul_or_div,16,0
RFT43,CONFIRM128_RESERVED,requires_mul_or_div,17,0
RFT43,CONFIRM128_RESERVED,requires_mul_or_div,18,0
RFT43,CONFIRM128_RESERVED,requires_mul_or_div,19,0
RFT43,CONFIRM128_RESERVED,requires_mul_or_div,20,0
RFT43,CONFIRM128_RESERVED,requires_mul_or_div,21,1
RFT43,CONFIRM128_RESERVED,requires_mul_or_div,22,0
RFT43,CONFIRM128_RESERVED,requires_mul_or_div,23,0
RFT43,CONFIRM128_RESERVED,requires_mul_or_div,24,0
RFT43,CONFIRM128_RESERVED,requires_mul_or_div,25,0
RFT43,CONFIRM128_RESERVED,requires_mul_or_div,26,1
RFT43,CONFIRM128_RESERVED,requires_mul_or_div,27,0
RFT43,CONFIRM128_RESERVED,requires_mul_or_div,28,0
RFT43,CONFIRM128_RESERVED,requires_mul_or_div,29,1
RFT43,CONFIRM128_RESERVED,requires_mul_or_div,30,1
RFT43,CONFIRM128_RESERVED,requires_mul_or_div,31,1
RFT43,CONFIRM128_RESERVED,requires_mul_or_div,32,0
RFT43,HISTORICAL_FINAL256_OBSERVED,add_sub_solvable,0,37
RFT43,HISTORICAL_FINAL256_OBSERVED,add_sub_solvable,1,4
RFT43,HISTORICAL_FINAL256_OBSERVED,add_sub_solvable,2,1
RFT43,HISTORICAL_FINAL256_OBSERVED,add_sub_solvable,3,0
RFT43,HISTORICAL_FINAL256_OBSERVED,add_sub_solvable,4,2
RFT43,HISTORICAL_FINAL256_OBSERVED,add_sub_solvable,5,1
RFT43,HISTORICAL_FINAL256_OBSERVED,add_sub_solvable,6,1
RFT43,HISTORICAL_FINAL256_OBSERVED,add_sub_solvable,7,0
RFT43,HISTORICAL_FINAL256_OBSERVED,add_sub_solvable,8,0
RFT43,HISTORICAL_FINAL256_OBSERVED,add_sub_solvable,9,0
RFT43,HISTORICAL_FINAL256_OBSERVED,add_sub_solvable,10,0
RFT43,HISTORICAL_FINAL256_OBSERVED,add_sub_solvable,11,1
RFT43,HISTORICAL_FINAL256_OBSERVED,add_sub_solvable,12,0
RFT43,HISTORICAL_FINAL256_OBSERVED,add_sub_solvable,13,0
RFT43,HISTORICAL_FINAL256_OBSERVED,add_sub_solvable,14,0
RFT43,HISTORICAL_FINAL256_OBSERVED,add_sub_solvable,15,0
RFT43,HISTORICAL_FINAL256_OBSERVED,add_sub_solvable,16,0
RFT43,HISTORICAL_FINAL256_OBSERVED,add_sub_solvable,17,1
RFT43,HISTORICAL_FINAL256_OBSERVED,add_sub_solvable,18,1
RFT43,HISTORICAL_FINAL256_OBSERVED,add_sub_solvable,19,0
RFT43,HISTORICAL_FINAL256_OBSERVED,add_sub_solvable,20,1
RFT43,HISTORICAL_FINAL256_OBSERVED,add_sub_solvable,21,0
RFT43,HISTORICAL_FINAL256_OBSERVED,add_sub_solvable,22,0
RFT43,HISTORICAL_FINAL256_OBSERVED,add_sub_solvable,23,1
RFT43,HISTORICAL_FINAL256_OBSERVED,add_sub_solvable,24,1
RFT43,HISTORICAL_FINAL256_OBSERVED,add_sub_solvable,25,0
RFT43,HISTORICAL_FINAL256_OBSERVED,add_sub_solvable,26,0
RFT43,HISTORICAL_FINAL256_OBSERVED,add_sub_solvable,27,4
RFT43,HISTORICAL_FINAL256_OBSERVED,add_sub_solvable,28,1
RFT43,HISTORICAL_FINAL256_OBSERVED,add_sub_solvable,29,3
RFT43,HISTORICAL_FINAL256_OBSERVED,add_sub_solvable,30,4
RFT43,HISTORICAL_FINAL256_OBSERVED,add_sub_solvable,31,15
RFT43,HISTORICAL_FINAL256_OBSERVED,add_sub_solvable,32,49
RFT43,HISTORICAL_FINAL256_OBSERVED,all,0,142
RFT43,HISTORICAL_FINAL256_OBSERVED,all,1,7
RFT43,HISTORICAL_FINAL256_OBSERVED,all,2,3
RFT43,HISTORICAL_FINAL256_OBSERVED,all,3,2
RFT43,HISTORICAL_FINAL256_OBSERVED,all,4,3
RFT43,HISTORICAL_FINAL256_OBSERVED,all,5,2
RFT43,HISTORICAL_FINAL256_OBSERVED,all,6,3
RFT43,HISTORICAL_FINAL256_OBSERVED,all,7,1
RFT43,HISTORICAL_FINAL256_OBSERVED,all,8,0
RFT43,HISTORICAL_FINAL256_OBSERVED,all,9,0
RFT43,HISTORICAL_FINAL256_OBSERVED,all,10,0
RFT43,HISTORICAL_FINAL256_OBSERVED,all,11,1
RFT43,HISTORICAL_FINAL256_OBSERVED,all,12,0
RFT43,HISTORICAL_FINAL256_OBSERVED,all,13,0
RFT43,HISTORICAL_FINAL256_OBSERVED,all,14,1
RFT43,HISTORICAL_FINAL256_OBSERVED,all,15,0
RFT43,HISTORICAL_FINAL256_OBSERVED,all,16,0
RFT43,HISTORICAL_FINAL256_OBSERVED,all,17,3
RFT43,HISTORICAL_FINAL256_OBSERVED,all,18,1
RFT43,HISTORICAL_FINAL256_OBSERVED,all,19,0
RFT43,HISTORICAL_FINAL256_OBSERVED,all,20,1
RFT43,HISTORICAL_FINAL256_OBSERVED,all,21,1
RFT43,HISTORICAL_FINAL256_OBSERVED,all,22,0
RFT43,HISTORICAL_FINAL256_OBSERVED,all,23,1
RFT43,HISTORICAL_FINAL256_OBSERVED,all,24,1
RFT43,HISTORICAL_FINAL256_OBSERVED,all,25,2
RFT43,HISTORICAL_FINAL256_OBSERVED,all,26,0
RFT43,HISTORICAL_FINAL256_OBSERVED,all,27,4
RFT43,HISTORICAL_FINAL256_OBSERVED,all,28,1
RFT43,HISTORICAL_FINAL256_OBSERVED,all,29,5
RFT43,HISTORICAL_FINAL256_OBSERVED,all,30,6
RFT43,HISTORICAL_FINAL256_OBSERVED,all,31,15
RFT43,HISTORICAL_FINAL256_OBSERVED,all,32,50
RFT43,HISTORICAL_FINAL256_OBSERVED,requires_mul_or_div,0,105
RFT43,HISTORICAL_FINAL256_OBSERVED,requires_mul_or_div,1,3
RFT43,HISTORICAL_FINAL256_OBSERVED,requires_mul_or_div,2,2
RFT43,HISTORICAL_FINAL256_OBSERVED,requires_mul_or_div,3,2
RFT43,HISTORICAL_FINAL256_OBSERVED,requires_mul_or_div,4,1
RFT43,HISTORICAL_FINAL256_OBSERVED,requires_mul_or_div,5,1
RFT43,HISTORICAL_FINAL256_OBSERVED,requires_mul_or_div,6,2
RFT43,HISTORICAL_FINAL256_OBSERVED,requires_mul_or_div,7,1
RFT43,HISTORICAL_FINAL256_OBSERVED,requires_mul_or_div,8,0
RFT43,HISTORICAL_FINAL256_OBSERVED,requires_mul_or_div,9,0
RFT43,HISTORICAL_FINAL256_OBSERVED,requires_mul_or_div,10,0
RFT43,HISTORICAL_FINAL256_OBSERVED,requires_mul_or_div,11,0
RFT43,HISTORICAL_FINAL256_OBSERVED,requires_mul_or_div,12,0
RFT43,HISTORICAL_FINAL256_OBSERVED,requires_mul_or_div,13,0
RFT43,HISTORICAL_FINAL256_OBSERVED,requires_mul_or_div,14,1
RFT43,HISTORICAL_FINAL256_OBSERVED,requires_mul_or_div,15,0
RFT43,HISTORICAL_FINAL256_OBSERVED,requires_mul_or_div,16,0
RFT43,HISTORICAL_FINAL256_OBSERVED,requires_mul_or_div,17,2
RFT43,HISTORICAL_FINAL256_OBSERVED,requires_mul_or_div,18,0
RFT43,HISTORICAL_FINAL256_OBSERVED,requires_mul_or_div,19,0
RFT43,HISTORICAL_FINAL256_OBSERVED,requires_mul_or_div,20,0
RFT43,HISTORICAL_FINAL256_OBSERVED,requires_mul_or_div,21,1
RFT43,HISTORICAL_FINAL256_OBSERVED,requires_mul_or_div,22,0
RFT43,HISTORICAL_FINAL256_OBSERVED,requires_mul_or_div,23,0
RFT43,HISTORICAL_FINAL256_OBSERVED,requires_mul_or_div,24,0
RFT43,HISTORICAL_FINAL256_OBSERVED,requires_mul_or_div,25,2
RFT43,HISTORICAL_FINAL256_OBSERVED,requires_mul_or_div,26,0
RFT43,HISTORICAL_FINAL256_OBSERVED,requires_mul_or_div,27,0
RFT43,HISTORICAL_FINAL256_OBSERVED,requires_mul_or_div,28,0
RFT43,HISTORICAL_FINAL256_OBSERVED,requires_mul_or_div,29,2
RFT43,HISTORICAL_FINAL256_OBSERVED,requires_mul_or_div,30,2
RFT43,HISTORICAL_FINAL256_OBSERVED,requires_mul_or_div,31,0
RFT43,HISTORICAL_FINAL256_OBSERVED,requires_mul_or_div,32,1
SFT,CONFIRM128_RESERVED,add_sub_solvable,0,4
SFT,CONFIRM128_RESERVED,add_sub_solvable,1,1
SFT,CONFIRM128_RESERVED,add_sub_solvable,2,5
SFT,CONFIRM128_RESERVED,add_sub_solvable,3,2
SFT,CONFIRM128_RESERVED,add_sub_solvable,4,2
SFT,CONFIRM128_RESERVED,add_sub_solvable,5,4
SFT,CONFIRM128_RESERVED,add_sub_solvable,6,3
SFT,CONFIRM128_RESERVED,add_sub_solvable,7,3
SFT,CONFIRM128_RESERVED,add_sub_solvable,8,3
SFT,CONFIRM128_RESERVED,add_sub_solvable,9,4
SFT,CONFIRM128_RESERVED,add_sub_solvable,10,6
SFT,CONFIRM128_RESERVED,add_sub_solvable,11,1
SFT,CONFIRM128_RESERVED,add_sub_solvable,12,2
SFT,CONFIRM128_RESERVED,add_sub_solvable,13,2
SFT,CONFIRM128_RESERVED,add_sub_solvable,14,1
SFT,CONFIRM128_RESERVED,add_sub_solvable,15,3
SFT,CONFIRM128_RESERVED,add_sub_solvable,16,0
SFT,CONFIRM128_RESERVED,add_sub_solvable,17,2
SFT,CONFIRM128_RESERVED,add_sub_solvable,18,4
SFT,CONFIRM128_RESERVED,add_sub_solvable,19,1
SFT,CONFIRM128_RESERVED,add_sub_solvable,20,2
SFT,CONFIRM128_RESERVED,add_sub_solvable,21,1
SFT,CONFIRM128_RESERVED,add_sub_solvable,22,3
SFT,CONFIRM128_RESERVED,add_sub_solvable,23,0
SFT,CONFIRM128_RESERVED,add_sub_solvable,24,2
SFT,CONFIRM128_RESERVED,add_sub_solvable,25,2
SFT,CONFIRM128_RESERVED,add_sub_solvable,26,1
SFT,CONFIRM128_RESERVED,add_sub_solvable,27,0
SFT,CONFIRM128_RESERVED,add_sub_solvable,28,0
SFT,CONFIRM128_RESERVED,add_sub_solvable,29,0
SFT,CONFIRM128_RESERVED,add_sub_solvable,30,0
SFT,CONFIRM128_RESERVED,add_sub_solvable,31,0
SFT,CONFIRM128_RESERVED,add_sub_solvable,32,0
SFT,CONFIRM128_RESERVED,all,0,19
SFT,CONFIRM128_RESERVED,all,1,10
SFT,CONFIRM128_RESERVED,all,2,14
SFT,CONFIRM128_RESERVED,all,3,13
SFT,CONFIRM128_RESERVED,all,4,9
SFT,CONFIRM128_RESERVED,all,5,8
SFT,CONFIRM128_RESERVED,all,6,5
SFT,CONFIRM128_RESERVED,all,7,4
SFT,CONFIRM128_RESERVED,all,8,5
SFT,CONFIRM128_RESERVED,all,9,4
SFT,CONFIRM128_RESERVED,all,10,7
SFT,CONFIRM128_RESERVED,all,11,1
SFT,CONFIRM128_RESERVED,all,12,3
SFT,CONFIRM128_RESERVED,all,13,3
SFT,CONFIRM128_RESERVED,all,14,2
SFT,CONFIRM128_RESERVED,all,15,3
SFT,CONFIRM128_RESERVED,all,16,0
SFT,CONFIRM128_RESERVED,all,17,2
SFT,CONFIRM128_RESERVED,all,18,4
SFT,CONFIRM128_RESERVED,all,19,1
SFT,CONFIRM128_RESERVED,all,20,2
SFT,CONFIRM128_RESERVED,all,21,1
SFT,CONFIRM128_RESERVED,all,22,3
SFT,CONFIRM128_RESERVED,all,23,0
SFT,CONFIRM128_RESERVED,all,24,2
SFT,CONFIRM128_RESERVED,all,25,2
SFT,CONFIRM128_RESERVED,all,26,1
SFT,CONFIRM128_RESERVED,all,27,0
SFT,CONFIRM128_RESERVED,all,28,0
SFT,CONFIRM128_RESERVED,all,29,0
SFT,CONFIRM128_RESERVED,all,30,0
SFT,CONFIRM128_RESERVED,all,31,0
SFT,CONFIRM128_RESERVED,all,32,0
SFT,CONFIRM128_RESERVED,requires_mul_or_div,0,15
SFT,CONFIRM128_RESERVED,requires_mul_or_div,1,9
SFT,CONFIRM128_RESERVED,requires_mul_or_div,2,9
SFT,CONFIRM128_RESERVED,requires_mul_or_div,3,11
SFT,CONFIRM128_RESERVED,requires_mul_or_div,4,7
SFT,CONFIRM128_RESERVED,requires_mul_or_div,5,4
SFT,CONFIRM128_RESERVED,requires_mul_or_div,6,2
SFT,CONFIRM128_RESERVED,requires_mul_or_div,7,1
SFT,CONFIRM128_RESERVED,requires_mul_or_div,8,2
SFT,CONFIRM128_RESERVED,requires_mul_or_div,9,0
SFT,CONFIRM128_RESERVED,requires_mul_or_div,10,1
SFT,CONFIRM128_RESERVED,requires_mul_or_div,11,0
SFT,CONFIRM128_RESERVED,requires_mul_or_div,12,1
SFT,CONFIRM128_RESERVED,requires_mul_or_div,13,1
SFT,CONFIRM128_RESERVED,requires_mul_or_div,14,1
SFT,CONFIRM128_RESERVED,requires_mul_or_div,15,0
SFT,CONFIRM128_RESERVED,requires_mul_or_div,16,0
SFT,CONFIRM128_RESERVED,requires_mul_or_div,17,0
SFT,CONFIRM128_RESERVED,requires_mul_or_div,18,0
SFT,CONFIRM128_RESERVED,requires_mul_or_div,19,0
SFT,CONFIRM128_RESERVED,requires_mul_or_div,20,0
SFT,CONFIRM128_RESERVED,requires_mul_or_div,21,0
SFT,CONFIRM128_RESERVED,requires_mul_or_div,22,0
SFT,CONFIRM128_RESERVED,requires_mul_or_div,23,0
SFT,CONFIRM128_RESERVED,requires_mul_or_div,24,0
SFT,CONFIRM128_RESERVED,requires_mul_or_div,25,0
SFT,CONFIRM128_RESERVED,requires_mul_or_div,26,0
SFT,CONFIRM128_RESERVED,requires_mul_or_div,27,0
SFT,CONFIRM128_RESERVED,requires_mul_or_div,28,0
SFT,CONFIRM128_RESERVED,requires_mul_or_div,29,0
SFT,CONFIRM128_RESERVED,requires_mul_or_div,30,0
SFT,CONFIRM128_RESERVED,requires_mul_or_div,31,0
SFT,CONFIRM128_RESERVED,requires_mul_or_div,32,0
SFT,HISTORICAL_FINAL256_OBSERVED,add_sub_solvable,0,5
SFT,HISTORICAL_FINAL256_OBSERVED,add_sub_solvable,1,1
SFT,HISTORICAL_FINAL256_OBSERVED,add_sub_solvable,2,5
SFT,HISTORICAL_FINAL256_OBSERVED,add_sub_solvable,3,9
SFT,HISTORICAL_FINAL256_OBSERVED,add_sub_solvable,4,7
SFT,HISTORICAL_FINAL256_OBSERVED,add_sub_solvable,5,8
SFT,HISTORICAL_FINAL256_OBSERVED,add_sub_solvable,6,7
SFT,HISTORICAL_FINAL256_OBSERVED,add_sub_solvable,7,7
SFT,HISTORICAL_FINAL256_OBSERVED,add_sub_solvable,8,8
SFT,HISTORICAL_FINAL256_OBSERVED,add_sub_solvable,9,4
SFT,HISTORICAL_FINAL256_OBSERVED,add_sub_solvable,10,2
SFT,HISTORICAL_FINAL256_OBSERVED,add_sub_solvable,11,5
SFT,HISTORICAL_FINAL256_OBSERVED,add_sub_solvable,12,5
SFT,HISTORICAL_FINAL256_OBSERVED,add_sub_solvable,13,10
SFT,HISTORICAL_FINAL256_OBSERVED,add_sub_solvable,14,5
SFT,HISTORICAL_FINAL256_OBSERVED,add_sub_solvable,15,7
SFT,HISTORICAL_FINAL256_OBSERVED,add_sub_solvable,16,3
SFT,HISTORICAL_FINAL256_OBSERVED,add_sub_solvable,17,6
SFT,HISTORICAL_FINAL256_OBSERVED,add_sub_solvable,18,5
SFT,HISTORICAL_FINAL256_OBSERVED,add_sub_solvable,19,3
SFT,HISTORICAL_FINAL256_OBSERVED,add_sub_solvable,20,4
SFT,HISTORICAL_FINAL256_OBSERVED,add_sub_solvable,21,2
SFT,HISTORICAL_FINAL256_OBSERVED,add_sub_solvable,22,1
SFT,HISTORICAL_FINAL256_OBSERVED,add_sub_solvable,23,3
SFT,HISTORICAL_FINAL256_OBSERVED,add_sub_solvable,24,3
SFT,HISTORICAL_FINAL256_OBSERVED,add_sub_solvable,25,1
SFT,HISTORICAL_FINAL256_OBSERVED,add_sub_solvable,26,0
SFT,HISTORICAL_FINAL256_OBSERVED,add_sub_solvable,27,1
SFT,HISTORICAL_FINAL256_OBSERVED,add_sub_solvable,28,0
SFT,HISTORICAL_FINAL256_OBSERVED,add_sub_solvable,29,1
SFT,HISTORICAL_FINAL256_OBSERVED,add_sub_solvable,30,0
SFT,HISTORICAL_FINAL256_OBSERVED,add_sub_solvable,31,0
SFT,HISTORICAL_FINAL256_OBSERVED,add_sub_solvable,32,0
SFT,HISTORICAL_FINAL256_OBSERVED,all,0,47
SFT,HISTORICAL_FINAL256_OBSERVED,all,1,14
SFT,HISTORICAL_FINAL256_OBSERVED,all,2,26
SFT,HISTORICAL_FINAL256_OBSERVED,all,3,16
SFT,HISTORICAL_FINAL256_OBSERVED,all,4,18
SFT,HISTORICAL_FINAL256_OBSERVED,all,5,14
SFT,HISTORICAL_FINAL256_OBSERVED,all,6,12
SFT,HISTORICAL_FINAL256_OBSERVED,all,7,12
SFT,HISTORICAL_FINAL256_OBSERVED,all,8,13
SFT,HISTORICAL_FINAL256_OBSERVED,all,9,6
SFT,HISTORICAL_FINAL256_OBSERVED,all,10,4
SFT,HISTORICAL_FINAL256_OBSERVED,all,11,5
SFT,HISTORICAL_FINAL256_OBSERVED,all,12,8
SFT,HISTORICAL_FINAL256_OBSERVED,all,13,13
SFT,HISTORICAL_FINAL256_OBSERVED,all,14,5
SFT,HISTORICAL_FINAL256_OBSERVED,all,15,8
SFT,HISTORICAL_FINAL256_OBSERVED,all,16,4
SFT,HISTORICAL_FINAL256_OBSERVED,all,17,6
SFT,HISTORICAL_FINAL256_OBSERVED,all,18,5
SFT,HISTORICAL_FINAL256_OBSERVED,all,19,3
SFT,HISTORICAL_FINAL256_OBSERVED,all,20,5
SFT,HISTORICAL_FINAL256_OBSERVED,all,21,2
SFT,HISTORICAL_FINAL256_OBSERVED,all,22,1
SFT,HISTORICAL_FINAL256_OBSERVED,all,23,3
SFT,HISTORICAL_FINAL256_OBSERVED,all,24,3
SFT,HISTORICAL_FINAL256_OBSERVED,all,25,1
SFT,HISTORICAL_FINAL256_OBSERVED,all,26,0
SFT,HISTORICAL_FINAL256_OBSERVED,all,27,1
SFT,HISTORICAL_FINAL256_OBSERVED,all,28,0
SFT,HISTORICAL_FINAL256_OBSERVED,all,29,1
SFT,HISTORICAL_FINAL256_OBSERVED,all,30,0
SFT,HISTORICAL_FINAL256_OBSERVED,all,31,0
SFT,HISTORICAL_FINAL256_OBSERVED,all,32,0
SFT,HISTORICAL_FINAL256_OBSERVED,requires_mul_or_div,0,42
SFT,HISTORICAL_FINAL256_OBSERVED,requires_mul_or_div,1,13
SFT,HISTORICAL_FINAL256_OBSERVED,requires_mul_or_div,2,21
SFT,HISTORICAL_FINAL256_OBSERVED,requires_mul_or_div,3,7
SFT,HISTORICAL_FINAL256_OBSERVED,requires_mul_or_div,4,11
SFT,HISTORICAL_FINAL256_OBSERVED,requires_mul_or_div,5,6
SFT,HISTORICAL_FINAL256_OBSERVED,requires_mul_or_div,6,5
SFT,HISTORICAL_FINAL256_OBSERVED,requires_mul_or_div,7,5
SFT,HISTORICAL_FINAL256_OBSERVED,requires_mul_or_div,8,5
SFT,HISTORICAL_FINAL256_OBSERVED,requires_mul_or_div,9,2
SFT,HISTORICAL_FINAL256_OBSERVED,requires_mul_or_div,10,2
SFT,HISTORICAL_FINAL256_OBSERVED,requires_mul_or_div,11,0
SFT,HISTORICAL_FINAL256_OBSERVED,requires_mul_or_div,12,3
SFT,HISTORICAL_FINAL256_OBSERVED,requires_mul_or_div,13,3
SFT,HISTORICAL_FINAL256_OBSERVED,requires_mul_or_div,14,0
SFT,HISTORICAL_FINAL256_OBSERVED,requires_mul_or_div,15,1
SFT,HISTORICAL_FINAL256_OBSERVED,requires_mul_or_div,16,1
SFT,HISTORICAL_FINAL256_OBSERVED,requires_mul_or_div,17,0
SFT,HISTORICAL_FINAL256_OBSERVED,requires_mul_or_div,18,0
SFT,HISTORICAL_FINAL256_OBSERVED,requires_mul_or_div,19,0
SFT,HISTORICAL_FINAL256_OBSERVED,requires_mul_or_div,20,1
SFT,HISTORICAL_FINAL256_OBSERVED,requires_mul_or_div,21,0
SFT,HISTORICAL_FINAL256_OBSERVED,requires_mul_or_div,22,0
SFT,HISTORICAL_FINAL256_OBSERVED,requires_mul_or_div,23,0
SFT,HISTORICAL_FINAL256_OBSERVED,requires_mul_or_div,24,0
SFT,HISTORICAL_FINAL256_OBSERVED,requires_mul_or_div,25,0
SFT,HISTORICAL_FINAL256_OBSERVED,requires_mul_or_div,26,0
SFT,HISTORICAL_FINAL256_OBSERVED,requires_mul_or_div,27,0
SFT,HISTORICAL_FINAL256_OBSERVED,requires_mul_or_div,28,0
SFT,HISTORICAL_FINAL256_OBSERVED,requires_mul_or_div,29,0
SFT,HISTORICAL_FINAL256_OBSERVED,requires_mul_or_div,30,0
SFT,HISTORICAL_FINAL256_OBSERVED,requires_mul_or_div,31,0
SFT,HISTORICAL_FINAL256_OBSERVED,requires_mul_or_div,32,0
